Nome: CANAVIEIRAS
Codigo Estacao: 83398
Latitude: -15.67333332
Longitude: -38.96111111
Altitude: 4.71
Situacao: Fechada
Data Inicial: 1970-01-01
Data Final: 2021-07-30
Periodicidade da Medicao: Mensal

Data Medicao;DIRECAO PREDOMINANTE DO VENTO, MENSAL(° (gr));EVAPORACAO DO PICHE, MENSAL(mm);EVAPOTRANSPIRACAO POTENCIAL, BH MENSAL(mm);EVAPOTRANSPIRACAO REAL, BH MENSAL(mm);INSOLACAO TOTAL, MENSAL(h);NEBULOSIDADE, MEDIA MENSAL(décimos);NUMERO DE DIAS COM PRECIP. PLUV, MENSAL(número);PRECIPITACAO TOTAL, MENSAL(mm);PRESSAO ATMOSFERICA, MEDIA MENSAL(mB);TEMPERATURA MAXIMA MEDIA, MENSAL(°C);TEMPERATURA MEDIA COMPENSADA, MENSAL(°C);TEMPERATURA MINIMA MEDIA, MENSAL(°C);UMIDADE RELATIVA DO AR, MEDIA MENSAL(%);VENTO, VELOCIDADE MAXIMA MENSAL(m/s);VENTO, VELOCIDADE MEDIA MENSAL(m/s);VISIBILIDADE, MEDIA MENSAL(codigo);
1970-01-31;null;null;null;null;null;null;null;null;null;null;null;null;null;null;null;null;null;
1970-02-28;null;null;null;null;null;null;null;null;null;null;null;null;null;null;null;null;null;
1970-03-31;null;null;null;null;null;null;null;null;null;null;null;null;null;null;null;null;null;
1970-04-30;null;null;null;null;null;null;null;null;null;null;null;null;null;null;null;null;null;
1970-05-31;null;null;null;null;null;null;null;null;null;null;null;null;null;null;null;null;null;
1970-06-30;null;null;null;null;null;null;null;null;null;null;null;null;null;null;null;null;null;
1970-07-31;null;null;null;null;null;null;null;null;null;null;null;null;null;null;null;null;null;
1970-08-31;null;null;null;null;null;null;null;null;null;null;null;null;null;null;null;null;null;
1970-09-30;null;null;null;null;null;null;null;null;null;null;null;null;null;null;null;null;null;
1970-10-31;null;null;null;null;null;null;null;null;null;null;null;null;null;null;null;null;null;
1970-11-30;null;null;null;null;null;null;null;null;null;null;null;null;null;null;null;null;null;
1970-12-31;null;null;null;null;null;null;null;null;null;null;null;null;null;null;null;null;null;
1971-01-31;null;null;null;null;null;null;null;null;null;null;null;null;null;null;null;null;null;
1971-02-28;null;null;null;null;null;null;null;null;null;null;null;null;null;null;null;null;null;
1971-03-31;null;null;null;null;null;null;null;null;null;null;null;null;null;null;null;null;null;
1971-04-30;null;null;null;null;null;null;null;null;null;null;null;null;null;null;null;null;null;
1971-05-31;null;null;null;null;null;null;null;null;null;null;null;null;null;null;null;null;null;
1971-06-30;null;null;null;null;null;null;null;null;null;null;null;null;null;null;null;null;null;
1971-07-31;null;null;null;null;null;null;null;null;null;null;null;null;null;null;null;null;null;
1971-08-31;null;null;null;null;null;null;null;null;null;null;null;null;null;null;null;null;null;
1971-09-30;null;null;null;null;null;null;null;null;null;null;null;null;null;null;null;null;null;
1971-10-31;null;null;null;null;null;null;null;null;null;null;null;null;null;null;null;null;null;
1971-11-30;null;null;null;null;null;null;null;null;null;null;null;null;null;null;null;null;null;
1971-12-31;null;null;null;null;null;null;null;null;null;null;null;null;null;null;null;null;null;
1972-01-31;null;null;null;null;null;null;null;null;null;null;null;null;null;null;null;null;null;
1972-02-29;null;null;null;null;null;null;null;null;null;null;null;null;null;null;null;null;null;
1972-03-31;null;null;null;null;null;null;null;null;null;null;null;null;null;null;null;null;null;
1972-04-30;null;null;null;null;null;null;null;null;null;null;null;null;null;null;null;null;null;
1972-05-31;null;null;null;null;null;null;null;null;null;null;null;null;null;null;null;null;null;
1972-06-30;null;null;null;null;null;null;null;null;null;null;null;null;null;null;null;null;null;
1972-07-31;null;null;null;null;null;null;null;null;null;null;null;null;null;null;null;null;null;
1972-08-31;null;null;null;null;null;null;null;null;null;null;null;null;null;null;null;null;null;
1972-09-30;null;null;null;null;null;null;null;null;null;null;null;null;null;null;null;null;null;
1972-10-31;null;null;null;null;null;null;null;null;null;null;null;null;null;null;null;null;null;
1972-11-30;null;null;null;null;null;null;null;null;null;null;null;null;null;null;null;null;null;
1972-12-31;null;null;null;null;null;null;null;null;null;null;null;null;null;null;null;null;null;
1973-01-31;null;null;null;null;null;null;null;null;null;null;null;null;null;null;null;null;null;
1973-02-28;null;null;null;null;null;null;null;null;null;null;null;null;null;null;null;null;null;
1973-03-31;null;null;null;null;null;null;null;null;null;null;null;null;null;null;null;null;null;
1973-04-30;null;null;null;null;null;null;null;null;null;null;null;null;null;null;null;null;null;
1973-05-31;null;null;null;null;null;null;null;null;null;null;null;null;null;null;null;null;null;
1973-06-30;null;null;null;null;null;null;null;null;null;null;null;null;null;null;null;null;null;
1973-07-31;null;null;null;null;null;null;null;null;null;null;null;null;null;null;null;null;null;
1973-08-31;null;null;null;null;null;null;null;null;null;null;null;null;null;null;null;null;null;
1973-09-30;null;null;null;null;null;null;null;null;null;null;null;null;null;null;null;null;null;
1973-10-31;null;null;null;null;null;null;null;null;null;null;null;null;null;null;null;null;null;
1973-11-30;null;null;null;null;null;null;null;null;null;null;null;null;null;null;null;null;null;
1973-12-31;5;null;null;null;276.6;5.7;16;145.6;null;29.1;null;21;null;null;null;7;null;
1974-01-31;5;null;null;null;null;7.3;22;317.5;null;null;null;21.9;null;null;null;6.8;null;
1974-02-28;0;null;null;null;214;6.4;22;265.5;null;29.2;null;22.4;null;null;null;6.9;null;
1974-03-31;0;null;null;null;199;6.6;24;140.5;null;29.5;null;22.9;null;null;null;7;null;
1974-04-30;0;null;null;null;217.4;6.6;20;201.3;null;29;null;22.1;null;null;null;6.9;null;
1974-05-31;23;null;null;null;182.3;7.5;25;449.7;null;27.9;null;21.3;null;null;null;6.5;null;
1974-06-30;23;null;null;null;232.8;6.1;17;98.3;null;26.8;null;18.7;null;null;null;6.8;null;
1974-07-31;14;null;null;null;224.4;6.3;24;187.3;null;25.4;null;17.6;null;null;null;6.7;null;
1974-08-31;0;null;null;null;198;6.2;19;132.5;null;26.1;null;19.1;null;null;null;6.7;null;
1974-09-30;0;null;null;null;209.7;6.5;25;128.3;null;26.6;null;19.7;null;null;null;6.8;null;
1974-10-31;5;null;null;null;207.2;6.5;13;93.4;null;27.4;null;21.1;null;null;null;6.7;null;
1974-11-30;5;null;null;null;171.5;7.9;20;130.5;null;27.4;null;20.7;null;null;null;6;null;
1974-12-31;5;null;null;null;238.8;7.7;18;123.1;null;29.1;null;22;null;null;null;6.5;null;
1975-01-31;null;null;null;null;null;null;null;null;null;null;null;null;null;null;null;null;null;
1975-02-28;null;null;null;null;null;null;null;null;null;null;null;null;null;null;null;null;null;
1975-03-31;null;null;null;null;null;null;null;null;null;null;null;null;null;null;null;null;null;
1975-04-30;null;null;null;null;null;null;null;null;null;null;null;null;null;null;null;null;null;
1975-05-31;null;null;null;null;null;null;null;null;null;null;null;null;null;null;null;null;null;
1975-06-30;null;null;null;null;null;null;null;null;null;null;null;null;null;null;null;null;null;
1975-07-31;null;null;null;null;null;null;null;null;null;null;null;null;null;null;null;null;null;
1975-08-31;null;null;null;null;null;null;null;null;null;null;null;null;null;null;null;null;null;
1975-09-30;null;null;null;null;null;null;null;null;null;null;null;null;null;null;null;null;null;
1975-10-31;null;null;null;null;null;null;null;null;null;null;null;null;null;null;null;null;null;
1975-11-30;null;null;null;null;null;null;null;null;null;null;null;null;null;null;null;null;null;
1975-12-31;null;null;null;null;null;null;null;null;null;null;null;null;null;null;null;null;null;
1976-01-31;null;null;null;null;null;null;null;null;null;null;null;null;null;null;null;null;null;
1976-02-29;null;null;null;null;null;null;null;null;null;null;null;null;null;null;null;null;null;
1976-03-31;null;null;null;null;null;null;null;null;null;null;null;null;null;null;null;null;null;
1976-04-30;null;null;null;null;null;null;null;null;null;null;null;null;null;null;null;null;null;
1976-05-31;null;null;null;null;null;null;null;null;null;null;null;null;null;null;null;null;null;
1976-06-30;null;null;null;null;null;null;null;null;null;null;null;null;null;null;null;null;null;
1976-07-31;null;null;null;null;null;null;null;null;null;null;null;null;null;null;null;null;null;
1976-08-31;null;null;null;null;null;null;null;null;null;null;null;null;null;null;null;null;null;
1976-09-30;null;null;null;null;null;null;null;null;null;null;null;null;null;null;null;null;null;
1976-10-31;null;null;null;null;null;null;null;null;null;null;null;null;null;null;null;null;null;
1976-11-30;null;null;null;null;null;null;null;null;null;null;null;null;null;null;null;null;null;
1976-12-31;null;null;null;null;null;null;null;null;null;null;null;null;null;null;null;null;null;
1977-01-31;36;121.2;null;null;217.2;7.8;17;124.2;1011;29.5;25.9;22;81.2;10;3.9;58.9;null;
1977-02-28;0;106.5;null;null;197.3;7.1;23;131.5;1013.7;29.2;25.7;22;81.6;7;2.6;58.6;null;
1977-03-31;0;139.8;null;null;295;5.6;13;45.9;1011.8;30.2;26.4;21.5;75.3;7;2.4;63.1;null;
1977-04-30;0;108.4;null;null;205.4;7.1;19;106.2;1011.8;29.6;25.5;22.1;82;7;2.5;55.7;null;
1977-05-31;0;91.2;null;null;195.4;7.1;15;95.1;1014.5;27.6;23.1;19.7;85.2;6;2.5;53.7;null;
1977-06-30;0;68.4;null;null;156.6;7.2;19;270.5;1016.1;26.6;22.4;19.5;87.7;7;1.8;47.6;null;
1977-07-31;0;93.8;null;null;197.4;6.6;23;113.2;1017.6;26.3;22;18;83.7;7;1.8;54.4;null;
1977-08-31;0;110.6;null;null;250.4;5.3;13;36.1;1016.3;26.5;21.8;17;80.1;8;2.3;61.1;null;
1977-09-30;0;109.2;null;null;120.2;7.9;20;106.5;1016.3;26.6;23.1;19.3;81.2;8;2.8;55.2;null;
1977-10-31;5;101.4;null;null;112.8;8;26;501;1015;26.8;23.8;20.5;83.1;7;2.9;53.6;null;
1977-11-30;5;98.9;null;null;148.2;7.1;15;32.9;1011.9;28.8;25.5;22;82.1;12;4.6;59;null;
1977-12-31;0;96.8;null;null;151;7.8;18;206.3;1011.9;29.1;25.4;21.9;82.9;8;3.1;59.4;null;
1978-01-31;5;111.7;null;null;190.9;7.3;19;189.4;1012.7;29;25.8;22.5;84.5;8;3.4;55;null;
1978-02-28;0;79;null;null;138.5;8.2;14;338.3;1011.9;28.8;25.4;22.3;84.7;14;2.7;54.6;null;
1978-03-31;0;94.4;null;null;197.9;7.5;28;268.7;1012.7;29.1;25.6;22.5;84.9;9;2.5;58.9;null;
1978-04-30;0;79.1;null;null;158.9;7.4;22;208.8;1012.1;28.3;24.7;21.7;86.1;10;2.1;56.5;null;
1978-05-31;0;69;null;null;180.8;6.8;13;103.9;1013;27.9;23.8;20.4;86.3;8;2;58.4;null;
1978-06-30;0;66.6;null;null;148.8;7;17;130.2;1017.1;26.3;22.1;18.9;87.1;7;2.2;55.2;null;
1978-07-31;0;72.8;null;null;171.3;6.9;27;362.7;1016;26.5;22.8;19.8;86.9;8;2.2;56.1;null;
1978-08-31;0;98;null;null;206.3;6.3;19;151.8;1017.9;26.2;22;17.9;83.4;8;2.5;58.2;null;
1978-09-30;0;118.9;null;null;182.7;7.5;20;132.3;1017.2;26.3;22.7;19;79.1;9;3.5;56.7;null;
1978-10-31;5;106.5;null;null;176.6;6.6;10;72.5;1013.8;27.3;24.1;20.7;80.7;12;4.8;56.3;null;
1978-11-30;5;103.7;null;null;151.5;7.7;18;69.5;1013.1;27.8;24.5;20.7;80.8;12;4.4;58.9;null;
1978-12-31;5;112.7;null;null;172.5;7.6;18;73.4;1012.4;28.5;25.3;21.9;80.2;14;4.4;60.3;null;
1979-01-31;5;82.5;null;null;148;7.9;14;121.9;1010.9;28.7;25.4;22.4;82.9;10;3.2;56.2;null;
1979-02-28;5;92.2;null;null;150.2;7.5;20;118.7;1011.8;29.2;25.5;21.6;80.9;12;3.6;57;null;
1979-03-31;0;98.3;null;null;151.6;7.6;18;157.4;1011.9;29.1;25.5;21.9;81;7;2.5;55.6;null;
1979-04-30;0;80.9;null;null;191.6;6.8;15;196.8;1012.8;28.6;24.6;21.2;82.6;7;2.7;60.9;null;
1979-05-31;0;79.8;null;null;214.2;5.9;12;59.6;1014.1;28.2;24;19.9;82.4;9;2.2;61.4;null;
1979-06-30;23;70.3;null;null;146.1;6.8;21;119.9;1018.8;25.8;21.5;18.2;84.5;7;3.1;55.8;null;
1979-07-31;14;75.9;null;null;175.7;6.7;20;78.1;1019.1;25.8;21.5;17.8;83.6;7;2.8;56.6;null;
1979-08-31;5;98;null;null;177.6;6.5;22;160.3;1016.4;26.1;22.5;18.6;80.2;7;3.1;53.9;null;
1979-09-30;5;107.2;null;null;164.5;6.2;14;67.8;1016.3;26.2;22.7;19;78.9;8;4.3;52.8;null;
1979-10-31;5;104.4;null;null;157.6;7.1;17;149.6;1014.1;27.5;24.5;21.3;79.9;12;4.4;57.9;null;
1979-11-30;5;102.2;null;null;180.8;7.1;18;80.7;1011.6;28.2;25;21.4;79.3;9;4.4;55.7;null;
1979-12-31;5;102.4;null;null;248.1;6.1;11;41.4;1011.6;29.7;25.8;21.3;79;9;4.1;63;null;
1980-01-31;5;78.3;null;null;159.6;7.2;22;338.1;1011.5;29;25.7;22.6;83.5;8;3.5;56.3;null;
1980-02-29;0;79.8;null;null;143.2;7.8;25;220.4;1010.3;29;25.7;22.9;83.3;14;3.1;56.7;null;
1980-03-31;14;112;null;null;234.9;5.8;22;186.2;1013.2;29.1;25.4;21.3;78.4;9;3.1;63.3;null;
1980-04-30;5;80.3;null;null;195.5;6.6;14;114.7;1013;29.1;24.9;21.2;83.8;8;2.9;59.1;null;
1980-05-31;0;75.8;null;null;212.4;6.4;25;211.9;1015.5;28.1;23.9;20.3;85.5;6;2.3;58;null;
1980-06-30;23;61.1;null;null;152.7;7.4;22;190.7;1016.9;26.7;22.5;19.2;87.7;9;2.6;56.2;null;
1980-07-31;0;78.3;null;null;197.5;6.5;16;125.6;1017.5;26.3;21.7;17.8;84.7;9;2.6;58.9;null;
1980-08-31;5;106.4;null;null;209.1;6.2;20;101.2;1018;26.5;22.5;18.2;80.3;12;3.4;59.4;null;
1980-09-30;5;86.8;null;null;102.9;8;19;131;1015.9;26.3;23.1;19.4;80.4;12;4.1;55.8;null;
1980-10-31;5;117.1;null;null;225.1;5.8;12;118.9;1015.5;27.4;23.9;19.7;78.1;12;4.3;63.1;null;
1980-11-30;5;95.6;null;null;163.1;7.5;20;108.5;1012.4;27.9;24.5;21;81.9;12;3.9;56.2;null;
1980-12-31;5;68;null;null;149.2;7.5;19;188.8;1010.9;28.8;25.6;22.5;82.6;12;4.3;58.5;null;
1981-01-31;5;null;null;null;247.9;6.3;14;63.9;null;29.9;null;21.5;null;null;null;7.3;null;
1981-02-28;14;null;null;null;201.5;6.1;24;110.7;null;29.6;null;21.4;null;null;null;7.1;null;
1981-03-31;5;null;null;null;140.9;7.1;20;214.8;null;29.3;null;22.1;null;null;null;7.2;null;
1981-04-30;0;null;null;null;145.6;6.9;24;288.9;null;28.2;null;21.2;null;null;null;7;null;
1981-05-31;14;null;null;null;174.5;6.4;26;305.5;null;27.1;null;19.7;null;null;null;7.2;null;
1981-06-30;23;null;null;null;162.4;6.7;24;152.4;null;26.4;null;18.5;null;null;null;7.4;null;
1981-07-31;23;null;null;null;187.8;6.6;20;109.2;null;25.1;null;17.5;null;null;null;7.2;null;
1981-08-31;5;null;null;null;210.6;6;19;76.4;null;25.9;null;17.3;null;null;null;7.3;null;
1981-09-30;5;null;null;null;169.3;5.5;11;20.8;null;26.7;null;17.9;null;null;null;7.4;null;
1981-10-31;5;null;null;null;67.6;8.2;19;108.4;null;27;null;20.6;null;null;null;6.6;null;
1981-11-30;5;null;null;null;87.9;7.3;22;66.4;null;27.8;null;22.1;null;null;null;6.8;null;
1981-12-31;5;null;null;null;143.6;6.5;14;109;null;29;null;21.4;null;null;null;7.4;null;
1982-01-31;5;null;null;null;168;6.8;21;199.5;null;28.9;null;21.7;null;null;null;7.1;null;
1982-02-28;5;null;null;null;173;6.7;23;157;null;28.8;null;22;null;null;null;7.1;null;
1982-03-31;5;null;null;null;199.3;6.4;13;37.4;null;29.7;null;21.9;null;null;null;7.4;null;
1982-04-30;18;null;null;null;179.8;6.7;19;171.7;null;28.4;null;20.9;null;null;null;7.1;null;
1982-05-31;18;null;null;null;153.1;7.2;21;153.1;null;26.9;null;20;null;null;null;6.8;null;
1982-06-30;14;null;null;null;184.7;6.6;21;77.2;null;26.8;null;18.8;null;null;null;7;null;
1982-07-31;14;null;null;null;203.8;6.5;19;230.6;null;26.3;null;18.6;null;null;null;6.8;null;
1982-08-31;14;null;null;null;199.9;7.6;23;120.9;null;26.3;null;18.6;null;null;null;6.7;null;
1982-09-30;14;null;null;null;96.2;7.3;17;137.8;null;26.2;null;18.4;null;null;null;6.8;null;
1982-10-31;5;null;null;null;119.8;6.3;18;70.6;null;27.4;null;20;null;null;null;6.9;null;
1982-11-30;5;null;null;null;152.1;4.8;11;50.2;null;28.7;null;20.6;null;null;null;7.5;null;
1982-12-31;5;null;null;null;68.3;6.2;14;60.2;null;29.4;null;21.4;null;null;null;7.3;null;
1983-01-31;5;null;null;null;104.6;7.3;14;152.7;null;29.7;null;23;null;null;null;7;null;
1983-02-28;5;null;null;null;136.3;7;19;152.8;null;29.6;null;23;null;null;null;7.1;null;
1983-03-31;5;null;null;null;130.4;6.7;18;116.2;null;29.7;null;22.6;null;null;null;6.9;null;
1983-04-30;5;null;null;null;210.1;6;17;89.2;null;29.3;null;21.9;null;null;null;7.2;null;
1983-05-31;23;null;null;null;206.3;6.6;24;232.8;null;28.4;null;21.1;null;null;null;6.9;null;
1983-06-30;23;null;null;null;173.1;6.4;20;194.9;null;27.4;null;19.3;null;null;null;6.8;null;
1983-07-31;14;null;null;null;220.9;5.8;17;162.4;null;27;null;18.5;null;null;null;7.2;null;
1983-08-31;14;null;null;null;205.5;5.5;13;55.2;null;26.1;null;17.3;null;null;null;7.1;null;
1983-09-30;5;null;null;null;185;6.2;9;226.1;null;27.4;null;19.8;null;null;null;7;null;
1983-10-31;5;null;null;null;218.9;6.1;16;99.2;null;28.1;null;20.6;null;null;null;7.1;null;
1983-11-30;5;null;null;null;147.8;7.6;14;80.7;null;28.8;null;21.8;null;null;null;6.8;null;
1983-12-31;5;null;null;null;262.5;5.7;12;79.8;null;29.7;null;21.3;null;null;null;7.4;null;
1984-01-31;5;null;null;null;302.1;5;9;53.3;null;30.4;null;20.9;null;null;null;7.5;null;
1984-02-29;14;null;null;null;247.4;6.4;23;156.3;null;30.7;null;22.3;null;null;null;7;null;
1984-03-31;5;null;null;null;234.4;6;12;88;null;30.5;null;22.7;null;null;null;7.2;null;
1984-04-30;14;null;null;null;182.4;7.1;26;360.1;null;29;null;22.1;null;null;null;6.7;null;
1984-05-31;14;null;null;null;228.4;5.7;21;164.2;null;28.8;null;20.4;null;null;null;7;null;
1984-06-30;0;null;null;null;202.4;6.2;15;135.8;null;27.4;null;18.7;null;null;null;6.9;null;
1984-07-31;14;null;null;null;195.2;6.5;25;149.5;null;26.8;null;18.2;null;null;null;6.6;null;
1984-08-31;5;null;null;null;181.3;7.2;22;267.4;null;26.3;null;18.8;null;null;null;6.6;null;
1984-09-30;5;null;null;null;136.6;8.2;19;195.3;null;26.7;null;19.7;null;null;null;6.5;null;
1984-10-31;5;null;null;null;175.1;7.4;20;195.7;null;27.8;null;20.5;null;null;null;6.8;null;
1984-11-30;5;null;null;null;184.1;6.2;9;187.5;null;28.5;null;21;null;null;null;7.1;null;
1984-12-31;5;null;null;null;null;6.4;10;57.5;null;29.7;null;22.2;null;null;null;7.2;null;
1985-01-31;5;null;null;null;98.5;7.9;20;177.3;null;30.1;null;22.9;null;null;null;6.6;null;
1985-02-28;5;null;null;null;208.9;5.7;18;114;null;30.5;null;21.2;null;null;null;7.2;null;
1985-03-31;5;null;null;null;227.9;6.4;15;112.5;null;30.9;null;21.2;null;null;null;7.4;null;
1985-04-30;14;null;null;null;187.3;7.4;27;251.8;null;28.9;null;20.6;null;null;null;6.7;null;
1985-05-31;0;null;null;null;201.8;6.1;16;190.9;null;28.2;null;19.2;null;null;null;6.8;null;
1985-06-30;18;null;null;null;201.7;6.3;15;109.6;null;27;null;17.4;null;null;null;6.8;null;
1985-07-31;18;null;null;null;169;7;25;300.8;null;25.8;null;17.1;null;null;null;6.4;null;
1985-08-31;14;null;null;null;218.9;6.4;16;108.1;null;26.3;null;17.8;null;null;null;6.8;null;
1985-09-30;5;null;null;null;158.5;6.8;16;176.1;null;26.3;null;18.7;null;null;null;6.6;null;
1985-10-31;5;null;null;null;159.8;7.6;20;82.2;null;27.5;null;21.2;null;null;null;6.5;null;
1985-11-30;5;null;null;null;211.9;7.2;17;219.2;null;28.3;null;21.4;null;null;null;6.6;null;
1985-12-31;5;null;null;null;null;7.6;22;225.5;null;28.1;null;21.9;null;null;null;6.5;null;
1986-01-31;5;130.8;null;null;228.5;5.7;14;103.2;1011.7;29.7;26.2;21.7;75.6;9;3.4;60.5;null;
1986-02-28;5;113.7;null;null;247.8;6;13;47.3;1011.3;30.5;26.7;22.1;76.5;7;2.9;63;null;
1986-03-31;14;118.3;null;null;280.2;5.7;23;156;1011.7;30;26.2;21.6;76.1;7;2.4;61.1;null;
1986-04-30;14;104.4;null;null;247;6.2;14;98.7;1011.5;29.5;25.6;21.4;78;7;2.9;61;null;
1986-05-31;14;96.1;null;null;254.1;5.4;19;93.9;1013.7;28.9;24.8;20.5;79.3;7;2.6;60.6;null;
1986-06-30;14;null;null;null;193;6.2;25;223.9;null;26.7;null;18.7;null;null;null;6.5;null;
1986-07-31;14;75.5;null;null;191.9;6.6;17;105.3;1018.5;25.9;21.8;18;82.6;7;2.6;56.3;null;
1986-08-31;5;94.4;null;null;228.5;6.1;10;39.9;1015.7;27;22.9;18.4;79.9;9;3.2;57.9;null;
1986-09-30;5;null;null;null;204.6;6.8;22;91.5;null;26.5;null;18.1;null;null;null;6.9;null;
1986-10-31;5;102.9;null;null;188.6;7.2;16;175.4;1014.8;27.1;23.5;19.3;79.3;9;4;54.7;null;
1986-11-30;5;null;null;null;209.8;7;21;227.5;null;27.7;null;20.9;null;null;null;6.6;null;
1986-12-31;5;101.3;null;null;230.1;6.7;12;95.5;1012.5;29.4;25.8;21.7;81.7;9;4.2;58.5;null;
1987-01-31;5;104.2;null;null;252.2;5.8;11;94.6;1012.4;29.7;25.9;null;80.3;9;3.8;57.4;null;
1987-02-28;5;114.9;null;null;225.3;6.2;21;123.9;1013.4;30.4;26.4;null;81.4;7;2.7;57.9;null;
1987-03-31;5;85;null;null;null;6.7;22;157.3;1010.7;30;26.1;null;82.9;7;2.6;54.2;null;
1987-04-30;0;69.3;null;null;null;5.9;19;163.3;1012.7;29.8;25.5;null;83;0;null;58.3;null;
1987-05-31;5;79.5;null;null;249;5.5;13;78.8;1012.6;29.3;24.7;null;82.5;0;null;59.8;null;
1987-06-30;null;78.3;null;null;188.3;6.6;17;71.7;1016;27.7;22.7;null;84.6;0;null;54.8;null;
1987-07-31;null;81.2;null;null;220.5;6;22;167.2;1015.4;27.4;22.8;null;84.3;0;null;57.6;null;
1987-08-31;null;97;null;null;234.1;5.9;12;52.3;1015.7;27.4;22.6;null;82;null;null;60.8;null;
1987-09-30;14;103.8;null;null;null;6.7;14;57.4;1015.3;28.2;24.3;null;80.6;null;null;58.8;null;
1987-10-31;5;120.3;null;null;null;5.5;8;186;1012;29;25.4;null;79.6;null;null;60.3;null;
1987-11-30;5;88.9;null;null;175.8;7.3;16;106.4;1011.6;29.2;25.7;null;84.4;0;null;58.8;null;
1987-12-31;5;97.2;null;null;200.6;6.9;23;148.8;1011.7;29.5;26.2;null;82.4;null;null;57.8;null;
1988-01-31;5;114.3;null;null;283.4;5.9;13;83.4;1011.6;30.4;26.8;22.5;78.5;null;null;61.8;null;
1988-02-29;5;113.3;null;null;261.4;5.6;13;105.3;1010.1;30.8;26.8;22.1;78.4;null;null;60.9;null;
1988-03-31;5;96.6;null;null;205.5;6.4;16;136.5;1010.9;30;26;22.4;82.9;0;null;58.1;null;
1988-04-30;14;94.3;null;null;244.7;5.4;19;80.3;1011.7;30.2;26;21.7;81.8;null;null;60;null;
1988-05-31;0;80.7;null;null;241.5;5.3;11;103.3;1012.9;29.5;25.1;21.1;82.7;7;null;58.1;null;
1988-06-30;18;80.9;null;null;193.2;6.5;17;122.5;1015.8;27.3;22.7;19.1;84.5;0;null;60;null;
1988-07-31;18;null;null;null;168.6;6.9;28;185.2;null;25.4;null;null;null;null;null;6.7;null;
1988-08-31;14;99.2;null;null;210.4;6.5;25;84.1;1017.7;26.1;null;null;81.7;null;null;57.7;null;
1988-09-30;5;121.8;null;null;235.9;6;15;58.6;1016.3;27.3;null;null;76.7;null;null;62.3;null;
1988-10-31;5;115.5;null;null;227.8;6.7;18;91.3;1012.4;28.2;null;null;78.1;null;null;60.3;null;
1988-11-30;5;135.6;null;null;204.2;6.9;15;76.8;1012.8;29;null;null;77;null;null;59.8;null;
1988-12-31;5;118.5;null;null;218.5;6.5;21;204;1010.6;28.6;null;null;80.4;null;null;57.3;null;
1989-01-31;5;148.3;null;null;285.1;5.2;21;51.7;1011.4;30.3;null;null;74.2;9;3.4;63.2;null;
1989-02-28;5;139.2;null;null;280.9;5.4;13;14.7;1011.1;31.3;null;null;74.2;9;3.5;65.1;null;
1989-03-31;5;110;null;null;231.7;6.7;18;205.5;1010.1;30.9;null;null;79.9;9;2;56;null;
1989-04-30;14;null;null;null;245.7;5.6;18;255.5;null;29.6;null;null;null;null;null;7.2;null;
1989-05-31;0;null;null;null;188.1;6.6;21;244.7;null;27.9;null;null;null;null;null;6.8;null;
1989-06-30;14;null;null;null;162.1;6.7;17;250.8;null;26.7;null;null;null;null;null;6.8;null;
1989-07-31;18;null;null;null;203.9;6.3;17;129.2;null;26.3;null;null;null;null;null;6.9;null;
1989-08-31;14;null;null;null;182.3;6.8;15;125.1;null;26.4;null;null;null;null;null;6.9;null;
1989-09-30;5;null;null;null;null;6.1;8;21.7;null;27.1;null;null;null;null;null;7.2;null;
1989-10-31;5;null;null;null;null;7.3;15;120.3;null;28.3;null;null;null;null;null;7;null;
1989-11-30;5;null;null;null;165.9;7.2;12;92.8;null;28.9;null;null;null;null;null;7.1;null;
1989-12-31;null;null;null;null;null;null;null;null;null;null;null;null;null;null;null;null;null;
1990-01-31;5;null;null;null;null;5.9;16;58.2;null;29.6;null;null;null;null;null;7.3;null;
1990-02-28;5;null;null;null;224.9;6.4;9;143.7;null;30.2;null;null;null;null;null;7.2;null;
1990-03-31;5;null;null;null;null;5.8;14;144.2;null;30.2;null;null;null;null;null;7.4;null;
1990-04-30;5;null;null;null;null;6.3;15;110.3;null;29.9;null;null;null;null;null;7.3;null;
1990-05-31;5;null;null;null;null;5.7;12;132.9;null;28.7;null;null;null;null;null;7.1;null;
1990-06-30;18;null;null;null;null;7.2;19;259.9;null;27.3;null;null;null;null;null;6.6;null;
1990-07-31;23;null;null;null;null;6.7;16;117.8;null;26.7;null;null;null;null;null;6.5;null;
1990-08-31;18;null;null;null;null;7.5;22;337.3;null;26.1;null;null;null;null;null;6.7;null;
1990-09-30;5;null;null;null;null;6.8;17;66.5;null;26.9;null;null;null;null;null;6.5;null;
1990-10-31;5;null;null;null;null;7.6;26;384.9;null;27.1;null;null;null;null;null;6.6;null;
1990-11-30;5;null;null;null;null;6.5;11;149.5;null;28.7;null;null;null;null;null;7.2;null;
1990-12-31;36;null;null;null;null;6.6;11;124.5;null;29.3;null;null;null;null;null;7.1;null;
1991-01-31;5;null;null;null;null;7.5;13;107.2;null;29.7;null;null;null;null;null;7.1;null;
1991-02-28;null;null;null;null;null;null;null;null;null;null;null;null;null;null;null;null;null;
1991-03-31;null;null;null;null;null;null;null;null;null;null;null;null;null;null;null;null;null;
1991-04-30;null;null;null;null;null;null;null;null;null;null;null;null;null;null;null;null;null;
1991-05-31;null;null;null;null;null;null;null;null;null;null;null;null;null;null;null;null;null;
1991-06-30;null;null;null;null;null;null;null;null;null;null;null;null;null;null;null;null;null;
1991-07-31;null;null;null;null;null;null;null;null;null;null;null;null;null;null;null;null;null;
1991-08-31;null;null;null;null;null;null;null;null;null;null;null;null;null;null;null;null;null;
1991-09-30;5;null;null;null;null;6.6;5;22.4;null;27;null;null;null;null;null;7;null;
1991-10-31;5;null;null;null;null;7.4;13;129.2;null;27.6;null;null;null;null;null;6.8;null;
1991-11-30;36;null;null;null;112.1;8.1;18;226.9;null;27.7;null;17.8;null;null;null;6.9;null;
1991-12-31;36;null;null;null;208.8;6.9;6;122.5;null;null;null;16.8;null;null;null;7.3;null;
1992-01-31;36;null;null;null;105.6;8;24;293;null;null;null;null;null;null;null;6.5;null;
1992-02-29;14;null;null;null;151.6;8.2;22;235.3;null;null;null;null;null;null;null;6.8;null;
1992-03-31;9;null;null;null;170.4;7.4;25;235.5;null;null;null;null;null;null;null;7;null;
1992-04-30;5;null;null;null;212.9;6.9;12;85.9;null;null;null;null;null;null;null;7.1;null;
1992-05-31;0;null;null;null;201.3;7;14;94.9;null;null;null;null;null;null;null;7.1;null;
1992-06-30;23;null;null;null;140.6;7.4;18;251.9;null;null;null;null;null;null;null;6.7;null;
1992-07-31;23;null;null;null;164.8;6.9;17;114.3;null;null;null;null;null;null;null;6.9;null;
1992-08-31;14;null;null;null;133.8;7.6;17;172.9;null;25.7;null;15.7;null;null;null;6.7;null;
1992-09-30;5;null;null;null;null;7.6;15;null;null;26.5;null;19.7;null;null;null;6.8;null;
1992-10-31;5;null;null;null;193.2;7.4;13;310.2;null;null;null;22.5;null;null;null;6.9;null;
1992-11-30;5;null;null;null;169.6;7.5;18;265.8;null;null;null;null;null;null;null;7;null;
1992-12-31;36;null;null;null;147.3;8.1;16;145.7;null;null;null;null;null;null;null;6.8;null;
1993-01-31;5;null;null;null;270.2;6.5;null;25;1013.1;null;null;null;76.1;7;2.5;66.1;null;
1993-02-28;5;null;null;null;197.5;7;18;69.6;1012.9;null;null;null;77.6;5;1.5;65.2;null;
1993-03-31;5;null;null;null;9.9;5.3;null;45.6;1013.1;null;null;null;76.3;5;1.8;68.7;null;
1993-04-30;5;null;null;null;221.3;6.1;null;171.9;1012.6;null;null;null;80.2;5;2;68.6;null;
1993-05-31;18;null;null;null;177.1;6.8;null;158.3;1014.2;null;null;null;84.2;5;1.9;64.5;null;
1993-06-30;23;null;null;null;176.3;6.9;18;206.5;1017.4;null;null;null;89.1;6;1.6;59.2;null;
1993-07-31;5;null;null;null;191.6;6.6;null;82.7;1017.4;null;null;null;90.2;5;1.8;62.5;null;
1993-08-31;14;null;null;null;null;7.1;null;97.5;1017.8;26.3;21.6;16.3;90.5;6;2;59.7;null;
1993-09-30;5;null;null;null;176.3;6.9;null;57.5;1015;27.5;23.8;17.9;87.3;6;2.7;62.2;null;
1993-10-31;5;null;null;null;246;6.5;null;63.2;1014.6;28.1;24.9;21;88.1;7;2.7;62.9;null;
1993-11-30;5;null;null;null;231.1;6.6;null;58.7;1012.4;29;25.6;21.6;89;5;2.1;64.7;null;
1993-12-31;5;null;null;null;230;6.4;null;109.3;1011.8;29.3;26.1;22.5;91.8;6;1.9;64.4;null;
1994-01-31;5;null;null;null;280.4;5.5;null;23.6;1010.6;31;27.2;22.8;91.6;5;1.8;68.7;null;
1994-02-28;5;null;null;null;202.4;6.7;19;162.5;1011.5;30.5;26.6;22.6;90.3;6;2.2;61.6;null;
1994-03-31;5;null;null;null;217.2;6.3;null;51.3;1011.3;30.4;26.7;22.9;93.9;5;1.4;64.2;null;
1994-04-30;0;null;null;null;219.3;6.7;null;140.7;1013;29.7;25.6;22.3;93.1;5;1.5;62.8;null;
1994-05-31;0;null;null;null;199.1;6.4;null;82.6;1014.6;28.6;24.8;21.1;93.2;5;1.5;64.8;null;
1994-06-30;23;null;null;null;163.8;6.5;null;212.6;1016.2;27.3;23;19.5;92.9;6;2;61.2;null;
1994-07-31;23;null;null;null;170.2;6.7;21;118.6;1018.5;26.5;22.3;19.2;94.2;5;1.7;63.2;null;
1994-08-31;23;null;null;null;179.3;6.2;null;79.3;1018;26.5;22.1;18.2;92.5;5;1.9;64.5;null;
1994-09-30;9;null;null;null;null;6.8;null;88.1;1017.3;26.9;23.1;18.8;90.9;6;2.3;65.5;null;
1994-10-31;5;null;null;null;null;6.4;null;217.3;1014.4;28;24.3;20.1;91.3;6;2.3;65.3;null;
1994-11-30;5;null;null;null;208.4;6.5;null;114.1;1013.3;28.4;25.2;21.5;91.8;6;2.2;65;null;
1994-12-31;5;null;null;null;228.7;6.5;null;126.7;1012.4;29.4;26.1;22.2;91.9;5;2.2;65.3;null;
1995-01-31;5;null;null;null;7.3;5;null;21.6;1012;30.4;26.7;22.1;92.3;6;2.3;67.6;null;
1995-02-28;5;null;null;null;255.8;5.1;null;10.6;1011.9;31.4;27.6;22.9;89.6;6;1.9;67.9;null;
1995-03-31;5;null;null;null;235.2;6.2;null;108.8;1011.3;31.1;27;22.9;92.5;5;1.6;63;null;
1995-04-30;0;null;null;null;160.1;6.8;19;337.3;1011.4;29.4;25.9;22.8;94.2;4;1.3;59.3;null;
1995-05-31;0;null;null;null;146.4;6.5;20;173.4;1013.1;28.6;25.1;22;93.8;5;1.1;61.6;null;
1995-06-30;0;null;null;null;118.1;6.7;15;210.4;1016.5;27.3;22.9;19;93.5;5;1.2;60.7;null;
1995-07-31;14;null;null;null;151.4;6.7;22;172.4;1017;27;23.1;19.7;94.1;10.7;1.4;57.5;null;
1995-08-31;0;null;null;null;157.8;5.5;17;74.5;1017.6;27.2;23.3;19;92.8;4;1.3;65;null;
1995-09-30;5;null;null;null;231.7;6.1;null;40.4;1017.5;27.5;23.8;18.9;91.5;6;2;64.2;null;
1995-10-31;5;null;null;null;247.2;5.5;null;129;1013;28.8;25.3;21.1;91.3;6;2.3;63.5;null;
1995-11-30;5;null;null;null;174.6;6.7;15;90.3;1012.6;28.7;25.5;22.1;91.6;5;2.1;61.3;null;
1995-12-31;36;null;null;null;171.1;7;null;106.2;1010.7;29.2;26.2;23;92.6;5;2.2;60.5;null;
1996-01-31;5;null;null;null;310.3;5;null;156;1011.3;30.3;26.7;22.3;90.8;3;1.6;66.1;null;
1996-02-29;5;null;null;null;301.2;5.1;10;72.4;1010.9;30.9;27.2;22.3;79.3;5;1.8;66;null;
1996-03-31;5;null;null;null;273.2;6;null;78.7;1010.7;31.3;27.5;23;79.9;5;1.5;64.8;null;
1996-04-30;18;null;null;null;206.3;6.2;20;191.8;1012.4;30;26.1;21.7;81.9;5;1.4;62;null;
1996-05-31;14;null;null;null;null;5.8;null;23.4;1014.2;28.5;23.9;19.6;83.4;4;1.3;62.3;null;
1996-06-30;18;null;null;null;154.8;6.5;null;64.3;1017.1;27.1;22.7;18.5;84.7;6;1.8;60.2;null;
1996-07-31;23;null;null;null;153.6;6.4;null;114.5;1018.3;26.6;22;17.7;83.4;5;1.5;60.8;null;
1996-08-31;23;null;null;null;156;6;15;50.3;1017.2;25.7;22.1;17.6;79.8;5;1.8;61;null;
1996-09-30;5;null;null;null;210.3;6;16;99.5;1016;27;23.9;19.4;77.2;9;2.3;63.4;null;
1996-10-31;5;null;null;null;215.3;6.1;null;38.7;1013.1;28.1;25.1;21.2;79.4;5;2.4;65;null;
1996-11-30;5;null;null;null;191.1;7.2;16;291.9;1011.2;28.4;25.3;22.1;83.4;6;2.2;61;null;
1996-12-31;5;null;null;null;270;5.6;null;56.4;1011;29.6;26.4;22.2;80.1;6;2.3;67.6;null;
1997-01-31;5;null;null;null;260.3;6.2;16;112.6;1010.9;29.9;26.9;22.9;77;6;2.8;65.6;null;
1997-02-28;5;null;null;null;200.7;6.4;26;292.4;1012.9;29.3;26.1;22.3;79.6;4;1.6;60.3;null;
1997-03-31;5;null;null;null;116.9;7.7;24;604.8;1011.3;28.4;25.5;22.2;83.3;4;1.4;57.1;null;
1997-04-30;5;null;null;null;176.9;7.3;null;181.3;1012.8;28.5;25.3;21.7;80.5;5;2.1;59.2;null;
1997-05-31;23;null;null;null;177.8;6.2;18;93.9;1015.6;27.6;23.5;19.8;82.5;5;1.6;59.5;null;
1997-06-30;5;null;null;null;167.2;5.6;null;53.7;1014.2;27.1;23.3;19.4;82.9;5;1.5;62.7;null;
1997-07-31;23;null;null;null;171;6.1;17;131.6;1018.3;26.4;22.2;18.2;83.5;4;1.4;59;null;
1997-08-31;27;null;null;null;230.3;5;null;35.9;1018.8;26.4;22.4;17.2;78.5;5;1.7;62.5;null;
1997-09-30;5;null;null;null;206.5;6.4;null;86.7;1013.2;27.6;24.6;21;81.6;6;2.4;59.6;null;
1997-10-31;5;null;null;null;187.3;6.4;15;163.5;1012.2;28.1;25.2;22;80.3;7;2.7;58.4;null;
1997-11-30;5;null;null;null;286.2;4.9;null;131.7;1011.6;29.6;26.6;22.5;79.1;6;2.3;64.8;null;
1997-12-31;5;null;null;null;258;5.5;null;81.7;1011.3;30.2;27;22.9;80;6;2;66.2;null;
1998-01-31;5;null;null;null;245.4;5.8;null;116.2;1011;30.6;27.3;23.4;80.4;5;1.8;65;null;
1998-02-28;5;null;null;null;257.7;5;5;44.1;1012.4;31.2;27.9;23.8;78.8;5;1.8;67.5;null;
1998-03-31;5;null;null;null;242.9;6.5;16;166.4;1011.2;30.9;27.4;23.6;81.2;5;1.8;62.9;null;
1998-04-30;5;null;null;null;null;5.9;12;110;1012.4;30.4;null;22.7;null;5;2.1;64.9;null;
1998-05-31;0;null;null;null;182.4;6.3;15;131.7;1014.9;28.8;24.8;21.1;null;4;1.5;61.9;null;
1998-06-30;23;null;null;null;130.4;7;16;59.1;1018;27;22.7;19.2;null;5;1.6;60.7;null;
1998-07-31;23;null;null;null;172.9;6.5;13;108.8;1017.5;26.9;22.5;18.6;null;5;1.8;61.3;null;
1998-08-31;9;null;null;null;180.4;6.8;16;95.5;1016.9;27.2;23.7;19.5;null;5;1.9;61.9;null;
1998-09-30;5;null;null;null;222.3;6.4;11;84.3;1016.2;27.7;24.3;19.9;null;5;2;64;null;
1998-10-31;5;null;null;null;206.2;6.9;18;159.4;1014.1;28.2;25.3;21.8;null;5;2.4;62.2;null;
1998-11-30;36;null;null;null;106.5;8.6;22;253;1010.6;28;25.4;22.7;null;5;2;57;null;
1998-12-31;36;null;null;null;252.9;6.8;null;140.5;1010.8;29.6;26.7;23.1;null;5;2.7;65.2;null;
1999-01-31;5;null;null;null;263;7.1;15;112.8;1010.6;30;26.8;22.7;null;6;2.7;62.9;null;
1999-02-28;5;null;null;null;204.6;6.8;17;188.3;1011.8;29.7;26.6;22.7;null;5;2.2;61.9;null;
1999-03-31;5;null;null;null;229.1;6.4;null;82.3;1010.2;30.1;26.6;22.6;77.6;5;2.1;62.1;null;
1999-04-30;23;null;null;null;160.3;7.3;23;328;1013;29.4;25.5;22.2;85.2;6;2.2;59.7;null;
1999-05-31;18;null;null;null;146.6;7.1;15;322.7;1014.1;28.1;23.9;20.5;84.2;6;2.6;58.9;null;
1999-06-30;27;null;null;null;162.7;6.6;15;164.3;1015.1;27.6;23.3;19.5;84.7;5;2.2;60.2;null;
1999-07-31;23;null;null;null;153.9;7.3;22;369;1018.2;27;22.6;19.3;85.2;5;2;58.7;null;
1999-08-31;18;null;null;null;165.7;7;22;179.6;1018.7;26.1;21.8;17.7;81.7;5;2.4;60.5;null;
1999-09-30;5;null;null;null;199.9;6.4;19;72.5;1015.5;26.8;23.3;18.6;78.2;6;2.1;62.3;null;
1999-10-31;18;null;null;null;140.4;7.3;null;116.2;1015;27;23.6;19.7;79.9;5;2.5;59.3;null;
1999-11-30;5;null;null;null;117.6;7.6;18;206.7;1011.9;27.6;24.6;21.2;85.5;5;2.4;58.5;null;
1999-12-31;5;null;null;null;139;6.7;null;256.8;1011;28.9;25.8;22.3;83.2;6;2.3;63.3;null;
2000-01-31;5;null;null;null;221.2;6.3;14;79.1;1009.9;29.7;26.3;22.3;81.6;5;2.3;63.1;null;
2000-02-29;5;null;null;null;193.3;6;17;160.9;1011.5;30.2;26.4;22.2;82.7;5;1.9;63.8;null;
2000-03-31;0;null;null;null;183.9;6.8;21;189.4;1011;29.6;25.8;21.9;85.1;3;1.4;62.4;null;
2000-04-30;23;null;null;null;151;7.2;22;319.2;1012.5;28.9;25;21.3;85.8;4;1.6;60.3;null;
2000-05-31;23;null;null;null;181.4;6.4;15;167;1014.1;28.2;23.9;19.6;86.7;3;1.7;61.4;null;
2000-06-30;23;null;null;null;144.4;6.8;20;106.6;1016.4;26.8;22.4;18.3;86.6;4;1.6;61;null;
2000-07-31;23;null;null;null;158.7;7;20;163.6;1016.4;26.2;22.1;17.5;84.2;5;1.8;58.4;null;
2000-08-31;23;null;null;null;170.9;6.8;21;88.1;1017.5;26.1;22.2;17.7;83.9;6;1.9;62.1;null;
2000-09-30;9;null;null;null;182.2;7.2;18;68;1016.6;26.9;23.3;19.1;82.5;4;2.2;50.5;null;
2000-10-31;5;null;null;null;258.9;5.8;16;93.6;1016.2;28.4;25;20.5;77.7;5;2.5;46.5;null;
2000-11-30;5;null;null;null;223.6;7.1;14;128.9;1012.2;28.8;25.7;22.2;82.4;6;2.5;47;null;
2000-12-31;36;null;null;null;170.5;7.5;24;221.9;1012.3;28.9;25.8;22.9;84.1;5;2.2;46.6;null;
2001-01-31;5;null;null;null;293.3;6.3;21;86.7;1014.7;29.8;26.3;21.9;76.1;4;2.4;36.6;null;
2001-02-28;null;null;null;null;null;null;null;null;null;null;null;null;null;null;null;null;null;
2001-03-31;5;null;null;null;231;6.9;23;114.8;1013.9;30.1;26.4;22.1;80.7;4;1.9;35.3;null;
2001-04-30;5;null;null;null;216;6.2;25;112.4;1014.4;29.6;25.3;21;82;4;1.6;36.3;null;
2001-05-31;0;null;null;null;162.3;6.8;15;267.2;1014.2;28.4;24.6;20.7;85.7;5;1.6;35.7;null;
2001-06-30;9;null;null;null;178.5;6.7;21;177.1;null;27.5;22.8;19.2;84.2;null;null;5.4;null;
2001-07-31;23;null;null;null;177.6;6.9;20;117.5;null;26.8;22.5;18.6;84.8;null;null;5.3;null;
2001-08-31;23;null;null;null;179.8;7;24;130.6;null;26.5;22.3;18.6;81.2;null;null;12.1;null;
2001-09-30;5;104.5;null;null;192.4;7.2;14;61.9;1017.6;26.9;23.3;19.5;79.9;4.1;null;40.3;null;
2001-10-31;5;93.1;null;null;167.2;7.6;16;189.7;1015.7;27.4;24.2;20.9;82.6;5.2;2.2;93.4;null;
2001-11-30;5;134.5;null;null;229.8;6.6;10;34.7;1013.7;29.5;26.1;22.2;80.5;5.2;2.5;94.4;null;
2001-12-31;5;108.7;null;null;193.9;7;19;262.3;1013.7;29.1;26.1;23;80.3;4;2.1;38;null;
2002-01-31;5;92.5;null;null;195.5;7.4;23;225.5;1012.5;29.1;25.9;22.8;83;4;1.9;37.2;null;
2002-02-28;5;99.9;null;null;223.6;6.2;13;116.1;1013.4;29.8;26.2;22.5;78.3;4;1.7;38.7;null;
2002-03-31;9;96.2;null;null;255.5;6.2;19;234.4;1013.8;30.1;26.4;22.5;79.2;3;1.7;37.5;null;
2002-04-30;18;80.4;null;null;198.7;6.2;21;146.3;1013.4;29.7;25.5;21.9;82.9;3;1.5;36.3;null;
2002-05-31;0;85.9;null;null;201.4;6;15;122.3;1015.7;27.9;23.9;19.9;82.5;4;1.5;36.7;null;
2002-06-30;0;null;null;null;151.1;7.3;25;137.2;1019.2;27.7;23;19.7;85.3;3;1.3;36.7;null;
2002-07-31;0;null;null;null;142.7;7.2;24;174.5;1019.4;26.9;22.6;19.1;85.3;3;1.3;37.4;null;
2002-08-31;9;null;null;null;195.4;6.6;21;110.9;1019.9;26.9;23.1;18.8;79.7;3;1.5;36.7;null;
2002-09-30;5;null;null;null;163.7;7.8;19;193.2;1017.4;27.2;24;20.6;82.4;4;2;37.1;null;
2002-10-31;5;null;null;null;248.5;6.2;9;17.1;1015.8;28.6;25.1;20.6;76.3;5;2.4;36.7;null;
2002-11-30;5;null;null;null;210.1;6.7;10;84.9;1015.2;29;25.7;22.3;81.4;4;2.3;37.2;null;
2002-12-31;5;null;null;null;210.9;6.9;13;189.3;1013.3;29.9;26.3;22.2;81.5;4;2.1;35.8;null;
2003-01-31;5;null;162.1;162.1;275;6.6;6;8;1013.1;31;27.2;23.1;81.9;5;2.1;36.8;null;
2003-02-28;5;null;135;135;225.8;6.9;18;119.7;1014.4;30.5;26.7;22.5;82.6;4;1.9;36.9;null;
2003-03-31;5;null;146.3;146.3;227.7;7;19;137.3;1013.6;30.4;26.7;22.5;84.8;3;1.5;36.7;null;
2003-04-30;18;null;124.4;124.4;199.8;7.1;13;182.3;1014.5;30;26.1;22.2;86.7;4;1.5;35.9;null;
2003-05-31;18;null;104.2;104.2;151;7.9;15;168.1;1016.1;28.5;24.5;21;87.2;4;1.6;37.1;null;
2003-06-30;18;null;77.8;77.8;184.2;6.7;15;41.6;1017.5;27.8;22.6;18.6;86.4;3;1.1;36.7;null;
2003-07-31;18;null;75.7;75.7;150.9;8.1;21;141.6;1020.3;26.5;22.1;18.5;86.7;3;1.5;36.7;null;
2003-08-31;0;null;73.7;73.7;147.2;8.2;18;190.1;1019.4;26.4;22.4;19.3;87.7;9.5;1.6;37.1;null;
2003-09-30;5;null;null;null;208.8;7.8;11;40.4;1018.5;27.5;23.9;19.5;82.1;11;2.3;37.1;null;
2003-10-31;9;null;null;null;220.3;7.9;14;124.1;1016.4;28.1;24.5;20.5;80.2;4;2.5;36.9;null;
2003-11-30;5;null;null;null;223;7.8;20;75.2;1014.3;28.7;25.4;21.7;81.7;4;2.4;36.7;null;
2003-12-31;5;155.5;null;null;280.4;7;11;53.4;1013.6;30.5;26.7;22.4;76.1;4;2.5;36.7;null;
2004-01-31;5;128;null;null;180;8.3;22;140.5;1012.5;29.9;26.7;23;82.4;4;2.3;32.4;null;
2004-02-29;9;98.9;null;null;203.6;7.7;23;108.5;1014.1;30.2;26.6;22.8;83.5;3;1.8;30.7;null;
2004-03-31;0;74.9;null;null;135.8;8.5;25;242.9;1014.1;29.5;26;22.7;87.5;4;1;29.7;null;
2004-04-30;null;null;null;null;null;null;9;null;null;null;null;null;null;null;null;null;null;
2004-05-31;null;null;null;null;null;null;9;null;1016;28.6;24.6;21.1;90.1;2;.6;30.6;null;
2004-06-30;0;null;null;null;132.5;8;21;200.9;1020.7;27;22.8;19.6;92.1;3;.8;30.7;null;
2004-07-31;0;null;null;null;null;8.2;17;127.1;1019;26.4;22.5;19.2;91.8;3;1;31.3;null;
2004-08-31;null;null;null;null;null;null;2;null;null;null;null;null;null;null;null;null;null;
2004-09-30;9;126.3;null;null;232;7.2;10;38.5;1019.4;27.5;23.4;18.1;80;3;1.5;30.7;null;
2004-10-31;9;null;null;null;189.7;8;13;93.9;1016.4;28.3;24.8;20.8;null;4;2.4;31;null;
2004-11-30;5;126.8;null;null;201;7.9;18;178.3;1014.8;28.6;25.5;22.3;null;5.2;2.4;31;null;
2004-12-31;36;null;null;null;null;7;6;null;1013.5;30;26.3;21.9;null;5.2;2.3;30.8;null;
2005-01-31;36;111;null;null;216.1;7.3;16;158.2;1012.6;30;26.5;22.8;null;4.4;1.9;30;null;
2005-02-28;36;93.9;null;null;199.9;7.8;12;145.9;1012.6;30.3;26.6;23;null;4;1.7;30.7;null;
2005-03-31;0;97.7;null;null;235.5;7;17;203;1013.8;30.8;26.8;23;null;4;1;31.6;null;
2005-04-30;0;77.2;null;null;169.6;7.6;24;316.7;1015.5;29.8;25.7;22.2;null;3;1;34.6;null;
2005-05-31;18;73;null;null;173.8;7.5;18;178.8;1016.2;28.9;24.7;21.1;null;5;2;33.8;null;
2005-06-30;18;null;null;null;null;8;11;null;1018.2;27.8;23.5;19.4;85.2;5.2;2.2;37.8;null;
2005-07-31;18;74.7;null;null;125.3;7.2;17;130.9;1020.3;26.7;22;18.2;87.3;7;2;37;null;
2005-08-31;0;86.9;null;null;161.3;7.4;24;155.1;1019.8;26.7;22.7;19.3;86.5;7.6;1.8;36.7;null;
2005-09-30;5;99.1;null;null;157.3;7.8;19;127.3;1018;27.4;23.9;20.6;86.3;6;2.4;37.1;null;
2005-10-31;5;138.6;null;null;262.9;6.5;11;51.4;1016;28.8;25.2;20.8;87.8;7.2;3;36.7;null;
2005-11-30;36;96.4;null;null;145.7;8.2;22;264.6;1013.6;28.4;25;21.6;87.5;7;2.5;39.6;null;
2005-12-31;5;115.2;null;null;191.1;7.6;17;176.2;1012.6;29.6;26;22.2;84.1;7.2;2.4;37.6;null;
2006-01-31;5;126.5;null;null;265.2;6.7;23;100.9;1013.7;30;26.2;22.1;80.3;9.2;2.6;37.5;null;
2006-02-28;36;117.2;null;null;256.5;6.4;12;50.7;1011.8;30.9;27.1;22.9;79.4;8;2.8;38.1;null;
2006-03-31;0;97.6;null;null;200.6;7.3;20;155.5;1012.2;30.4;26.5;23.1;85.9;6;1.9;36.7;null;
2006-04-30;0;53;null;null;120.9;8;22;222.6;1012.6;29.1;25.3;22.6;89.1;8;1.8;37.9;null;
2006-05-31;0;69.9;89.7;89.7;168.6;7.1;15;164.1;1016.3;28.2;23.3;19.8;86.2;6;1.5;36.7;null;
2006-06-30;18;60;77.8;77.8;120.9;8;25;244.3;1019.2;26.6;22.3;19;86.7;5;2;36.7;null;
2006-07-31;0;68.3;68.8;68.8;175.8;6.8;15;66.2;1019.9;26.4;21.4;17.2;85.1;5;1.6;37.5;null;
2006-08-31;0;77.9;86.6;86.6;172.5;7.3;18;79.9;1018.7;26.7;22.9;18.8;82.1;5;1.7;36.7;null;
2006-09-30;36;93.5;89.3;89.3;144.9;7.3;16;116.8;1017.8;26.9;23.4;19.5;82.9;8.2;2.7;36.7;null;
2006-10-31;36;99.1;115.5;115.5;130.3;8.4;21;154.5;1015;27.8;24.5;21.5;84.6;6;2.3;36.5;null;
2006-11-30;36;94;125.4;125.4;224.4;6.8;16;137.6;1012.9;28.5;25.5;22.4;83.1;9;2.8;37.1;null;
2006-12-31;36;160.9;147.6;147.6;242.4;7.3;11;65.7;1013.9;29.8;26.3;22.3;82.2;7;2.2;36.7;null;
2007-01-31;36;174.2;160.3;78.8;255.2;7.4;7;60.7;1013.3;30.6;27;23.1;80.4;5;2.7;38;null;
2007-02-28;0;94.7;124.7;124.7;169.1;8.3;22;299.6;1013.3;29.7;26;22.9;85.6;11.6;2.2;37.1;null;
2007-03-31;5;87.4;136.8;136.8;241.8;6.8;23;165.2;1014.2;30;26.1;22.2;83;9.2;2;37;null;
2007-04-30;0;67.9;114.7;114.7;167;7.2;17;198.8;1014.2;29.7;25.3;21.8;86.6;6.8;1.7;36.7;null;
2007-05-31;0;61;90.8;90.8;159.7;6.6;15;218.6;1015.9;28.1;23.4;19.9;88.2;9.2;2.4;36.7;null;
2007-06-30;0;66.5;76.8;76.8;148.1;6.8;15;46.6;1018.7;27.4;22.2;18;85.9;6.8;1.7;36.7;null;
2007-07-31;0;72.6;78.8;78.8;158;7.3;14;81.9;1018.9;27.2;22.4;18.1;86.8;7;1.6;37.1;null;
2007-08-31;0;85.6;78.9;78.9;180.9;7;17;91.5;1020;26.9;22.2;18;81.5;9.5;2.3;37.1;null;
2007-09-30;0;105.3;91.6;91.6;190.7;7.2;16;80.8;1019.9;27.4;23.3;18.9;79.6;12.8;2;35.9;null;
2007-10-31;5;131;112.8;112.8;227.1;7.1;12;186.2;1016.4;27.9;24.5;20.5;79.3;8;2.9;36.7;null;
2007-11-30;36;127.9;123.9;123.9;200.6;7.2;11;206.2;1013.4;28.6;25.2;21.8;83.4;10.3;3.7;94.4;null;
2007-12-31;36;116.7;139.4;139.4;226.2;7.2;15;200.3;1013;29.4;25.8;22.1;83;11.6;2.6;37.5;null;
2008-01-31;0;132.5;140.1;140.1;238.6;7.1;12;147;1012.9;29.6;25.9;21.9;77.9;9.1;2.4;36.7;null;
2008-02-29;0;106;133.7;133.7;236.1;6.5;14;91.6;1012.6;30.2;26.3;22.1;81.4;12;3.1;37;null;
2008-03-31;0;98.7;141.3;141.3;225.2;6.3;12;204.5;1012.3;30.6;26.6;22.4;82.8;11.2;1.9;37.2;null;
2008-04-30;0;94.3;133;133;228.9;6.1;11;36.7;1011.9;30.9;26.6;22;83.5;4;1.7;38;null;
2008-05-31;0;81.4;97.9;18.5;199.7;6;6;16;1015.3;29.5;23.9;19.4;83.5;9.6;1.6;36.7;null;
2008-06-30;0;53.5;77.8;77.8;122.5;6.8;19;197;1017.9;27.5;22.6;18.9;88.1;9;1.7;36.7;null;
2008-07-31;0;76.8;66.9;66.9;178.3;6.2;13;96.7;1020;26.8;21.3;17.1;83.8;5;1.5;36.7;null;
2008-08-31;0;93.7;84.4;83;209.5;6.1;11;66.9;1018;27.1;22.7;17.9;81;8.6;1.4;36.8;null;
2008-09-30;5;105.8;97.8;79.6;164.4;7.1;10;45.3;1017.7;27.6;23.7;19.6;79.3;10;2.9;37.1;null;
2008-10-31;36;134.8;122.8;76.4;277.9;5.3;6;51;1016.7;28.9;25.2;20.6;76.9;10;3.9;36.8;null;
2008-11-30;36;106;124;124;137.8;7.3;11;210.2;1013.1;28.6;25.2;22.4;84.4;9;3;37.1;null;
2008-12-31;36;87.4;139.4;139.4;183.1;7.5;13;209.4;1012.1;29.2;25.7;22.4;83.8;11;2.7;36.7;null;
2009-01-31;0;91.2;151.7;151.6;244.4;7;14;148.1;1013.1;30.4;26.6;22.8;82.8;8;2.1;37.1;null;
2009-02-28;0;81.7;136.5;99.4;239.1;6.3;9;39.4;1012.8;30.9;26.8;22.4;79.1;5;1.6;37.6;null;
2009-03-31;0;74.2;151.3;151.3;202.8;6.5;13;234.3;1011.2;30.9;27.1;23;82.7;5;1.6;37.1;null;
2009-04-30;0;56.7;117.4;117.4;129;8;19;334.2;1013.3;29.6;25.6;22.5;88.2;4;1.2;36.2;null;
2009-05-31;0;52.8;96.7;96.7;136.4;7.3;14;179.2;1016.1;28.2;23.9;20.7;91.4;6;1;30.9;null;
2009-06-30;0;50.5;84.1;84.1;153.8;7.2;15;229.9;1017.5;27.6;23.2;19.9;88.4;6;1.1;36.7;null;
2009-07-31;0;65.2;85.3;85.3;186.2;5.9;14;128.4;1018.3;27.7;23;19;85;5;1.2;36.7;null;
2009-08-31;0;82.5;77.9;77.9;204.6;7.1;14;124.9;1018.4;27.6;23.1;18.9;82;5;1.6;36.7;null;
2009-09-30;36;125.8;98.9;88.5;202.8;6.8;5;49.6;1017.1;null;null;20.7;80.6;6;2.3;36.7;null;
2009-10-31;36;97.7;110;110;161.8;7.8;17;256.9;1013.3;null;null;21.7;85;8;2.5;36.8;null;
2009-11-30;36;123.9;122.4;86.6;267;5.5;9;24;1013.2;null;null;21.7;79.7;9;2.3;36.7;null;
2009-12-31;36;146.7;147.6;33.8;251;6.5;2;5.5;1013;null;null;22.5;78.5;9;2.9;37.1;null;
2010-01-31;9;153.5;143.3;44.8;319;6;11;39;1013.8;null;null;22.8;76.6;4;2.2;37.7;null;
2010-02-28;0;null;127.6;127.6;184.3;7.8;15;195.7;1013.6;null;null;23.2;80.3;4;1.5;37.3;null;
2010-03-31;0;75.7;161.5;161.5;176;7.3;17;291.9;1012.4;null;null;24.2;83.1;8;1.5;36.7;null;
2010-04-30;0;53.9;156.9;156.9;169.1;7.3;11;182.3;1013.8;null;null;null;81.7;4;1.8;37.3;null;
2010-05-31;0;53.9;137.7;137.7;157.2;6.8;12;158.6;1014.6;null;null;null;84.7;5;1.4;36.7;null;
2010-06-30;0;53.4;84.1;75.8;142;7;12;40.4;1018.9;27.3;null;null;87;10;1.7;36.7;null;
2010-07-31;0;61.5;89.8;89.8;158.8;7.8;28;241.2;1019.8;27;null;null;87.5;5;1.6;36.7;null;
2010-08-31;0;85;88.9;88.5;174;7;17;79.9;1020;26.5;null;null;83.6;8;2;36.7;null;
2010-09-30;9;106.1;82.6;82.6;170.6;7.3;16;84.1;1018.2;27.3;null;null;80.1;7;2.1;36.6;null;
2010-10-31;5;88.7;128.6;107.3;156.2;7.6;11;62.1;1014.4;28.1;null;null;84.3;6;1.9;38;null;
2010-11-30;36;98.1;147.3;147.3;173.5;7.8;12;190.5;1012.5;29.2;null;null;84.3;6;2.6;36.7;null;
2010-12-31;36;101.6;165;165;207.4;7.4;10;242;1010.5;29.7;null;null;83.5;6;2.6;36.7;null;
2011-01-31;0;112.1;171.2;171.2;261.2;7.1;15;176.3;1012.2;30.3;null;null;80.8;6;1.7;36.2;null;
2011-02-28;0;104.3;152.3;130.9;214.4;6.7;15;78.9;1012.8;30.3;null;null;79.5;4;1.1;37.1;null;
2011-03-31;0;90.6;187.1;187.1;178;7;13;220.5;1011.3;30.2;null;null;79.7;6;1.3;37.1;null;
2011-04-30;0;67;142.7;142.7;165.4;7.3;20;332.4;1013.7;30;null;null;82.8;3;.9;36.7;null;
2011-05-31;0;56.1;129.9;129.7;136.7;8.1;17;124.1;1015.6;28.3;null;null;88.2;5;1;36.7;null;
2011-06-30;0;62.2;120.6;115.6;128.2;7.1;17;92.5;1017.3;27.2;null;null;89.8;7;.8;36.7;null;
2011-07-31;0;76.4;124.9;124.9;158.8;6.9;16;143.4;1018.4;27;null;null;85.7;4;.9;36.7;null;
2011-08-31;0;100.1;130.7;121.1;199;6.1;9;92.7;1018.6;27.3;null;null;83.9;5;1.2;36.7;null;
2011-09-30;9;105;129.7;119.5;175.6;6.9;13;107.1;1020;27;null;null;82;5;2.2;37.1;null;
2011-10-31;5;107.4;144.1;144.1;152.9;7.6;18;188.8;1014.8;27.9;null;null;84.3;5;2.2;36.7;null;
2011-11-30;5;73.4;140;140;131.1;7.9;19;355.3;1014.4;27.2;null;null;85.5;5;1.2;36.7;null;
2011-12-31;5;84.2;153.6;128.2;194.3;6.8;15;72.8;1013.2;29.1;null;null;84.5;6;1.4;36.7;null;
2012-01-31;5;131.4;155.9;114;239.9;6.8;12;93.2;1014.2;30.1;null;null;79.9;4;1.7;36.7;null;
2012-02-29;0;98;151.5;111.7;248;6.6;17;102.5;1014.1;29.8;null;null;79.4;4;1.1;36.7;null;
2012-03-31;5;111.1;120.9;120.9;227.7;6.5;16;171.5;1014.2;29.7;null;null;79.5;4;1.4;36.7;null;
2012-04-30;0;105.2;135.9;91.4;228.4;5.3;14;55.4;1014;29.9;null;null;78.2;5;1.6;36.6;null;
2012-05-31;0;59.8;127.9;127.9;156;7.5;15;224.9;1016.6;28;null;null;88.4;4;1.2;36.6;null;
2012-06-30;0;60;122.9;122.9;164.8;6.7;20;164.1;1018.7;27.8;null;null;91.4;2;.4;31;null;
2012-07-31;0;79.8;126;126;163.8;6.9;18;169;1019;27.3;null;null;86.3;5;1.1;36.4;null;
2012-08-31;9;90.5;128.3;128.3;207.4;7.1;24;199.2;1021.3;27;null;null;83.2;6;2;36.7;null;
2012-09-30;36;92.2;130.9;130.9;182;7.3;1;137;1019.3;27.2;null;null;83.6;7;2.3;37.1;null;
2012-10-31;9;127.4;143.5;128.1;249.4;6.5;14;82.4;1016.4;28.1;null;null;81.5;6;2.1;36.7;null;
2012-11-30;0;74.9;145.2;145.2;124.3;8.6;18;178.2;1013;28.4;null;null;87.7;5;1.1;32.2;null;
2012-12-31;5;133.6;158.8;90.9;318.5;5.4;7;23.1;1012.9;30.6;null;null;78.8;4;2.2;35.6;null;
2013-01-31;5;117.1;157.1;157.1;205.3;7.4;16;205.2;1013.6;30.5;null;null;82.2;5;1.9;36.7;null;
2013-02-28;9;111.8;138.3;137.5;220.1;6.4;15;135.7;1013.8;30.3;null;null;80.2;4;1.5;36.7;null;
2013-03-31;9;124;150.5;91.8;264.3;6.2;6;54.3;1013.4;31.3;null;null;79.8;5;1.8;37.2;null;
2013-04-30;0;74.3;129;117.8;140.1;7.7;12;114.5;1014.6;29.7;24.9;20.2;86.6;5;1.3;36.7;null;
2013-05-31;0;69.4;127;127;184.6;6.5;14;254.2;1015.8;28.8;24;20.3;87.8;6;1;37.1;null;
2013-06-30;0;43.6;120.5;120.5;127.9;7.5;19;401.6;1017.3;28.1;23.2;20;91.5;4;.8;36.6;null;
2013-07-31;0;57.1;123.1;123.1;157;7.1;21;254.9;1018.8;27.6;22.7;19.5;88.5;5;.9;35.2;null;
2013-08-31;0;86.9;125.9;125.9;151.3;7;18;221.8;1018.7;27.3;22.7;18.6;84.2;4;1;36.7;null;
2013-09-30;9;94.2;128.2;128.2;144.3;7.9;19;246.8;1018.2;27.5;23.8;20.2;85.5;8;2;37.1;null;
2013-10-31;9;111.8;139.4;139.4;160.1;7.4;17;215.7;1016.9;27.5;24.2;21;83.8;7;1.7;30.5;null;
2013-11-30;9;124.8;142.4;142.4;221.3;7.2;13;241.5;1013.8;28.8;25.4;21.6;82.6;5;2.1;37.1;null;
2013-12-31;9;96.2;151.1;151.1;55.9;8.1;13;579.3;1012.3;29.1;25.9;22.2;87.9;6;2.4;37.6;null;
2014-01-31;9;120.4;151.1;151.1;240.9;7.2;4;191.3;1014.9;29.9;26.1;22.1;81.6;5;1.5;36.7;null;
2014-02-28;9;111.3;132.9;132.9;212.2;7.3;null;164.1;1014.2;30.2;26.1;21.7;83.2;4;1.6;36.7;null;
2014-03-31;9;97.3;141.8;141.8;178.9;7.4;null;287.8;1014.2;29.8;25.9;22.2;84.6;5;1.4;37;null;
2014-04-30;9;100.3;131.2;127;192.8;5.8;null;100.6;1014.2;29.9;25.5;21.3;82.8;8;1.4;37;null;
2014-05-31;0;73.1;127.7;127.4;166.2;6.5;null;126.6;1016;29;24.1;20.3;86.9;5;.7;33.6;null;
2014-06-30;0;66.9;118.8;118.8;148;7.2;null;218.5;1018.1;27.9;23;19.3;89.4;4;.8;36.6;null;
2014-07-31;0;62.9;121.7;121.7;138.9;8;null;248.5;1020.8;27;22.3;18.7;89.9;4;1.1;37.5;null;
2014-08-31;0;89.8;124.4;88.4;174.4;6.5;null;25.7;1020.1;27.2;22.2;17.6;81.9;10;.7;34.4;null;
2014-09-30;0;96.5;129.7;64.8;167.8;7;null;43.3;1018.9;27.7;23.8;19.3;null;6;.9;30;null;
2014-10-31;0;54;138.6;138.6;166.6;7.8;null;170.6;1017.4;28;24.1;19.9;82.5;10;1.8;35.9;null;
2014-11-30;0;98.6;141.2;141.2;162.6;7.4;null;172;1014.3;28.5;24.9;21.3;84;6;1.5;36.9;null;
2014-12-31;0;88.6;149.9;149.9;210.7;6.9;null;159.9;1014.8;29;25.5;21.4;null;5;.6;33.5;null;
2015-01-31;0;150.3;151.9;116.1;278.3;6.4;null;64.6;1015.6;30.5;26.3;20.9;79.7;5;1.6;37.1;null;
2015-02-28;0;111.9;134.4;134.4;189.7;7.3;null;220.3;1014.3;30.7;26.5;22.1;82.1;5;.9;36.7;null;
2015-03-31;0;129.8;144.9;121;214.4;5.6;null;66.9;1013.7;30.7;26.7;22.1;78.5;3;.5;35;null;
2015-04-30;0;89.3;132.6;85.5;164.1;6.3;null;62.3;1014.4;30.6;25.9;21.4;null;3;.6;32.5;null;
2015-05-31;0;65.3;126.6;126.6;147.8;7.1;15;373.8;1016.6;28.6;23.9;19.9;89.3;7;.9;36.7;null;
2015-06-30;0;54;116.4;116.4;143.1;8;null;415.1;1019.2;null;null;20;91;6;1.1;36.7;null;
2015-07-31;0;79.7;120.2;118.1;179;7.1;19;98.7;1019.6;null;null;18.9;88.9;6;1;36.7;null;
2015-08-31;9;89.2;120.7;120.7;203.5;6.8;null;184.2;1019.6;null;null;17.9;89.5;6;1.6;36.7;null;
2015-09-30;0;143.1;130.4;75.9;242.3;5.4;null;4.2;1016.9;null;null;19.9;77.3;7;1.8;36.7;null;
2015-10-31;0;149.2;139.8;71.7;254.8;6.4;null;55.6;1016.6;null;null;20.3;79;8;2.2;37.9;null;
2015-11-30;0;153.7;145.1;18;254.1;6.1;null;8.9;1012.8;null;null;23;78.8;9;1.9;36.4;null;
2015-12-31;0;116;152.8;9.8;312.6;5.4;null;7.4;1015.6;null;null;22.2;null;6;.7;30;null;
2016-01-31;0;null;152.3;152.3;195.7;8.2;null;281.2;1013;null;null;23.7;85;8.2;1.9;94.3;null;
2016-02-29;0;null;139.5;126;285.3;6.5;null;82.5;1014.5;null;null;22.4;82.7;8.2;1.6;95.3;null;
2016-03-31;0;null;null;null;251.9;6.6;null;61.9;1014.9;null;null;22.5;85.2;7.2;1.5;95.3;null;
2016-04-30;0;null;null;null;187.4;7.2;null;null;1014.9;null;null;null;null;5.1;1.2;95.3;null;
2016-05-31;0;null;124.4;91;152.3;7.1;null;88.9;1017.2;null;null;19.5;85.3;5.1;1.3;95.3;null;
2016-06-30;0;null;115.4;115.4;161.6;6.8;null;164.2;1018.4;null;null;18.7;null;5.1;.7;95.1;null;
2016-07-31;0;null;117.4;117.4;172.7;7.5;null;158.7;1020.4;null;null;17.4;null;5.1;.8;95;null;
2016-08-31;0;null;123.1;123.1;154.1;7.5;null;153.3;1019;null;null;18;85.6;6.2;1.2;95.3;null;
2016-09-30;0;null;136.3;122.5;188.9;7.3;null;78.6;1018.3;null;null;18.3;81.7;6.2;1.7;95.3;null;
2016-10-31;0;null;138.4;138.4;172.6;7.6;null;244.8;1015.5;null;null;20.2;86.2;9.3;1.6;95.3;null;
2016-11-30;0;null;138.5;138.5;178.5;7.9;null;374.2;1014.7;null;null;20.9;null;6.2;.8;95;null;
2016-12-31;0;86.8;147.9;116;223.8;6.8;null;56.4;1014;null;null;21.2;82;5;1.1;35.9;null;
2017-01-31;0;133.1;150.6;67.7;321.5;5.6;null;41.2;1014.1;null;null;20.6;76.2;5.1;1.3;37;null;
2017-02-28;0;90.3;129.7;129.7;189.2;7.5;null;145.3;1013.9;null;null;20.8;81.4;4;1;38;null;
2017-03-31;0;89.8;137.9;137.9;202.4;6.7;null;209.4;1013.4;null;null;20.3;82.7;5;1.2;37.1;null;
2017-04-30;0;62.7;126.5;126.5;187.3;6.5;null;300.2;1014.6;null;null;20.2;86.9;4.1;1;36.7;null;
2017-05-31;0;59.5;122.3;122.3;127.9;7.7;null;195.4;1016.3;null;null;19;88.3;5;1.2;36.7;null;
2017-06-30;0;55.8;114.7;114.7;171.2;6.3;null;202.5;1018.2;null;null;17.3;87.8;6;.8;37.1;null;
2017-07-31;0;57.9;112.5;112.5;134.9;8.7;null;246.2;1023.3;null;null;15.9;null;5;1;31.7;null;
2017-08-31;0;62.7;115.4;107.5;156.3;7.4;null;72.8;1019.4;null;null;15;87.7;5;1.3;34.5;null;
2017-09-30;0;88.6;121.1;108.3;154.9;7.7;null;91.6;1020.9;null;null;16.9;79.9;10;1.6;36.6;null;
2017-10-31;0;104.5;136.7;59.9;217.7;7;null;27.6;1016.6;null;null;18.7;null;8.2;1.6;33.1;null;
2017-11-30;0;79.4;137.2;137.2;187;7.1;null;138.9;1013.3;null;null;19.1;85.5;6;1.3;36.1;null;
2017-12-31;0;76.9;147;101.6;134.1;7.9;11;94.2;1012.8;null;null;20.7;null;5;.7;31.2;null;
2018-01-31;0;108.5;147;130.9;238.3;6.4;10;129.2;1013.8;null;null;19.9;78.9;6;1.6;36.5;null;
2018-02-28;0;66.4;128.9;128.9;156.6;7.5;12;189.3;1012.6;null;null;20.4;83.5;5;1.3;36.7;null;
2018-03-31;0;73.4;138.3;138.3;156.6;7;null;283.1;1012.3;null;null;20.4;85.7;5;1.4;36.7;null;
2018-04-30;0;51.1;122.5;122.5;150.3;7.3;19;157.5;1015.3;null;null;18.8;87.6;5;1.1;36.7;null;
2018-05-31;0;47.8;120.8;120.8;138.1;7.4;22;444.2;1016.9;null;null;18.3;89.3;5;1;37.1;null;
2018-06-30;0;30.8;112.6;112.6;116.8;7.6;21;236.3;1019.1;null;null;17;91.3;5;1.4;36.7;null;
2018-07-31;0;null;114.4;114.4;163.9;7.1;null;127.9;1019.4;null;null;15.8;88.6;4;.9;37.5;null;
2018-08-31;0;null;122.2;120.8;176.4;6.6;null;104.9;1019.3;null;null;16.3;83;5;1.2;36.7;null;
2018-09-30;0;null;125.2;125.2;88.2;6.9;null;150.8;1016.9;null;null;17.5;null;10;1;33.4;null;
2018-10-31;0;null;138.6;106.4;87.2;7.3;10;46.1;1015.2;null;null;18.8;null;8;1.5;33.5;null;
2018-11-30;0;null;139.2;139.2;90.8;7.3;12;205.1;1014.3;null;null;19.7;79.8;6;1.5;36.7;null;
2018-12-31;0;null;146.2;146.2;191.8;6.9;11;160.3;1013.9;null;null;19.6;81.6;7;1.7;36.7;null;
2019-01-31;0;null;148.6;110.8;313.1;5.2;null;47;1015.4;null;null;19.4;74.6;3;1;37.2;null;
2019-02-28;0;null;134.7;33.5;250.4;5.6;3;7.4;1012.6;null;null;20.6;76.3;5;1.6;37.3;null;
2019-03-31;0;null;141.8;74.3;197;6.5;7;69.1;1013.3;null;null;20.3;80.6;5;1.2;37.1;null;
2019-04-30;0;null;131.2;70.3;202.2;5.5;17;68;1013.3;null;null;20;82.7;3;.9;37.1;null;
2019-05-31;0;null;126.3;126.3;177.3;6.5;14;174.8;1014.5;null;null;19;88.3;3;.7;37.2;null;
2019-06-30;0;null;114;114;148.5;6.9;21;151.7;1018.9;null;null;16.7;87.7;8;1;36.7;null;
2019-07-31;0;null;115.5;115.5;148.2;6.7;18;120.3;1018.8;null;null;15.7;87.2;5;1.1;36.7;null;
2019-08-31;0;null;121.5;121.5;156;6.9;null;140.2;1020.8;null;null;15.9;84.3;5;.9;39.1;null;
2019-09-30;0;null;127.4;127.4;178.2;6.9;null;164.4;1018.2;null;null;16.8;83;6;1.4;36.7;null;
2019-10-31;9;null;137.5;128.3;219.4;6.5;null;91.4;1015.7;null;null;17.9;78.8;5;1.5;36.4;null;
2019-11-30;0;null;140.4;69;266.3;5.9;null;26;1013.2;null;null;18.8;null;6;1;30;null;
2019-12-31;0;null;null;null;232.7;6.6;null;105.2;1013.8;null;null;18.9;null;4;.6;30.3;null;
2020-01-31;0;null;null;null;242.6;6.7;7;34;1013.3;null;null;19.5;null;4;.6;30;null;
2020-02-29;0;null;null;null;235.6;7.3;7;54.7;1013.3;null;null;19.5;79.4;4;1;36.7;null;
2020-03-31;0;null;null;null;173.3;7.7;null;195;1012.8;null;null;19.4;84.8;3;.8;35.2;null;
2020-04-30;0;null;null;null;150.7;7.2;14;239;1014.9;null;null;18.9;null;2;.5;31.2;null;
2020-05-31;0;null;null;null;112;6.8;null;178.9;1017.1;null;null;17.2;null;3;.3;30;null;
2020-06-30;0;null;null;null;101;7.1;13;222;1018.5;null;null;15.8;null;4;.3;31.2;null;
2020-07-31;0;null;null;null;135.7;6.8;15;126.8;1018.8;null;null;14.6;null;4;.3;30.6;null;
2020-08-31;0;null;null;null;124;7.3;15;148.9;1019.2;null;null;14.5;null;3.1;.3;30.8;null;
2020-09-30;0;null;null;null;180.8;6.2;9;71.5;1018.4;null;null;15.4;null;3;.4;30.8;null;
2020-10-31;0;null;null;null;130.1;7.2;9;315.6;1014.7;null;null;17.8;null;8;.9;30.2;null;
2020-11-30;0;null;null;null;86.5;8.1;13;245.2;1013.7;null;null;17.8;null;6;.7;30;null;
2020-12-31;0;null;null;null;null;6.1;9;104.8;1013.3;null;null;17.8;null;3.1;.4;30;null;
2021-01-31;0;null;null;null;null;6.5;14;95;1013.7;null;null;18.1;null;2.1;.2;93.3;null;
2021-02-28;0;null;null;null;null;7;11;54.1;1012.2;null;null;18.3;null;3.1;.3;94.9;null;
2021-03-31;0;null;null;null;null;4.5;5;38.8;1013.2;null;null;16.7;null;1;.1;94.9;null;
2021-04-30;0;null;null;null;null;7.1;9;97.9;1013.5;null;null;16.9;null;5.1;.2;95;null;
2021-05-31;0;null;null;null;null;5.4;4;66.6;1016.2;null;null;null;null;3.1;.2;95;null;
2021-06-30;0;null;null;null;null;5.8;11;147.8;1017.4;null;null;13.9;null;2.1;.2;95;null;
2021-07-31;0;null;null;null;null;6;7;null;1020;null;null;12.9;null;2.1;.2;94.9;null;

