Nome: SALVADOR (ONDINA)
Codigo Estacao: 83229
Latitude: -13.00583333
Longitude: -38.50583333
Altitude: 47.35
Situacao: Operante
Data Inicial: 1970-01-01
Data Final: 2024-11-30
Periodicidade da Medicao: Mensal

Data Medicao;DIRECAO PREDOMINANTE DO VENTO, MENSAL(° (gr));EVAPORACAO DO PICHE, MENSAL(mm);EVAPOTRANSPIRACAO POTENCIAL, BH MENSAL(mm);EVAPOTRANSPIRACAO REAL, BH MENSAL(mm);INSOLACAO TOTAL, MENSAL(h);NEBULOSIDADE, MEDIA MENSAL(décimos);NUMERO DE DIAS COM PRECIP. PLUV, MENSAL(número);PRECIPITACAO TOTAL, MENSAL(mm);PRESSAO ATMOSFERICA AO NIVEL DO MAR, MEDIA MENSAL(mB);PRESSAO ATMOSFERICA, MEDIA MENSAL(mB);TEMPERATURA MAXIMA MEDIA, MENSAL(°C);TEMPERATURA MEDIA COMPENSADA, MENSAL(°C);TEMPERATURA MINIMA MEDIA, MENSAL(°C);UMIDADE RELATIVA DO AR, MEDIA MENSAL(%);VENTO, VELOCIDADE MAXIMA MENSAL(m/s);VENTO, VELOCIDADE MEDIA MENSAL(m/s);VISIBILIDADE, MEDIA MENSAL(codigo);
1970-01-31;0;79.2;null;null;216.3;5.7;13;192.1;null;1007.2;29.3;26.1;24;83.4;7;1.2;64.8;
1970-02-28;14;91.7;null;null;233;5.6;16;164.5;null;1007.6;30.2;26.6;24;80.1;6;1.4;67.7;
1970-03-31;14;96.7;null;null;256.9;5.7;21;73;null;1007.6;30.1;26.6;23.9;78.1;8;1.3;67.3;
1970-04-30;0;78.3;null;null;184.3;5.7;16;205.1;null;1008;29.2;25.7;23;80.9;3;.8;66;
1970-05-31;14;63.2;null;null;212.6;5.5;20;244.6;null;1009.4;28.3;25;22.4;80.4;9;1;65.6;
1970-06-30;0;62.6;null;null;185.9;5.5;23;242;null;1011.2;26.9;24.1;21.9;81.8;12;1.1;64.7;
1970-07-31;14;53.9;null;null;188.3;6.6;26;238.1;null;1012.9;25.9;23.2;21.2;82.3;7;2.3;59.4;
1970-08-31;14;63.5;null;null;171.7;6.6;24;139.4;null;1011.7;25.9;23.1;20.8;81.3;14;2.8;64.4;
1970-09-30;14;67.4;null;null;252.4;4.5;9;69.4;null;1010.2;28;24.5;22;77.6;5;1.8;67.2;
1970-10-31;0;52.1;null;null;233.7;4.7;11;102.3;null;1007;28.8;25.4;22.9;81.2;6;1.3;65.3;
1970-11-30;5;60.2;null;null;221.2;5.8;14;221.2;null;1005.5;29.3;25.6;22.9;81.8;5;1.5;64.7;
1970-12-31;14;76.6;null;null;279.8;3.8;10;24.2;null;1006;30.4;26.3;23.4;78.7;3;1;68.9;
1971-01-31;null;null;null;null;null;null;null;null;null;null;null;null;null;null;null;null;null;
1971-02-28;null;null;null;null;null;null;null;null;null;null;null;null;null;null;null;null;null;
1971-03-31;null;null;null;null;null;null;null;null;null;null;null;null;null;null;null;null;null;
1971-04-30;null;null;null;null;null;null;null;null;null;null;null;null;null;null;null;null;null;
1971-05-31;null;null;null;null;null;null;null;null;null;null;null;null;null;null;null;null;null;
1971-06-30;null;null;null;null;null;null;null;null;null;null;null;null;null;null;null;null;null;
1971-07-31;null;null;null;null;null;null;null;null;null;null;null;null;null;null;null;null;null;
1971-08-31;null;null;null;null;null;null;null;null;null;null;null;null;null;null;null;null;null;
1971-09-30;null;null;null;null;null;null;null;null;null;null;null;null;null;null;null;null;null;
1971-10-31;null;null;null;null;null;null;null;null;null;null;null;null;null;null;null;null;null;
1971-11-30;null;null;null;null;null;null;null;null;null;null;null;null;null;null;null;null;null;
1971-12-31;null;null;null;null;null;null;null;null;null;null;null;null;null;null;null;null;null;
1972-01-31;null;null;null;null;null;null;null;null;null;null;null;null;null;null;null;null;null;
1972-02-29;null;null;null;null;null;null;null;null;null;null;null;null;null;null;null;null;null;
1972-03-31;null;null;null;null;null;null;null;null;null;null;null;null;null;null;null;null;null;
1972-04-30;null;null;null;null;null;null;null;null;null;null;null;null;null;null;null;null;null;
1972-05-31;null;null;null;null;null;null;null;null;null;null;null;null;null;null;null;null;null;
1972-06-30;null;null;null;null;null;null;null;null;null;null;null;null;null;null;null;null;null;
1972-07-31;null;null;null;null;null;null;null;null;null;null;null;null;null;null;null;null;null;
1972-08-31;null;null;null;null;null;null;null;null;null;null;null;null;null;null;null;null;null;
1972-09-30;null;null;null;null;null;null;null;null;null;null;null;null;null;null;null;null;null;
1972-10-31;null;null;null;null;null;null;null;null;null;null;null;null;null;null;null;null;null;
1972-11-30;null;null;null;null;null;null;null;null;null;null;null;null;null;null;null;null;null;
1972-12-31;null;null;null;null;null;null;null;null;null;null;null;null;null;null;null;null;null;
1973-01-31;14;67.3;null;null;294.3;2.7;13;66;null;1007.2;30.9;27.3;24.8;79.2;8;2.8;70;
1973-02-28;14;75.1;null;null;245.5;4.5;8;18.5;null;1006.4;32.1;28;25.2;74.8;7;2.5;69.5;
1973-03-31;14;72.3;null;null;253.8;4.2;8;59;null;1004.9;31.8;27.9;25.4;78.9;7;2.5;69.7;
1973-04-30;14;55.7;null;null;222.5;5.1;22;165.6;null;1006.3;29.8;27.1;24.8;81;6;2.6;69.8;
1973-05-31;14;51.7;null;null;166.5;6.4;25;599.9;null;1007.8;28.2;25.7;23.8;84.9;9;3.1;66.5;
1973-06-30;14;41.1;null;null;174.7;5.6;27;479.3;null;1008.8;27.8;25;23.1;84.7;6;2.5;69.7;
1973-07-31;14;64.7;null;null;198.3;5.4;22;225.4;null;1010;27.3;24.5;22.4;79;12;3.7;69.4;
1973-08-31;14;61.6;null;null;204.1;5.1;17;151.2;null;1010.2;27.5;24.6;22.5;78.8;7;3;69.4;
1973-09-30;14;63;null;null;215.8;5.1;19;177.8;null;1010.2;27.7;24.7;22.6;79.9;9;3.5;68.5;
1973-10-31;14;57.5;null;null;181;5.6;18;260.6;null;1006.6;27.8;25;22.8;82;12;3.5;65.4;
1973-11-30;14;50.9;null;null;200.8;5.3;16;170.9;null;1005.8;29.2;25.9;23.5;83;7;3;69.8;
1973-12-31;14;60.3;null;null;281.5;3.6;10;48.8;null;1005.7;30.2;26.5;24;81.4;5;2.5;70;
1974-01-31;14;65.8;null;null;235.8;5.1;15;163.2;null;1005.1;30.3;26.6;24;79.5;7;2.6;69.4;
1974-02-28;14;43.7;null;null;201.8;5.7;22;292.2;null;1005;29.5;26.2;23.7;81.7;6;2.5;69.3;
1974-03-31;14;51.2;null;null;219.3;5.4;20;137.9;null;1004.7;30.1;26.6;24.2;82.2;6;2.5;68.7;
1974-04-30;14;46.2;null;null;169.6;5.6;23;458.3;null;1006;29;26.3;24.1;84.1;7;2.9;68.7;
1974-05-31;14;44.5;null;null;174;5.8;28;429.6;null;1008.4;28.3;25.3;23.1;85.3;9;2.3;67;
1974-06-30;14;52.8;null;null;163.9;5.5;24;202;null;1009.4;27;24.2;22;81;9;2.9;68;
1974-07-31;14;61.6;null;null;194.4;5.6;28;135.6;null;1012.6;26.6;23.5;20.9;78.6;9;3.5;67.1;
1974-08-31;14;52.3;null;null;181.4;6.1;23;92.1;null;1011.1;27.4;23.7;21.1;80.5;8;3.1;65;
1974-09-30;14;54.5;null;null;221.5;6.2;22;80.7;null;1010.3;27.9;24.3;21.4;79.1;8;3.2;67;
1974-10-31;14;52.9;null;null;216.3;4.7;12;112.2;null;1006.9;28.5;25.2;22.5;82.1;7;2.7;66.2;
1974-11-30;14;54.5;null;null;204.3;5.6;15;155.2;null;1006.1;28.8;25.2;22.6;81.8;7;3.1;68.5;
1974-12-31;5;51.5;null;null;229.9;5.2;17;189.6;null;1005.8;29.7;26.1;23.3;82.5;7;2.9;68.9;
1975-01-31;5;62.2;null;null;232.8;5.4;17;118.1;null;1006.3;30.3;26.4;23.3;80.1;7;3;66.6;
1975-02-28;5;52.6;null;null;248.9;4.8;13;114.5;null;1005.9;30.4;26.6;23.7;79.6;7;2.8;69.8;
1975-03-31;5;55.8;null;null;250.8;4.7;21;169.2;null;1006.5;30;26.6;23.6;79.9;6;3.1;68.8;
1975-04-30;14;47.8;null;null;141.1;6.6;21;737.9;null;1005.9;28.3;25.7;23.5;84.6;9;3.7;61.9;
1975-05-31;14;48.9;null;null;121.6;7.3;29;560.4;null;1008.2;26.9;24.6;22.4;84.3;9;3.4;65.9;
1975-06-30;14;56.2;null;null;162.7;5.9;18;168.9;null;1010.6;27;24.1;21.7;82;9;2.9;68.7;
1975-07-31;14;58.2;null;null;155.1;6.3;24;222.3;null;1011;25.9;23.2;20.9;81.6;9;3.7;66.3;
1975-08-31;14;57.1;null;null;202.2;5.8;24;134.4;null;1011.8;27;23.5;20.7;80.6;8;3.2;69;
1975-09-30;14;69.4;null;null;202.4;5.4;23;142;null;1011.1;27.3;24;21.2;79.7;9;2.7;69;
1975-10-31;14;56.4;null;null;223.4;4.3;13;83.2;null;1006.9;29;25.3;22.4;81.6;7;2;69.2;
1975-11-30;9;57;null;null;268.3;4;15;103.2;null;1006.3;29.3;25.6;22.5;80.5;6;2.3;69.5;
1975-12-31;14;54.2;null;null;222.2;5;22;118.8;null;1006.1;28.9;25.4;22.5;null;15;2.3;68.9;
1976-01-31;14;76;null;null;285.1;3.9;16;48.2;null;1006.4;30.3;26.3;23;null;7;2.4;69.4;
1976-02-29;14;48.5;null;null;195.5;5.2;21;174.3;null;1006;29.1;25.9;23.1;null;5;1.9;69.7;
1976-03-31;14;59;null;null;246.8;4.6;20;120.3;null;1006.1;29.7;26;23;81.4;6;2;69.5;
1976-04-30;14;56;null;null;218.8;4.9;22;179.2;null;1008;28.8;25.6;22.9;82.1;5;2.4;68.7;
1976-05-31;14;64.7;null;null;212.7;5.1;12;196.3;null;1008.8;27.8;25.1;22.7;82.7;6;1.9;67.9;
1976-06-30;14;106.5;null;null;219;3.9;19;67.5;null;1010.7;26.7;24.4;22;76.9;5.3;2.4;67.9;
1976-07-31;9;107.1;null;null;214.2;4.9;20;153.9;null;1013.1;26.1;23.5;20.9;77.3;7.6;2.8;66.7;
1976-08-31;14;103.2;null;null;238.4;4.7;17;142.4;null;1012.1;25.9;23.4;21;77.8;7;2.8;65.9;
1976-09-30;9;89;null;null;215.3;4.4;11;54.3;null;1009.6;27.3;24.5;21.8;80;4.8;2.6;67.5;
1976-10-31;9;95.6;null;null;201.5;5.5;17;185.1;null;1008.2;27;24.6;21.9;79.8;6;3;66.6;
1976-11-30;5;88.3;null;null;216.5;5.1;12;93.3;null;1006.5;28.8;25.6;22.8;81;7.6;2.7;69.7;
1976-12-31;5;104.1;null;null;284.2;4.1;5;15;null;1006.3;29.6;26.1;23;77.8;4.6;2.8;69.5;
1977-01-31;9;97.3;null;null;182.6;6.4;17;153.7;null;1006.2;29.7;26.2;23.7;79.2;6.1;2.8;68.2;
1977-02-28;9;84;null;null;225.2;4.8;23;178.5;null;1008.2;29;26.3;23.5;79.1;4.8;2.5;68.9;
1977-03-31;9;109.7;null;null;282.4;3.5;14;64.3;null;1006.8;29.7;27.1;24.4;75.7;4.3;2.4;70;
1977-04-30;9;95.5;null;null;190.3;5.2;22;233.7;null;1006.5;29;26.5;24;80.7;6.1;2.7;68.7;
1977-05-31;14;92.2;null;null;137.2;6.6;25;431.6;null;1008.9;27.1;25;22.8;82.2;6.1;3.1;66.9;
1977-06-30;14;78.2;null;null;182.8;5.7;25;274.2;null;1010.6;26.7;24.5;22.2;82.6;6.6;3;67.8;
1977-07-31;14;109.9;null;null;198.4;5;25;131.2;null;1011.8;26.3;24;21.8;78.7;5.6;2.9;67.7;
1977-08-31;14;108.4;null;null;241.9;3.7;14;20.3;null;1010.9;26.6;24.1;21.8;77.6;5.1;2.8;69.7;
1977-09-30;9;95.5;null;null;180.7;4.8;19;231;null;1010.7;27;24.4;22.2;79.7;5.1;2.7;66.2;
1977-10-31;9;85.1;null;null;194.9;6;24;238.5;null;1009.3;27.5;24.8;22.4;83;4.6;2.7;67.3;
1977-11-30;9;103.4;null;null;249.2;3.8;8;8.9;null;1006.8;29.8;26.4;23.6;78.7;5;2.8;70;
1977-12-31;9;81.3;null;null;171.6;5.8;18;321.7;null;1006.6;28.8;25.9;23.4;84;5.3;2.3;65.7;
1978-01-31;9;88.6;null;null;218.6;4.7;15;53.7;null;1007.8;29.1;26.4;23.9;80.4;5.3;2.5;69.5;
1978-02-28;9;80.2;null;null;156.3;5.6;14;41.2;null;1006.9;29.3;26.2;23.8;81.6;4.6;2.3;69.3;
1978-03-31;14;89.1;null;null;182;5.4;24;240.3;null;1007.5;28.8;26.2;23.6;80.9;4.3;2.3;68.9;
1978-04-30;14;79.5;null;null;164.3;5.4;18;261.3;null;1006.8;28.1;26;23.7;82.7;8;2.7;67.5;
1978-05-31;14;65.8;null;null;146.7;5.7;21;357;null;1007.6;27.2;25.2;23;85.5;5.5;2.5;62.4;
1978-06-30;14;81.6;null;null;131.5;6.1;21;458.3;null;1011.2;26.2;24.1;22.1;82.4;6.6;2.7;67.2;
1978-07-31;14;67.7;null;null;147.9;5.1;27;240.2;null;1010.1;26.2;23.9;21.8;86.3;6.5;2.6;68.9;
1978-08-31;14;104.1;null;null;202.7;4.7;17;114.5;null;1012.2;26.1;23.8;21.4;77.9;5.5;2.6;69.4;
1978-09-30;14;105.4;null;null;222.3;5.1;19;129.1;null;1011.2;26.9;24.1;21.6;83.8;5;2.9;69.7;
1978-10-31;9;87.4;null;null;225.4;4.1;12;143.7;null;1008.6;27.7;24.9;22.5;85.3;4.6;2.5;68.5;
1978-11-30;9;87.5;null;null;219;4.4;12;78.4;null;1007.6;28.2;25.3;22.8;84.2;4.3;2.6;67;
1978-12-31;9;78.1;null;null;196.4;5.1;17;163.2;null;1007.1;28.4;25.5;23;84.1;5;2.6;67.3;
1979-01-31;5;74.4;null;null;171;5.7;7;126.4;null;1003.1;29;26;23.6;82.2;9.6;2.4;66.8;
1979-02-28;9;61.3;null;null;152.8;5.5;20;199.9;null;1004.9;28.7;26.1;23.5;82.1;4.1;2.3;66.2;
1979-03-31;9;80.1;null;null;211.5;4.7;14;60.6;null;1005.3;29.2;26.3;23.8;80.3;5;2.4;68;
1979-04-30;14;null;null;null;164.4;5.2;22;299.1;null;1005.9;28.4;25.8;23.3;81.1;4.1;2.6;64.8;
1979-05-31;14;null;null;null;203.1;4.8;18;125.1;null;1007.1;28;25.3;23;81.2;4.5;2.3;65.2;
1979-06-30;14;108.7;null;null;143.8;6.2;28;284.1;null;1010.7;26.2;24;21.7;80.2;6.6;2.9;65.5;
1979-07-31;14;93.5;null;null;172.8;5.4;22;187.3;null;1011.5;25.6;23.3;21.2;82.3;6.1;2.7;66;
1979-08-31;14;99;null;null;212.6;4.7;22;73.3;null;1009.1;26.5;23.8;21.7;78.8;7;2.3;68.4;
1979-09-30;14;119.8;null;null;181.9;5.2;9;27;null;1009.2;27.1;24.3;22;77.9;7.5;2.7;65.3;
1979-10-31;14;120.5;null;null;247.2;4;9;23.2;null;1007.6;29.2;25.6;23.1;77.1;5.8;2.8;67.1;
1979-11-30;14;93.6;null;null;174.4;5.3;14;109;null;1005.4;28.8;25.7;23.3;80.3;6.3;2.9;65.7;
1979-12-31;9;101.2;null;null;218.8;4.3;13;47.8;null;1005.6;29.8;26.4;23.6;78.1;4.3;2.4;66.1;
1980-01-31;9;76.4;null;null;165.6;5.9;16;186.1;null;1005.5;29;26.1;23.4;81.9;5;2.2;63.5;
1980-02-29;9;65.6;null;null;135.1;7.1;21;364.2;null;1004.5;29;25.9;23.4;83.5;3.5;1.9;61.2;
1980-03-31;14;108.3;null;null;242.6;4.9;19;70.2;null;1006.9;29.3;26.3;23.7;75.9;3.3;2.1;66.8;
1980-04-30;14;100.3;null;null;203.8;5.2;14;79.9;null;1006.9;28.9;26;23.5;78.4;6.3;2.3;64.3;
1980-05-31;14;94.8;null;null;199.8;5.4;24;197.4;null;1009.1;27.9;25.3;22.9;80;4.6;2.2;65;
1980-06-30;14;86.4;null;null;192.6;5.6;15;146.7;null;1010.5;26.6;24.3;22.3;82.6;6.6;2.3;61.3;
1980-07-31;14;100.8;null;null;198.2;5.7;21;128.3;null;1011.1;26.3;23.8;21.6;79.3;5;2.4;61.9;
1980-08-31;14;115.7;null;null;220.8;4.8;16;168.9;null;1011.3;26.3;23.9;21.7;77.8;7.5;2.7;61;
1980-09-30;14;86.2;null;null;165.4;6.1;21;157.3;null;1009.4;26.9;24.2;22;80.8;5.8;2.4;60.8;
1980-10-31;14;114.8;null;null;253.6;4.5;14;89;null;1009;27.7;25;22.6;77.3;6.6;2.8;66.5;
1980-11-30;9;74.1;null;null;166.2;6.4;22;306.8;null;1006.2;27.9;25.2;22.7;83.8;5;2.3;59.2;
1980-12-31;9;93.9;null;null;212.9;5.2;10;54.7;null;1005.1;29.5;26.4;24;80.4;4.1;2.3;64.3;
1981-01-31;9;null;null;null;258.9;4.7;7;56.8;null;null;29.9;null;23.8;null;null;null;7.5;
1981-02-28;14;null;null;null;243.9;4.6;20;94.3;null;null;29.3;null;23.6;null;null;null;7.4;
1981-03-31;9;null;null;null;172.9;6.3;14;197.4;null;null;29.6;null;23.8;null;null;null;6.9;
1981-04-30;14;null;null;null;171.9;6.6;22;246.1;null;null;27.8;null;23;null;null;null;6.8;
1981-05-31;14;null;null;null;187.7;6;26;203.3;null;null;26.9;null;22.2;null;null;null;7.1;
1981-06-30;14;null;null;null;146.6;6;26;268;null;null;26.2;null;21.6;null;null;null;6.7;
1981-07-31;14;null;null;null;166.3;6;20;194.7;null;null;25.4;null;20.8;null;null;null;6.8;
1981-08-31;14;null;null;null;213.5;4.8;17;63.3;null;null;25.8;null;21;null;null;null;7;
1981-09-30;14;null;null;null;250.4;4.4;8;19.6;null;null;27.1;null;21.8;null;null;null;7.3;
1981-10-31;14;null;null;null;219.3;4.8;9;40.9;null;null;28.9;null;22.7;null;null;null;6.6;
1981-11-30;9;null;null;null;211;5.8;16;46.1;null;null;29.4;null;23.2;null;null;null;6.8;
1981-12-31;5;null;null;null;273.1;4.2;13;60.7;null;null;30.3;null;23.5;null;null;null;7.4;
1982-01-31;5;null;null;null;281.8;4.5;13;19.6;null;null;30.7;null;24;null;null;null;7.3;
1982-02-28;9;null;null;null;193.9;5.8;21;149.2;null;null;29.7;null;23.4;null;null;null;6.7;
1982-03-31;5;null;null;null;290.3;3.9;5;11.3;null;null;30.7;null;24.4;null;null;null;7.1;
1982-04-30;14;null;null;null;156.9;6.6;24;424.1;null;null;28.2;null;23.5;null;null;null;6.2;
1982-05-31;14;null;null;null;143.8;6.6;23;338.6;null;null;26.8;null;22.3;null;null;null;6.1;
1982-06-30;9;null;null;null;174.2;5.8;19;345.4;null;null;26.5;null;22.1;null;null;null;6.4;
1982-07-31;9;null;null;null;177.9;5.6;24;152;null;null;26.3;null;21.4;null;null;null;6.2;
1982-08-31;9;null;null;null;219;5;18;87.8;null;null;26.6;null;21.8;null;null;null;6.8;
1982-09-30;14;null;null;null;145.8;6.7;22;133.9;null;null;26.6;null;21.8;null;null;null;6.2;
1982-10-31;5;null;null;null;223.9;4.4;12;105.7;null;null;27.9;null;22.2;null;null;null;6.6;
1982-11-30;5;null;null;null;291.5;3;8;17.2;null;null;29.6;null;23.1;null;null;null;7.2;
1982-12-31;9;null;null;null;250.7;4.6;15;23.1;null;null;30.3;null;23.4;null;null;null;7.1;
1983-01-31;9;null;null;null;196.5;5.4;7;27;null;null;30.9;null;23.8;null;null;null;6.6;
1983-02-28;9;null;null;null;204.8;5.3;19;96.4;null;null;30;null;24.3;null;null;null;6.6;
1983-03-31;9;null;null;null;228.9;5.1;15;227.2;null;null;30.3;null;24.3;null;null;null;6.5;
1983-04-30;14;null;null;null;186.1;5.3;19;186.1;null;null;29.1;null;24.3;null;null;null;6.4;
1983-05-31;14;null;null;null;221.5;4.3;18;63.1;null;null;28.6;null;23.7;null;null;null;6.7;
1983-06-30;9;null;null;null;180.7;4.7;19;324.5;null;null;27.5;null;22.1;null;null;null;6.6;
1983-07-31;9;null;null;null;198.5;4.7;20;103.5;null;null;27;null;22;null;null;null;6.7;
1983-08-31;14;null;null;null;212.9;4.7;16;186.8;null;null;26.5;null;21.7;null;null;null;6.6;
1983-09-30;9;null;null;null;244.6;3.6;7;92;null;null;28;null;22.3;null;null;null;6.7;
1983-10-31;9;null;null;null;239;4.7;18;127.5;null;null;28.1;null;22.2;null;null;null;6.7;
1983-11-30;5;null;null;null;176.4;5.5;13;106.3;null;null;28.8;null;23.4;null;null;null;6.5;
1983-12-31;9;null;null;null;257.2;4.2;10;45.8;null;null;29.7;null;23.6;null;null;null;7;
1984-01-31;9;null;null;null;298;3.4;11;44.5;null;null;30.7;null;24.1;null;null;null;7.3;
1984-02-29;14;null;null;null;283.7;3.5;12;29.7;null;null;31.4;null;25;null;null;null;7.4;
1984-03-31;14;null;null;null;216.4;5.1;14;217.3;null;null;30.8;null;24.5;null;null;null;6.8;
1984-04-30;14;null;null;null;115.9;7.1;27;889.8;null;null;28.1;null;23.3;null;null;null;5.9;
1984-05-31;14;null;null;null;187.9;5.9;27;356.3;null;null;27.8;null;23.1;null;null;null;6.6;
1984-06-30;14;null;null;null;190.3;5.6;21;219.3;null;null;27.2;null;22.6;null;null;null;7.2;
1984-07-31;14;null;null;null;204.7;5.5;22;130.6;null;null;26.8;null;21.6;null;null;null;7.1;
1984-08-31;14;null;null;null;173.1;5.7;23;134;null;null;26.6;null;21.3;null;null;null;7.1;
1984-09-30;14;null;null;null;176.3;5.5;15;206.6;null;null;27.1;null;21.8;null;null;null;7.3;
1984-10-31;14;null;null;null;222.2;4.5;12;111.3;null;null;28.3;null;21.8;null;null;null;7.4;
1984-11-30;9;null;null;null;226;4.5;14;38.8;null;null;29.3;null;21.5;null;null;null;7.3;
1984-12-31;9;null;null;null;285.7;3.6;6;27;null;null;30.9;null;22.9;null;null;null;7.4;
1985-01-31;5;null;null;null;195.3;5.2;12;119.3;null;null;30.9;null;23.9;null;null;null;6.9;
1985-02-28;14;null;null;null;226.7;4.3;15;99.1;null;null;30.4;null;24.2;null;null;null;7.4;
1985-03-31;9;null;null;null;243.3;4.6;16;71;null;null;30.6;null;24.3;null;null;null;7.1;
1985-04-30;18;null;null;null;135;6.8;25;869.1;null;null;28.2;null;23;null;null;null;6.2;
1985-05-31;14;null;null;null;159;6;24;381.1;null;null;28.2;null;22.9;null;null;null;6.7;
1985-06-30;18;null;null;null;170.6;5.7;19;167.4;null;null;27.2;null;22.4;null;null;null;6.7;
1985-07-31;14;null;null;null;150.2;6.6;28;223.4;null;null;25.8;null;21;null;null;null;6.5;
1985-08-31;14;null;null;null;175.4;6.3;19;157.4;null;null;26.2;null;21.2;null;null;null;6.9;
1985-09-30;14;null;null;null;214.3;4.6;11;66.2;null;null;27.2;null;21.9;null;null;null;7.1;
1985-10-31;9;null;null;null;165.6;5.9;17;111.5;null;null;28.1;null;22.7;null;null;null;6.7;
1985-11-30;9;null;null;null;156.5;5.6;17;251.7;null;null;28.4;null;22.7;null;null;null;6.5;
1985-12-31;9;null;null;null;165.5;6.3;17;183.2;null;null;28.8;null;23;null;null;null;6.9;
1986-01-31;9;99.3;null;null;281.7;3.8;9;93.1;null;1005.6;29.9;26.6;23.6;78.7;3.6;1.6;65.5;
1986-02-28;9;102;null;null;239.2;4.4;13;30.8;null;1004.9;31;27.4;24.5;76.9;3.3;1.7;65.2;
1986-03-31;9;75.4;null;null;224;5.2;23;274.4;null;1005.5;29.6;26.5;23.4;81.2;3.6;1.4;58;
1986-04-30;9;69;null;null;211.6;5.1;13;428.5;null;1005.2;29.1;26.4;23.6;80.8;8.3;1.8;56.9;
1986-05-31;14;74.4;null;null;199.4;5.7;25;249;null;1007.1;28.2;25.5;22.9;83.4;6.1;1.8;54.8;
1986-06-30;14;null;null;null;168;6.1;26;197;null;null;26.8;null;21.6;null;null;null;6.8;
1986-07-31;18;86.6;null;null;162.7;6;15;140.4;null;1011.6;26;23.5;21.1;86.5;6;1.8;55.6;
1986-08-31;14;81.1;null;null;186.1;5.1;16;153.8;null;1009.3;26.8;23.8;21;84.7;6.6;1.8;58.7;
1986-09-30;14;null;null;null;187.3;6.1;22;234;null;null;26.2;null;21.4;null;null;null;6.9;
1986-10-31;18;58.9;null;null;176.9;5.9;22;272.3;null;1007.7;27.1;24.7;22.6;87.8;5.8;2.2;54.5;
1986-11-30;9;null;null;null;182.6;6.2;19;163.5;null;null;28.1;null;22.4;null;null;null;6.7;
1986-12-31;9;null;null;null;230.2;4.9;11;83.5;null;1006.1;29.7;26.4;null;80.1;5.3;1.8;58.5;
1987-01-31;9;null;null;null;282.8;3.2;7;21;null;1006.2;30.4;26.9;24.4;77.9;4.1;1.6;63.8;
1987-02-28;14;null;null;null;252.7;4.3;13;61.9;null;1006.7;30.8;27.4;24.6;77;3.3;1.6;64.9;
1987-03-31;14;null;null;null;196.8;5.6;19;130;null;1004.2;30.3;27;24.7;79.2;5.8;1.5;56.1;
1987-04-30;9;null;null;null;229.7;4.9;19;147.2;null;1006.1;29.9;26.9;24.1;78.3;5;1.5;61.3;
1987-05-31;14;null;null;null;172;5;19;218.9;null;1006.4;29;26.1;24.1;81.1;3.3;1.4;56.3;
1987-06-30;14;null;null;null;null;5.5;24;227.5;null;1009.6;27.8;25.3;23.3;78.9;6.5;1.5;56.1;
1987-07-31;14;null;null;null;145.1;6;24;239.1;null;1009.1;27.1;24.7;22.8;79.4;4;1.5;57;
1987-08-31;14;null;null;null;null;4.7;13;111.5;null;1009.1;27.6;24.7;22.3;81.3;8;1.8;57.3;
1987-09-30;14;null;null;null;199.1;4.8;22;102.3;null;1008.4;27.9;25.2;22.6;82.2;3.3;1.5;59.4;
1987-10-31;9;94.6;null;null;274.6;3.5;8;14.8;null;1005.4;30;26.4;23.5;77.3;4.5;1.7;63.8;
1987-11-30;9;89;null;null;194.1;5.3;15;181.6;null;1004.7;29.5;26.2;23.2;80.8;3.6;1.8;54.8;
1987-12-31;9;112.7;null;null;218.3;4.7;10;44.7;null;1004.9;30.4;27.1;24.6;79;6.6;2;58.9;
1988-01-31;14;98.9;null;null;236;4.4;14;169.8;null;1004.8;30.7;27.6;25;77.5;4.1;1.9;62.1;
1988-02-29;9;null;null;null;226.6;4.6;13;80.6;null;null;30.8;null;24.9;null;null;null;6.9;
1988-03-31;14;96.1;null;null;203.6;5;20;330.6;null;1004.4;29.9;27.1;24.7;81;3.3;1.6;57;
1988-04-30;14;89.3;null;null;210.8;5;25;272;null;1005;29.6;26.9;24.4;81.6;3.8;1.6;59.8;
1988-05-31;14;92;null;null;164;5.3;21;185.4;null;1006.7;28.8;26.2;24;81.9;5.1;1.5;59;
1988-06-30;14;90.7;null;null;152.5;6.1;21;236.6;null;1008.7;27.3;24.9;22.7;83.3;7.5;2.1;52.8;
1988-07-31;14;null;null;null;123.2;7;26;282.5;null;null;25.3;null;21.1;null;null;null;6.4;
1988-08-31;14;112.1;null;null;167.8;6.3;24;135.2;null;1010.6;25.5;23.2;21.1;76.8;5.3;1.8;53.1;
1988-09-30;14;105.6;null;null;224;4.9;18;50.6;null;1009.6;27.1;24.5;22;74.3;4.1;1.7;59.9;
1988-10-31;9;104.8;null;null;239.8;4.5;10;77.3;null;1006;28.8;25.8;23.1;85.2;4.1;1.8;63.5;
1988-11-30;9;94.8;null;null;208.5;5.5;15;138.2;null;1006.1;28.9;25.9;23.5;88.2;6;1.6;59.5;
1988-12-31;9;null;null;null;147.8;6.3;18;145.4;null;1004.6;28.9;25.9;23.2;87.6;4.1;1.4;58;
1989-01-31;9;86.5;null;null;235.5;4.8;17;190.3;null;1005.1;29.8;26.6;24;81.6;5.3;1.6;59.8;
1989-02-28;9;null;null;null;238.6;3.7;9;null;null;null;30.5;null;24.7;null;null;null;7.6;
1989-03-31;14;80.6;null;null;174.3;5.7;17;153.9;null;1003.9;30.3;27;24.3;81.4;4.1;1.7;54.7;
1989-04-30;14;null;null;null;202.8;5.7;23;403.4;null;null;29;null;23.9;null;null;null;6.8;
1989-05-31;14;null;null;null;108.7;7.1;28;651;null;null;27.9;null;22.9;null;null;null;5.8;
1989-06-30;14;null;null;null;141.4;6.3;27;246;null;null;26.4;null;22.2;null;null;null;6.5;
1989-07-31;14;null;null;null;125.9;6.4;22;183.3;null;null;25.9;null;21.5;null;null;null;6.6;
1989-08-31;14;null;null;null;162.3;5.9;19;190.1;null;null;26.3;null;21.4;null;null;null;6.9;
1989-09-30;14;null;null;null;194.7;5.2;17;249.8;null;null;27.4;null;22.3;null;null;null;6.3;
1989-10-31;14;null;null;null;203.2;4.7;14;123.3;null;null;28.2;null;23.1;null;null;null;7;
1989-11-30;9;null;null;null;210.5;5.3;11;149.3;null;null;29.5;null;23.7;null;null;null;7;
1989-12-31;5;null;null;null;97.3;8.2;26;447.2;null;null;28;null;22.5;null;null;null;6.3;
1990-01-31;9;96.8;null;null;266.9;4.6;17;51.1;null;1005.6;30;26.5;23.5;80.5;2.1;1;62.4;
1990-02-28;14;77.4;null;null;236.6;4.2;6;33.8;null;1004.8;30.7;27;24.3;80.2;2;.9;64.1;
1990-03-31;14;98;null;null;248;4.2;13;70.8;null;1005.5;30.3;27.2;24.5;84.8;7;.9;63.7;
1990-04-30;14;92.6;null;null;238.8;5;17;50.9;null;1005.2;30.6;27.2;24.7;81.9;1.6;.9;63.1;
1990-05-31;9;73.3;null;null;169.4;5.7;23;326;null;1006.7;28.7;25.9;23.5;86.2;2;1;62.3;
1990-06-30;0;71.2;null;null;160.3;6.3;23;211.7;null;1009.3;27.1;24.5;22.3;85.3;1.6;.8;60.7;
1990-07-31;14;68;null;null;168.7;5.8;21;267.2;null;1009.3;26.6;24;22;85.1;4;1;58.4;
1990-08-31;14;null;null;null;null;6.5;24;208.7;null;null;26.7;null;21.4;null;null;null;6.9;
1990-09-30;14;null;null;null;null;6.1;20;134.3;null;null;27.2;null;22.2;null;null;null;6.7;
1990-10-31;14;null;null;null;162.3;6.6;24;296.9;null;null;28.3;null;22.9;null;null;null;6.8;
1990-11-30;null;null;null;null;null;null;null;null;null;null;null;null;null;null;null;null;null;
1990-12-31;5;null;null;null;210.9;5.4;18;241.1;null;null;29.4;null;23.1;null;null;null;7;
1991-01-31;0;74.5;null;null;181.3;5.6;11;188.4;null;1004.6;29.5;26.2;23.6;80.8;1.5;.8;61.6;
1991-02-28;14;63.4;null;null;219.8;4.1;15;86.8;null;1004.8;30.4;26.7;23.6;81.8;1.3;.8;61.1;
1991-03-31;14;null;null;null;196.6;5.7;16;112.9;null;1003.9;30.2;27;24.1;80.8;2.6;1.2;59.3;
1991-04-30;14;80.6;null;null;214.7;5.8;21;304.5;null;1005.2;29.5;null;null;81.3;4.3;1.5;59.2;
1991-05-31;14;null;null;null;null;7.5;28;300;null;1007;27.7;null;null;85.9;5;1.9;54.2;
1991-06-30;14;58.2;null;null;125.2;7;29;316.5;null;1006.7;26.4;23.9;21.2;86.3;8;1.7;48.8;
1991-07-31;14;84.3;null;null;181.7;5.6;23;100.2;null;1007.1;25.9;23.5;20.8;82.4;5.1;2;58.1;
1991-08-31;18;97.6;null;null;172.4;6.1;24;129.1;null;1008.4;25.6;23;20.4;81.6;6.6;2.5;55.5;
1991-09-30;14;91.7;null;null;160;6.6;17;73.9;null;1005.5;26.7;23.8;21.1;82.8;5.5;1.8;60.2;
1991-10-31;14;101.8;null;null;274.8;4.1;12;30.9;null;1004.7;28.8;25.1;21.8;77.6;3.8;1.8;66.5;
1991-11-30;14;82.4;null;null;157.5;6.5;10;96.6;null;1001.4;29.3;25.6;22.9;81.4;4.1;1.7;57.1;
1991-12-31;14;89.3;null;null;236.7;4.5;9;31;null;1001.3;30.2;26.5;23.7;80.5;4.1;1.7;60.3;
1992-01-31;5;83.6;null;null;164.9;6.6;14;76.7;null;1001.2;30.2;26.4;24;82.7;3.3;1.6;57.3;
1992-02-29;14;59;null;null;142.3;6.8;23;217.5;null;1004.9;28.4;25.5;23.2;84.3;3.3;1.6;60.6;
1992-03-31;14;92.6;null;null;270.8;5.3;18;92.7;null;1004.3;29.9;26.6;24.5;79.5;3.3;1.7;67.7;
1992-04-30;14;66.7;null;null;206.1;4.9;16;128.5;null;1003.1;29.4;26.4;24.3;81.9;3.3;1.4;63.1;
1992-05-31;14;88.5;null;null;242.3;3.8;15;107;null;1004.1;29.2;25.9;23.6;78.7;3;1.5;65.1;
1992-06-30;14;71.5;null;null;177.6;6;24;197;null;1007.3;27.1;24.3;22.1;81.2;6.6;1.7;59;
1992-07-31;14;90.4;null;null;168.6;5.5;22;196.1;null;1009.5;26.1;23.6;21.9;80.5;6;2;58.7;
1992-08-31;14;95;null;null;206.3;5.2;14;102.5;null;1009;26.4;23.6;21.5;79.4;5;1.9;61.3;
1992-09-30;14;90.9;null;null;213;5.2;18;93.3;null;1006.5;27.1;24.1;21.8;79.9;7.8;2.2;60.7;
1992-10-31;14;110.1;null;null;264.1;3.8;5;23.8;null;1005.2;29.2;25.5;23;76.6;5.5;2.2;63.3;
1992-11-30;14;87.4;null;null;196.1;5.6;11;207.7;null;1002.8;28.6;25.4;23.1;81.7;4.1;2.1;59.1;
1992-12-31;14;84.6;null;null;191;6.1;8;132.7;null;1003;29.2;25.7;23.1;82.2;4.1;1.8;58.6;
1993-01-31;14;107.1;null;null;267.7;4.2;6;12.7;null;1004.2;30.4;26.6;24;77.5;4.1;1.6;62.1;
1993-02-28;14;122.7;null;null;257.5;4.1;8;5.5;null;1003.6;31.4;27.3;24.7;74.2;3.8;1.7;65.1;
1993-03-31;14;139.9;null;null;293.7;3;7;12.3;null;1003.8;31.5;27.4;24.8;73.3;4.5;1.9;68.7;
1993-04-30;14;100.6;null;null;233.6;4.4;15;107.9;null;1005.7;30.3;26.8;24.2;79.5;9.8;1.8;61.5;
1993-05-31;14;73.8;null;null;173.8;5.7;23;386.8;null;1008.8;27.8;25.2;23.1;84.4;7.8;1.9;53.5;
1993-06-30;14;89.5;null;null;193.9;5.6;21;180.8;null;1011.6;26.8;24.1;21.9;83.3;9.8;2;56.7;
1993-07-31;14;93.3;null;null;240.8;4.7;17;117.4;null;1012.2;27.1;24.1;21.5;78.6;5.6;1.6;59.7;
1993-08-31;14;93.8;null;null;196.8;5.5;18;164.6;null;1012.4;26.3;23.6;21.1;81.7;5;1.8;53.5;
1993-09-30;14;77.8;null;null;216.7;4.7;10;72.7;null;1009.9;27.7;24.4;21.7;81.6;7.5;1.9;58.3;
1993-10-31;14;92.3;null;null;229.7;5.2;21;110;null;1009.5;28.2;25.1;22.1;81.7;5;1.8;54.8;
1993-11-30;9;103.9;null;null;null;4.8;12;48.9;null;1007.4;29.7;26.1;23;78.2;4.1;1.8;61.8;
1993-12-31;5;130.7;null;null;null;3.9;3;13.6;null;1006.5;30.9;27;23.9;76.2;4.5;1.8;64.8;
1994-01-31;5;129.7;null;null;null;4.3;9;30;null;1005.7;31.7;27.6;24.5;76.6;3;1.4;64.1;
1994-02-28;14;103.4;null;null;null;5.1;14;65.2;null;1006.7;30.6;27.3;24.4;78.5;3.3;1.3;62.3;
1994-03-31;14;92;null;null;231.7;4.8;18;240.3;null;1006.3;30.4;27.1;24.2;83.2;4.1;1.4;54.8;
1994-04-30;14;76.3;null;null;180.2;5.9;24;424.9;null;1007.6;29;26.1;23.2;85.5;6.6;1.6;56;
1994-05-31;14;71.5;null;null;183.3;5.2;24;197.6;null;1009;28.4;25.7;23.2;84.1;6.1;1.4;57.6;
1994-06-30;14;66.8;null;null;144.5;6.3;25;477.8;null;1010.8;27.1;24.7;22.3;86.2;10.1;2;53.3;
1994-07-31;14;81.1;null;null;170.4;5.1;25;336.5;null;1012.8;26.7;23.9;21.2;85.9;6.6;2;54.7;
1994-08-31;14;107.2;null;null;189.8;5.4;22;198.5;null;1012.6;25.9;23.4;20.9;83.6;4.6;1.6;56.6;
1994-09-30;14;114.2;null;null;214.6;5.6;17;101;null;1012;27;24.1;21.4;80.4;4.8;1.7;58.2;
1994-10-31;14;104.6;null;null;238.7;4.8;13;120.9;null;1009.1;28;24.9;22.5;81.6;3.3;1.7;58.9;
1994-11-30;9;94.6;null;null;231.5;4.6;8;49.2;null;1007.8;29.6;25.9;23.4;79.3;3.6;1.7;60.8;
1994-12-31;14;110.7;null;null;248.8;4.8;9;44.9;null;1007.4;30.5;26.7;23.9;77.3;5;1.6;59.5;
1995-01-31;5;117.6;null;null;9.5;3.3;7;18.9;null;1007.3;31.3;27.1;24;76.3;3.5;1.5;63.2;
1995-02-28;14;100.2;null;null;253.7;3.7;8;35;null;1007;31.8;27.5;24.7;78.3;3.3;1.5;63;
1995-03-31;14;99.6;null;null;248.1;4.4;12;81.8;null;1006.5;30.9;27.5;24.9;78.1;3.5;1.5;61.6;
1995-04-30;14;72.5;null;null;195.3;5.6;17;286.2;null;1006.4;29.5;26.4;24.1;82.8;5.6;1.6;57.3;
1995-05-31;14;63.3;null;null;150.8;5.7;20;473.5;null;1007.9;28.3;25.8;23.5;85;4.6;1.4;50.5;
1995-06-30;14;76.3;null;null;130.5;6.1;24;245.3;null;1010.9;26.7;24.5;22.4;83.7;4.1;1.9;53.5;
1995-07-31;14;87.5;null;null;163.6;5.3;22;178;null;1011.6;26.9;24.2;21.8;80.3;4.6;1.5;57.1;
1995-08-31;14;99.4;null;null;212.4;4.5;16;78.3;null;1012;26.8;24.1;22;77.6;4.5;1.8;59.4;
1995-09-30;14;107.3;null;null;252.3;4.2;17;67.3;null;1012.4;27.6;24.6;22.2;78.1;4.6;2;62;
1995-10-31;9;102.5;null;null;264.8;3.1;5;16.5;null;1008.1;29.3;25.7;23.1;75.8;5;2;65.3;
1995-11-30;9;65.7;null;null;199.1;5.4;18;156.4;null;1007.7;29.2;25.6;23;80.1;3.6;2.1;60.2;
1995-12-31;5;90.4;null;null;202.4;4.5;6;41.9;null;1006.3;30;26.4;23.7;79.9;4.1;1.8;60.5;
1996-01-31;14;125.3;null;null;10.4;3.5;10;55.9;null;1006.6;31;27.2;24.4;76.1;3.3;1.6;65.8;
1996-02-29;9;102.4;null;null;266;3.1;9;101.9;null;1006.4;30.7;27.3;24.5;77.9;3.3;1.7;66.6;
1996-03-31;9;106.5;null;null;250.1;3.8;10;59.9;null;1006;31.3;27.9;25.2;78.3;3.3;1.7;64;
1996-04-30;14;87.8;null;null;171.3;5.4;24;758.8;null;1007.3;28.9;26.2;23.7;84.3;6.6;2;47.5;
1996-05-31;18;109.9;null;null;148.4;5.8;21;187.5;null;1009.2;27.2;25.2;23.1;82.8;5.8;2;58.9;
1996-06-30;14;105;null;null;146.9;5.4;19;178.5;null;1011.9;26.6;24.2;22.3;84.2;7.1;2.2;59;
1996-07-31;14;71.6;null;null;174.5;4.9;19;202.4;null;1013;25.8;23.6;21.5;80.6;6;2.1;60.6;
1996-08-31;14;116.4;null;null;189.9;5;18;124;null;1012.7;26;23.6;21.7;80.8;5;2.2;61.5;
1996-09-30;14;71.2;null;null;196.3;4.7;18;206.4;null;1011.3;26.9;24.2;21.8;83.6;5;2;63.2;
1996-10-31;9;88.2;null;null;222;3.7;9;111.1;null;1008.3;28.7;25.6;23.1;81.6;3.3;1.8;63.9;
1996-11-30;5;76.6;null;null;155.8;6.3;16;228.6;null;1006.2;29.1;25.7;23.1;84.2;4.7;1.8;56;
1996-12-31;14;86.3;null;null;270.6;4;8;73.8;null;1006.4;30.3;26.7;24.3;81.9;4.1;1.8;62.1;
1997-01-31;9;84.2;null;null;228.7;4;9;38.3;null;1006.3;30.4;27;24.6;79.3;5;1.5;62.9;
1997-02-28;9;67.4;null;null;153.7;5.4;27;225.6;null;1007.9;29.1;25.9;23.5;83.7;4.1;1.5;60.4;
1997-03-31;14;64.2;null;null;148.2;6.1;22;277.6;null;1006.7;28.8;25.9;23.6;86;3.3;1.5;57.6;
1997-04-30;14;74.7;null;null;179.2;5.4;22;346.9;null;1008.4;28.2;25.7;23.7;84;5;1.4;57.1;
1997-05-31;14;96.1;null;null;148.1;6.3;26;165.4;null;1010.5;27.2;24.8;22.9;84.2;5.8;2.3;57.3;
1997-06-30;14;70.2;null;null;148.1;4.9;17;168.7;null;1009.7;27;24.4;22.2;84.6;4.1;1.4;55.3;
1997-07-31;14;54;null;null;165.8;4.7;21;183.1;null;1013.5;26.5;23.7;21.4;81;4.6;2;58.4;
1997-08-31;14;null;null;null;198.4;4.6;20;52;null;1013.8;26.3;23.7;21.8;78.9;5.3;2;61.1;
1997-09-30;9;null;null;null;232.6;3.2;8;30;null;1009;28.3;25;22.6;82;4.6;1.7;60.3;
1997-10-31;5;null;null;null;238.4;3.5;9;130.1;null;1007.8;29.2;25.8;23.4;81.5;5.6;2.1;62.6;
1997-11-30;9;null;null;null;247.1;3;7;26.8;null;1007;30.2;26.7;24.2;80.6;4.3;1.8;64.8;
1997-12-31;9;null;null;null;210.5;3.5;7;24.9;null;1006.9;31.6;27.5;24.5;79.7;4.1;1.9;65.3;
1998-01-31;5;null;null;null;240.7;4.5;17;63.6;null;1006.1;31.8;28.1;25.6;80;4.1;1.8;62.1;
1998-02-28;5;null;null;null;220.7;3.4;10;55.6;null;1007.6;31.6;28.3;25.6;78.1;4.3;1.9;62.7;
1998-03-31;14;null;null;null;268;3.5;10;117.2;null;1006.8;31.3;28.2;25.8;79.7;4.1;1.9;63.8;
1998-04-30;14;null;null;null;231.2;3.6;16;206;null;1007.5;30.2;27.5;25.3;80.7;5;2;63.4;
1998-05-31;14;null;null;null;176.5;4.6;22;250.9;null;1009.8;29.3;26.5;25;83.4;8.6;2;57.1;
1998-06-30;14;null;null;null;119.9;5.9;22;358.3;null;1012.6;27.1;24.8;23.4;82.2;6.6;2.8;54.1;
1998-07-31;14;90.7;null;null;164.1;5.3;22;306.5;null;1012.5;26.5;24.2;22.5;83.3;6;2.6;58.8;
1998-08-31;14;91.9;null;null;212.6;4.7;20;155.4;null;1011.7;27.2;24.4;22.3;80.3;4.7;2.1;63.4;
1998-09-30;14;95.1;null;null;243.9;3.7;17;63.9;null;1011;28.3;25.1;22.5;77;4.1;2.1;63.2;
1998-10-31;9;110.8;null;null;267.7;3.3;11;111.8;null;1009.3;29.6;26.1;23.6;75.6;5;2.1;61.6;
1998-11-30;5;100.2;null;null;195.9;4.3;10;65.3;null;1005.8;30.2;26.7;24.1;80.2;3.8;1.9;54.5;
1998-12-31;5;119.5;null;null;234.6;3.6;11;34.5;null;1006.5;30.5;26.9;24.2;78.2;4.6;2.1;61.9;
1999-01-31;5;128.7;null;null;271.2;3.5;13;99.3;null;1006.1;30.6;27.1;24.6;76.3;3.8;2;64.8;
1999-02-28;14;108.7;null;null;204.9;4.5;19;102.9;null;1006.9;30.5;27.3;24.5;78.7;3.3;1.6;63;
1999-03-31;14;121.2;null;null;242.8;3.5;11;313.9;null;1005.6;30.6;27.3;24.8;77.9;3.6;1.9;61.9;
1999-04-30;14;81.4;null;null;198.2;5;20;376.6;null;1007.9;29;26.4;24.1;82.2;6;2.2;57.3;
1999-05-31;14;72.4;null;null;144.6;5.7;22;376.9;null;1008.9;27.7;25.1;23.1;85.7;7.1;2.1;51.7;
1999-06-30;14;77.2;null;null;151.1;5.1;22;185;null;1010.1;27.1;24.6;22.4;83.1;6.2;2.1;55.2;
1999-07-31;14;101.5;null;null;186.4;4.8;26;225;null;1012.4;27;24.1;22;80.3;6;2.3;57.4;
1999-08-31;14;97.4;null;null;174.9;5.3;22;323.5;null;1013;26.4;23.5;20.8;79.3;8.1;2.8;57.9;
1999-09-30;14;104.4;null;null;217.8;4.4;16;141.2;null;1010.4;27.3;24;21.4;77.8;6;2;59.1;
1999-10-31;14;120.6;null;null;191.5;5.3;14;163.9;null;1009.5;27.9;24.7;22.1;78.3;5;2.3;56.1;
1999-11-30;5;85.8;null;null;174.9;5.5;19;275.5;null;1007.2;28.3;25.2;22.7;82.6;5.8;2.2;54.5;
1999-12-31;5;92.5;null;null;204.3;5.1;20;94.2;null;1006.5;29.8;26.2;23.8;82.5;4.1;1.7;54.8;
2000-01-31;5;102.4;null;null;234.1;4.3;11;29.5;null;1005.6;30.6;26.7;24.3;80.5;3.3;1.7;60.6;
2000-02-29;14;101.3;null;null;214.7;4.1;15;85.3;null;1007;31;27.2;24.5;80.6;3.6;1.7;63.3;
2000-03-31;14;91.2;null;null;231.8;4.4;21;191.9;null;1006.1;30;26.6;24.1;81.9;3.3;1.6;59;
2000-04-30;14;73.1;null;null;160.1;5.8;25;365.4;null;1007.4;28.8;25.9;23.6;85.3;4.3;1.8;57.5;
2000-05-31;14;78;null;null;162.6;5.1;23;248.5;null;1008.7;28.1;25.4;23.1;83.6;4.8;2;58.9;
2000-06-30;14;89.6;null;null;145.2;5.2;25;310.5;null;1010.8;26.9;24.5;22.5;83.1;6.6;2.4;55.3;
2000-07-31;14;98.2;null;null;175;5.4;23;201.1;null;1010.8;26.4;23.6;21.3;83.1;6.1;2.2;57.9;
2000-08-31;14;95.2;null;null;160.6;5.6;20;136.2;null;1011.9;26.6;23.7;21.5;83.2;5.8;2.3;58.5;
2000-09-30;9;101.6;null;null;191.9;5.5;23;161.6;null;1010.6;27.4;24.4;21.9;80.9;5.1;2.4;56.8;
2000-10-31;5;119.5;null;null;272.5;3.5;9;15.9;null;1009.7;29.6;25.8;23.2;76.3;4.1;2.2;63.2;
2000-11-30;5;94.9;null;null;221.7;4.4;12;74.3;null;1006.6;30.1;26.3;23.9;79.4;3.6;2;61.3;
2000-12-31;5;99.1;null;null;192.7;5.3;13;88;null;1007;30.1;26.3;23.9;79.4;4.1;1.9;59.2;
2001-01-31;14;97.4;null;null;253.2;4;18;95.2;null;1008.6;30.2;26.5;23.7;78.4;3.3;1.9;64.7;
2001-02-28;14;94.9;null;null;234.5;3.4;9;28.6;null;1006.9;31.7;27.5;24.8;76.3;4;1.9;64.3;
2001-03-31;14;84.2;null;null;215.6;4.9;16;264.1;null;1007.6;30.4;27;24.4;80.9;3.3;1.7;59;
2001-04-30;14;87.4;null;null;220.9;4.9;22;103.5;null;1008.4;30;26.7;24.4;80;4.1;1.8;55.5;
2001-05-31;5;72.2;null;null;191.9;4.1;18;199.2;null;1008.4;29.2;26.2;23.9;84.5;4.3;1.8;59.4;
2001-06-30;14;83.6;null;null;155.9;5.5;27;195.9;null;1011.6;27.3;24.6;22.4;82.5;4.3;2.1;56.4;
2001-07-31;14;75.5;null;null;180.1;4.8;20;220.3;null;1011.7;26.6;23.9;21.8;82.4;5;2.3;58.4;
2001-08-31;14;91;null;null;159.6;6.1;26;149.7;null;1014.4;26.4;23.6;21.1;80.6;5;2.6;55.2;
2001-09-30;14;81;null;null;203.5;4.7;15;190.8;null;1010.6;27.2;24.2;21.4;81.4;6.6;2.3;56.8;
2001-10-31;14;84.5;null;null;209.9;5.2;16;202.3;1014.9;1009;28.3;25.1;22.6;82.2;6.2;2.3;93.4;
2001-11-30;5;100.4;null;null;247.1;3.5;7;30.3;1013.3;1007.2;30.1;26.4;23.2;77.7;3.6;2.1;96.5;
2001-12-31;5;90;null;null;246.7;4.4;15;97.4;1013.1;1007;30.2;26.6;23.8;78.5;3.8;2;61.5;
2002-01-31;5;76.4;null;null;208.5;5.1;22;252.4;1013.1;1007.2;29.8;26.2;23.6;80.6;3.5;1.8;56.9;
2002-02-28;5;83.3;null;null;222.7;3.5;7;102.8;1013.8;1007.9;30.5;26.9;24.1;78.2;4;1.9;66.5;
2002-03-31;14;74.2;null;null;265.1;4.2;19;102.1;1013.7;1007.9;30.9;27.2;24.3;78.9;4.6;1.9;63;
2002-04-30;14;74.5;null;null;217.4;4.5;21;69.3;1013.5;1007.5;30.2;26.7;24.1;78.1;3.3;1.8;63.7;
2002-05-31;14;73.5;null;null;174.3;4.3;19;351.6;1015.4;1009.4;28;25.3;23;81.3;8.8;2;57.6;
2002-06-30;14;68.2;null;null;140.3;6.1;29;209.4;1018.3;1012.3;27.4;24.5;22.4;84.1;5;2;54.8;
2002-07-31;14;61.6;null;null;144.9;5.7;25;254.8;1018.4;1012.5;26.7;23.9;21.9;86.9;5.1;1.9;56.3;
2002-08-31;9;85.1;null;null;212.7;4.3;22;162.8;1019;1012.9;27.2;24;21.7;82.3;4.3;2.1;59.5;
2002-09-30;5;67;null;null;194.7;4.6;20;258.8;1016.6;1010.6;27.8;24.6;22.4;84.1;4.3;1.8;57.5;
2002-10-31;9;91.1;null;null;44;2.5;9;16;1015.6;1009.6;29.5;25.8;23;77.7;4.1;1.2;66.9;
2002-11-30;5;98.8;null;null;238.3;3.8;10;25.2;1014.9;1009;30.7;26.5;23.4;78.4;4.5;1.7;62.5;
2002-12-31;5;112.9;null;null;228.4;4;6;22.7;1012.9;1007.5;31.5;27.1;23.9;78.5;4.1;1.5;60.6;
2003-01-31;5;108.1;170.9;170.9;266.4;2.9;8;26.7;1013.1;1007.3;32.4;27.7;24.6;77.6;3.3;1.5;63.1;
2003-02-28;14;97.7;147.5;147.5;224.9;4.1;13;97.3;1014;1008.1;31.5;27.5;24.5;78.5;4;1.4;65;
2003-03-31;14;79.4;151.4;151.4;222.4;5.1;22;206.3;1013.3;1007.4;30.6;27.1;24.2;81.7;3.3;1.2;58.5;
2003-04-30;14;80.6;138.5;138.5;217.8;4;18;186.8;1014;1008.1;30;26.9;24.2;81.4;3.3;1.3;61.8;
2003-05-31;14;65.6;119.8;119.8;159.8;5.8;22;550.5;1015.3;1009.3;28.7;25.7;22.9;85.1;5.8;1.6;54;
2003-06-30;14;67.6;101.6;101.6;158.8;5;23;237.5;1016.7;1010.7;27.5;24.8;22.4;82.9;3.6;1.6;60;
2003-07-31;14;85.4;97.3;97.3;170.2;4.9;22;186.5;1018.9;1012.9;27;24.2;21.5;79.8;4.6;1.8;58.5;
2003-08-31;14;72.9;95.5;95.5;168.5;5.2;21;136.7;1018.5;1012.5;27.1;24;21.3;83.3;5;1.5;60.8;
2003-09-30;14;74.3;null;null;217.5;3.9;17;168.7;1017.6;1011.6;27.9;24.5;21.7;79;7.3;1.9;62.6;
2003-10-31;14;101.2;null;null;249.9;3.7;12;72.2;1015.6;1009.7;29.1;25.5;22.7;75.9;6.6;2.1;61.9;
2003-11-30;14;89;null;null;233.1;4.6;17;132.8;1013.7;1007.8;29.8;26.2;23.4;78.5;5;1.4;61.1;
2003-12-31;14;107.7;null;null;272.5;3.1;8;15.2;1013.5;1007.6;31.4;27.2;23.9;75.2;3.3;1;63.7;
2004-01-31;14;82;null;null;173.6;5.8;20;319.4;1011.9;1006;30.6;26.6;23.7;80.9;4.1;1.3;59.8;
2004-02-29;14;72;null;null;216.5;4;13;165.3;1013.2;1007.3;30.5;26.9;24;80.5;3;1.5;63.6;
2004-03-31;14;73.4;null;null;206.6;4.9;16;121.9;1013;1007.1;30.2;26.9;24;82.6;4.3;1.5;61.5;
2004-04-30;14;66.1;null;null;171.6;5.4;21;278.4;1014.2;1008.3;29.4;26.3;23.6;83.8;3.3;1.5;60.5;
2004-05-31;14;62.2;null;null;172.2;4.5;22;159.5;1015.7;1009.7;28.6;25.5;22.8;83.4;4.3;1.4;62.1;
2004-06-30;14;60;null;null;145.1;5;28;326.3;1018.8;1012.9;27.4;24.3;21.6;83;5;1.7;57.7;
2004-07-31;14;75.6;null;null;142.9;5.6;27;218.4;1018.3;1012.3;26.2;23.4;20.7;81.8;6.3;2.4;57.3;
2004-08-31;18;68;null;null;180.9;4.9;20;129.5;1019.4;1013.3;26.7;23.4;20.5;82.4;6;2.1;62.3;
2004-09-30;14;100.3;null;null;237.1;3.5;13;40.5;1017.8;1012;28.1;24.5;21.4;76.6;4.3;2.2;65.2;
2004-10-31;14;77.9;null;null;221.5;4;18;82;1015;1009;29.2;25.3;21.9;80.2;3.3;1.8;61.3;
2004-11-30;14;79.1;null;null;206.8;4.2;15;167.6;1013.6;1007.7;29.8;25.9;22.5;81;3.3;1.8;60.7;
2004-12-31;9;105.8;null;null;297;2.4;4;10.9;1012.9;1007;31.2;26.9;23.4;76.5;3.3;1.8;67.4;
2005-01-31;9;91.4;null;null;245.3;3.6;12;42.9;1012;1006.1;31.8;27.3;24.1;78.5;3.3;1.8;64.5;
2005-02-28;5;65;null;null;150;5.2;16;349.4;1012.1;1006.1;30.4;26.9;23.8;83.2;5;1.7;58.6;
2005-03-31;14;70.1;null;null;238.1;3.4;13;349.4;1012.8;1006.9;31;27.2;24.1;82.6;3.3;1.4;64.4;
2005-04-30;14;51;null;null;148.4;5.9;26;415;1014.1;1008.2;29.5;26.3;23.7;85.8;3.3;1.3;60.7;
2005-05-31;14;64.8;null;null;171.1;4.9;21;198.2;1015.1;1009.2;28.7;25.8;23.5;85.2;5.3;2;61.7;
2005-06-30;14;45.9;null;null;131.3;5.7;25;421.1;1017.4;1011.5;27.3;24.5;22.4;88.1;5;2;53.5;
2005-07-31;18;69.8;null;null;152.4;5.3;22;204.1;1019.3;1013.3;26.6;23.7;21.4;83.9;7;2.3;59.1;
2005-08-31;14;82.3;null;null;204.7;4.5;27;117.1;1019;1013;27.4;24.2;21.8;81.3;3.3;1.8;61.6;
2005-09-30;14;79.3;null;null;234.8;3.7;10;50.6;1017.3;1011.4;28.5;25.1;22.7;80.4;3.3;1.9;64;
2005-10-31;5;95.6;null;null;269.2;3.2;11;32.9;1015.7;1009.8;30.2;25.9;23.2;76.7;3.3;1.8;66.3;
2005-11-30;5;88.4;null;null;208.8;4.2;10;72.8;1013.4;1007.4;30.1;26.4;23.6;78;4;1.9;62.3;
2005-12-31;5;86.3;null;null;229.1;4.3;12;75.5;1012.4;1006.6;30.6;26.7;23.8;79;4.5;1.8;63.2;
2006-01-31;14;112.7;null;null;280.6;3.2;13;40.1;1013.6;1007.7;32;27.2;23.8;74;3.3;1.7;67.9;
2006-02-28;5;105.5;null;null;248.6;2.6;5;7.1;1012.2;1006.4;33.2;28.1;24.9;73.5;3.3;1.8;67.5;
2006-03-31;5;98.7;null;null;223.9;4.4;11;35.9;1012.3;1006.5;32.5;28;24.7;76.4;6.1;1.7;64.4;
2006-04-30;14;55.3;null;null;147.5;6.2;25;587.4;1012.7;1006.8;29.7;26.3;23.4;86;3.3;1.5;59.5;
2006-05-31;14;65.9;109.3;109.3;129.4;6.1;21;396.5;1016.2;1010.3;27.7;25;22.3;84.2;6.1;2.2;56.8;
2006-06-30;14;75.1;88.6;88.6;105.2;6.9;22;401.4;1018.4;1012.4;26.5;23.8;21.2;84.5;5;2.2;52.8;
2006-07-31;14;83.4;88.3;88.3;157.2;5.4;15;91.7;1019.3;1013.3;26.3;23.4;20.8;81.9;5;2;55.6;
2006-08-31;14;69.1;95.5;95.5;211.2;4.2;20;122.7;1018.4;1012.4;27.4;23.9;21;81;3.8;1.5;63.5;
2006-09-30;14;75.5;99.4;99.4;199.1;4.8;12;126.9;1017.5;1011.5;27.7;24.2;21.1;82.1;6.1;2;58.5;
2006-10-31;5;76.3;121;121;168.6;5.8;20;258.9;1014.6;1008.8;28.8;25.1;22.2;82.9;5;1.7;54;
2006-11-30;5;69.2;128.2;128.2;212.8;4.2;12;220;1013;1007.1;29.4;25.7;22.4;82.7;3.3;1.6;58.2;
2006-12-31;5;88.4;155.9;130.3;262;3.5;10;30.3;1013.8;1007.9;30.9;26.8;23.4;79.6;4.1;1.6;65.7;
2007-01-31;5;106.7;166.8;20;255.3;3.3;7;20;1013.4;1007.5;32;27.5;23.8;77.4;4;1.7;65.3;
2007-02-28;5;64.7;130.5;130.5;151.3;5.6;20;282.6;1013.3;1007.3;30.5;26.5;23.2;84.6;3;1.4;58.4;
2007-03-31;14;78.7;142.4;142.4;233.5;4.3;21;86.8;1014;1008.1;30.4;26.6;23.1;80.7;3.1;1.4;65.2;
2007-04-30;14;71.2;128.5;128.5;183.6;4.8;16;143.2;1014.2;1008.2;29.7;26.3;22.9;81.6;3.3;1.3;60.7;
2007-05-31;14;78.5;113.7;113.7;164.9;5;16;211.2;1015.7;1009.9;28.3;25.3;22.5;83.4;6.6;1.8;59.4;
2007-06-30;14;77.6;93.7;93.7;160;4.6;18;134;1018.3;1012.3;27.3;24.2;21.3;81.8;4.1;1.6;60.8;
2007-07-31;14;74.2;90.8;90.8;172.2;4.9;20;130.4;1018.7;1012.7;27;23.7;20.5;82.9;8.3;1.6;60.2;
2007-08-31;14;83.9;89.1;89.1;197.6;5.3;22;109;1019.4;1013.4;26.8;23.4;20.2;81.2;4.1;1.9;60.8;
2007-09-30;14;84.8;95.3;95.3;217.6;4.5;16;85.8;1019.4;1013.4;27.8;23.9;20.3;80.2;3.6;1.7;63.8;
2007-10-31;9;86.8;121;121;208.7;4.3;12;78.9;1015.9;1010;29.1;25.3;22.5;80.7;8;1.9;63.9;
2007-11-30;9;100.7;141.8;67.5;211.1;4.2;10;19.1;1013.3;1007.3;30.6;26.5;24.1;80.7;8.1;2;64.3;
2007-12-31;9;108.3;150.2;18.8;235.9;3.8;8;18.8;1013.1;1007.1;31.6;26.5;22.3;78;3.8;1.8;65.2;
2008-01-31;14;115.3;155;17.8;255.6;3.6;8;17.8;1012.8;1006.9;31.9;26.9;22.7;77.2;4.1;1.5;67.3;
2008-02-29;9;91.4;147.3;147.3;230;4.1;11;183.8;1012.9;1007;32.1;27.2;23.1;80.1;4.1;1.5;65.5;
2008-03-31;14;75;145.8;145.8;207.3;5;15;132.8;1012.5;1006.6;31;26.8;22.9;84.7;3.3;1.5;61.9;
2008-04-30;14;61.8;131.7;131.7;201.9;3.7;17;154.3;1012.2;1006.3;30;26.5;22.7;83.7;2.8;1.4;65.8;
2008-05-31;14;77.1;112.2;112.2;149;5.6;15;203.6;1015.3;1009.4;28.1;25.2;21.9;83.9;6;1.8;57.7;
2008-06-30;14;65.6;89.9;89.9;159.3;5.7;22;178.2;1017.5;1011.5;27.3;23.9;20.4;84.7;4.1;1.8;58.3;
2008-07-31;18;81.8;83.5;83.5;162.6;5.6;24;149.1;1019.4;1013.4;26.2;23.1;19.2;81.2;5;2;60;
2008-08-31;14;70.6;89.1;84.9;196;4.7;16;58.7;1017.7;1011.7;26.9;23.3;19.5;83;3.3;1.6;64.8;
2008-09-30;9;76.9;103.6;73.4;174.4;5;12;37.8;1017.5;1011.6;28.3;24.5;20.6;78.9;3.5;1.7;63.5;
2008-10-31;9;92.1;127.6;55.3;246;3.7;13;31.7;1016.3;1010.3;30.2;25.7;21.3;77.7;3.3;1.7;66;
2008-11-30;5;98.7;135;84.7;217.5;3.7;6;78.4;1013;1007.1;30.7;26.2;21.9;78.8;3.3;1.3;64.5;
2008-12-31;5;66.2;135.8;105.8;174.3;5.5;16;103.5;1012.4;1006.4;29.7;25.8;21.9;82.5;3.3;1.4;61.5;
2009-01-31;5;92.8;158.9;34.7;254.6;3.9;11;30.3;1013.1;1007.3;31.7;27.1;22.6;77.3;3.3;1.6;67.4;
2009-02-28;5;79.6;133.7;122.3;194.4;4.6;18;122.1;1012.7;1006.8;31.1;26.7;22.1;79.7;2.8;1.3;62;
2009-03-31;5;86.3;155.1;26.7;233;3.7;8;25.6;1011.7;1005.8;31.9;27.3;22.6;77.9;3.3;1.4;66.5;
2009-04-30;18;56.6;122.2;122.2;145.9;5.7;20;506.6;1013.5;1007.5;29.6;25.9;21.9;84.8;4.3;1.6;58.1;
2009-05-31;14;58.6;103.7;103.7;98.6;6.8;24;549.3;1015.2;1009.2;27.3;24.6;21;87.7;6.1;2.1;49.7;
2009-06-30;14;61.4;101.6;101.6;163.6;4.9;17;155.1;1017.3;1011.3;27.6;24.9;22.5;84.8;4.3;1.6;62.3;
2009-07-31;14;63.2;98.6;98.6;189.4;4.6;20;158.9;1017.9;1012;27.3;24.3;22;84.2;3.3;1.4;62.3;
2009-08-31;14;77.8;99.5;99.4;181.4;5.2;20;93.8;1018.1;1012;27.5;24.3;21.7;81.6;3.3;1.5;63.5;
2009-09-30;5;78.6;112.1;96.6;231.9;3.5;11;56.1;1017.1;1011.1;28.8;25.1;21.8;80.5;3.3;1.4;67.2;
2009-10-31;5;80.2;132.5;132.5;166.7;5.1;11;162.4;1013.4;1007.5;29.6;25.9;22.9;82.4;3.3;1.7;62.3;
2009-11-30;5;96.3;140.1;98.5;260;2.8;5;48.1;1013.5;1007.5;30.6;26.4;22.7;77.8;12.8;1.8;68.7;
2009-12-31;5;109.4;165.7;32.5;232.9;4.1;5;5.8;1013.3;1007.4;31.9;27.3;23.6;77.9;5;1.8;68.1;
2010-01-31;5;93.7;160.8;82.3;236.1;3.8;15;78.5;1013.6;1007.8;31.5;27.2;23.4;78.8;3;1.5;66;
2010-02-28;14;100.8;160.2;21.4;195.4;4.8;12;19.2;1013.4;1007.5;32.9;28.2;24.3;75.8;3;1.5;68.4;
2010-03-31;5;82.6;160.8;123;207.1;4.5;14;122.8;1012.6;1006.7;31.9;27.6;23.8;83.9;3.3;1.5;64;
2010-04-30;18;24.9;125.3;125.3;144;5.6;25;448.8;1013.6;1007.7;29;26.1;22.9;88.1;5;1.8;55.8;
2010-05-31;14;21.9;119.8;119.8;168;5.1;20;243.8;1014.5;1008.5;28.6;25.7;22.4;85.4;4.1;1.4;61;
2010-06-30;18;70.1;96.2;96.2;127.2;6.2;24;96.6;1018.1;1012.1;27;24.4;21.3;83.2;5;2.5;55.8;
2010-07-31;14;55.1;84.6;84.6;143.5;6.3;29;492.5;1019;1013;26.2;23.2;19.9;87.5;5.1;1.8;54.7;
2010-08-31;14;73.3;84.1;84.1;180.5;5.2;26;176.3;1019.5;1013.5;26.4;23;19.3;82.8;12.6;1.8;61;
2010-09-30;14;82.7;94;87.6;187;5.2;19;55.8;1018.1;1012.1;27.3;23.8;20;81.2;5;1.7;63.7;
2010-10-31;5;76.8;129.1;91.9;220.7;4.1;7;56.7;1014.4;1008.5;29.9;25.6;21.7;83.4;4.1;1.8;65.5;
2010-11-30;5;91.8;136.6;47.8;212;3.4;5;27.2;1012.5;1006.8;30.7;26.3;22;80.2;3.3;1.8;67.7;
2010-12-31;5;81.8;144.7;106;196.3;4.2;11;102.5;1010.9;1005;30.6;26.3;22.1;82.5;3.3;1.6;65.2;
2011-01-31;5;73.6;136.8;136.8;214.1;4.7;19;170.3;1012.2;1006.2;30.1;25.9;21.7;84.5;5;1.5;64.5;
2011-02-28;5;84.5;138.8;70.7;224.8;4;12;46.2;1013;1007.1;31.5;27;22.5;79.5;3;1.5;68.8;
2011-03-31;5;69.4;144.1;144.1;182.8;5.3;15;200.7;1011.7;1005.8;30.5;26.7;22.4;85.3;4.1;1.6;64;
2011-04-30;14;53.7;119;119;182.2;5.5;24;331;1013.6;1007.7;29.3;25.7;21.4;87.2;3.3;1.4;59.7;
2011-05-31;14;53.1;100.7;100.7;138.5;6.9;27;304.2;1015.3;1009.3;27.5;24.4;20.4;87.8;4.1;1.5;57.6;
2011-06-30;14;50.8;83.6;83.6;134;6.1;19;277.7;1017;1011;26.5;23.4;19.5;88.2;5.8;1.5;56.7;
2011-07-31;14;72.4;84.4;81.1;198.4;5;17;57.6;1018;1012.2;26.8;23.2;19.3;83;3.8;1.4;62.1;
2011-08-31;14;65.3;87.5;87.5;188.6;4.5;18;91.3;1018.2;1012.3;27;23.3;19.1;84.1;3.5;1.4;61.6;
2011-09-30;14;77.9;89.9;81.5;189.1;4.9;12;62;1019.3;1013.3;27.1;23.5;19.6;80.8;5;1.9;62.2;
2011-10-31;5;63.8;114.6;114.6;186;5.2;17;208.5;1014.2;1008.2;28.9;24.8;21;86;7.1;2;61.9;
2011-11-30;5;64.3;115.3;115.3;162.4;5.5;17;319.2;1014.3;1008.3;28.4;24.9;21.5;85.4;5.3;2;56.6;
2011-12-31;5;70.7;139.2;132.6;201.5;4.7;10;100.7;1013.5;1007.5;30;26;22.6;82.7;3.3;1.5;65;
2012-01-31;5;86.2;145.6;81.1;242;4.2;14;35.7;1014.2;1008.3;30.6;26.4;22.9;80.5;3.3;1.5;67.6;
2012-02-29;5;71.8;130;81;207.5;4.1;16;70.9;1013.8;1007.9;30.4;26.2;22.7;83.1;3;1.3;67.5;
2012-03-31;5;81.3;138.6;80.6;239.1;3.8;15;74.7;1014.2;1008.3;30.4;26.3;22.8;82.9;3.3;1.4;67.7;
2012-04-30;14;75.3;128.3;52.5;221.1;4.2;15;48.8;1014.1;1008.2;30.5;26.3;22.7;82.4;3.3;1.3;66.3;
2012-05-31;14;29.9;109.1;109.1;159.8;5.5;20;411.5;1016.2;1010.3;28.2;25;22.1;87.2;5;1.7;56.9;
2012-06-30;18;46.8;93.4;93.4;167.8;5.3;19;170.2;1017.9;1011.9;27.5;24.2;21.3;87.1;4.3;1;59.8;
2012-07-31;14;59.2;86.8;86.8;186.5;4.7;19;162.5;1018.7;1012.7;26.7;23.4;20.4;85.7;3.3;1.3;60.8;
2012-08-31;14;65.3;83.9;83.9;211.3;4.8;24;137.4;1020.5;1014.5;26.4;23;19.7;85.4;3.3;1.6;64.2;
2012-09-30;5;75.2;99.2;80.3;204.6;4.7;1;30.7;1019.1;1013.1;28;24.2;20.8;82.5;5.3;1.6;65.2;
2012-10-31;5;78.1;113.1;90.1;206.6;4.6;19;73.6;1016.2;1010.3;28.6;24.7;21.3;83.1;4.1;1.5;63.9;
2012-11-30;5;82.8;133.2;56.7;170.2;5.6;9;35.5;1012.8;1006.9;30.2;26;22.5;80.1;3.8;1.6;64.8;
2012-12-31;5;110.3;154;20.4;239;3.3;8;10.7;1013.2;1007.3;31.7;26.8;22.7;75.3;3.5;1.5;68.1;
2013-01-31;5;102.1;162.8;38.4;218.1;4.9;9;36.2;1013.6;1007.4;32.1;27.3;23.4;77.9;3.3;1.5;65.8;
2013-02-28;14;101.8;147.5;29.2;226.9;3.8;15;28.6;1013.7;1007.9;32.8;27.6;23.5;76.7;4.1;1.6;67.9;
2013-03-31;14;105.9;164.8;38.6;255;2.8;11;38.4;1013.6;1007.6;32.8;27.8;23.8;78.1;3.3;1.4;66.5;
2013-04-30;18;73.9;131.7;131.7;149.8;5.9;17;230.8;1014.4;1008.4;30.3;26.5;23.1;82.6;5.8;1.8;59.2;
2013-05-31;18;48.6;110.6;110.6;166.3;5.3;19;231.1;1015.9;1009.9;27.9;25.1;22;87;4.6;1.3;60.5;
2013-06-30;18;25.5;90.9;90.9;113.3;5.9;26;308.4;1017;1011;26.7;23.9;21.3;90.3;3.1;1;57.7;
2013-07-31;18;48.1;90.6;90.6;142.5;5.4;27;198;1018.6;1012.5;26.4;23.7;20.7;86.1;3.3;1.2;58.3;
2013-08-31;14;56.8;87.5;87.5;186.1;5.7;23;211.2;1018.2;1012.3;26.7;23.3;20;84.8;4.1;1.4;62.7;
2013-09-30;14;57.5;96.4;96.4;191.3;4.9;18;109.4;1017.7;1011.7;27.5;24;20.4;83.9;5;1.2;63.8;
2013-10-31;14;75.3;114.6;114.6;205.1;4.8;15;208.6;1016.3;1010.3;28.2;24.8;21.1;82.4;5.1;1.4;84;
2013-11-30;5;72.2;119.9;119.9;196.3;5.3;14;209.2;1013.6;1007.6;28.9;25.4;21.4;83;3.3;1.2;63.8;
2013-12-31;5;69.3;135.7;135.7;167.5;5.1;11;158.2;1012.6;1006.7;29.4;25.9;22.2;82.8;3.3;1.1;61.7;
2014-01-31;14;71.9;134.9;106.2;204.9;4.8;1;48.3;1014.9;1008.9;29.5;25.9;22.1;81.6;2.5;.6;66.6;
2014-02-28;14;54.7;117.8;117.8;188.3;5.3;null;142.7;1013.7;1007.7;29.4;25.7;21.9;83.8;8.9;.8;63.5;
2014-03-31;5;62.9;137;134.1;228.3;5.1;null;128.8;1013.8;1007.9;30;26.3;22.4;82.1;5.3;.7;66.8;
2014-04-30;18;63.4;123.6;116.5;200.7;4.4;null;107.1;1014.2;1008.3;29.2;26;22.5;83.9;6.6;.8;63.5;
2014-05-31;0;45.5;103.5;103.5;153.1;5.4;null;247.2;1015.6;1009.6;27.6;24.6;21;87.3;6.6;.9;59.5;
2014-06-30;18;45.5;87.2;87.2;148.9;5;null;240.6;1017.7;1011.7;26.7;23.7;20.3;87.2;2.5;.7;61.3;
2014-07-31;18;46.4;85.6;85.6;156.5;6.3;null;198.9;1020.2;1014.1;26.2;23.3;20.3;87.8;3.3;.8;52.9;
2014-08-31;14;65.1;90.1;86;190.2;4.9;null;60.2;1019.7;1013.6;26.4;23.5;21.2;82.5;5.3;1;63.8;
2014-09-30;9;66.5;96.4;95.4;170.3;4.5;null;92.7;1018.2;1012.1;27.5;24;21.4;83.3;4.1;1;63.2;
2014-10-31;14;86.8;119.2;70.5;203.1;5;null;27.7;1017.2;1011.4;28.9;25.2;22.5;78.5;7.5;1.1;65.5;
2014-11-30;5;69.4;126.4;73;156.3;5;null;59;1013.8;1008.3;29.4;25.6;22.9;81.4;3.3;1.1;62.8;
2014-12-31;9;71.5;137.4;137.4;175.8;5.8;null;194.2;1014.5;1008.9;29.5;25.9;23.1;82.2;2.5;.7;63.4;
2015-01-31;9;85.2;147.5;95.4;228.3;3.6;null;51.3;1015.3;1009.4;30.3;26.5;23.6;79;2.5;.7;68.1;
2015-02-28;5;67.9;133.7;99.3;184.1;4.6;null;89.6;1014.3;1008.4;30.6;26.8;23.9;81.8;2.5;.8;63.2;
2015-03-31;5;78.8;153.3;43.7;210.5;4.1;null;31.3;1013.6;1007.7;31.3;27.2;24.2;79.7;2;.7;66.9;
2015-04-30;0;55.9;130.1;130.1;170.5;5.2;null;394.2;1013.8;1007.9;29.7;26.4;23.7;85.7;3.3;.7;59.3;
2015-05-31;0;35;104.9;104.9;131.9;6.9;null;639;1016;1010;27.4;24.7;22.5;91.5;5;.9;53.9;
2015-06-30;0;37.3;89.6;89.6;117.8;6.8;27;353.1;1018.4;1012.4;26.6;23.8;21.6;91;2.5;.6;55.7;
2015-07-31;0;42.3;90.6;90.6;171.6;5.5;null;183.9;1018.9;1013;26.6;23.7;21.6;89;2.5;.4;61.3;
2015-08-31;14;59.1;88.8;88.8;189.6;4.7;null;87.5;1019.3;1013.3;26.5;23.4;21.2;84.9;3.3;.7;63.9;
2015-09-30;5;68.2;106.1;78.1;212.6;3.6;null;21.9;1017.5;1011.5;28.4;24.7;21.9;82;2.5;.7;67;
2015-10-31;5;85.2;129;45.3;206.4;3.5;null;16.6;1016.7;1010.8;29.7;25.7;23;79.1;2.5;.7;67.4;
2015-11-30;5;94.9;149;13.8;196.9;3.2;null;3.2;1013.6;1007.7;31.4;26.9;23.8;77.7;2.5;.9;68.2;
2015-12-31;5;102.9;161.7;18.2;224.5;3.4;null;15.7;1015.4;1009.5;32;27.2;23.8;76.8;3.3;.8;68;
2016-01-31;5;65.9;153.1;153.1;129.3;6;null;162.5;1013.6;1007.6;30.3;26.8;24.2;83.2;3.3;.6;60;
2016-02-29;0;74.1;150.9;47.3;208.2;3.2;null;40.5;1014.9;1009;31.3;27.3;24.3;78.7;1.6;.5;67.2;
2016-03-31;14;85.8;164.6;67.6;248.5;2.9;null;65.5;1015.5;1009.6;31.7;27.8;24.6;75.9;1.6;.5;67.7;
2016-04-30;14;74.2;138.3;69.3;213.3;4.4;15;68.4;1015.7;1009.7;30.9;26.9;23.8;78.9;2.5;.6;65.8;
2016-05-31;0;48.8;112;112;158.2;5.6;null;242.2;1017.7;1011.8;28.2;25.2;22.5;85.8;4.1;.6;55.5;
2016-06-30;18;55.1;97.3;97.3;147.4;5;null;126.2;1019.5;1013.5;27.6;24.5;21.5;85.2;5.8;1.1;55.7;
2016-07-31;14;61.5;94.5;94.4;195.9;4.3;null;91.5;1019.9;1014;27.3;24;21;82.2;3.3;.7;61.5;
2016-08-31;14;63.6;99.4;99.4;187.3;4.8;18;180.9;1019.3;1013.5;27.6;24.2;21.7;81.7;3.3;.8;59.5;
2016-09-30;5;58.2;102;102;159.5;5.8;null;122.3;1018.8;1012.8;27.8;24.4;21.9;83.1;3.3;.7;58.8;
2016-10-31;5;73;130.8;117.6;215.6;4.2;null;74.7;1016.3;1010.3;29.6;25.9;22.9;81.2;2.5;.9;66;
2016-11-30;5;75.4;136.6;86.5;176.6;4.7;null;54.5;1014.8;1008.9;30.2;26.2;23.3;79.9;3.3;1.1;65;
2016-12-31;5;82;154;69.2;190.9;4.6;null;53.3;1014.4;1008.5;31;26.8;23.8;78.1;2.5;.8;66;
2017-01-31;14;103.4;164.8;30.4;256.8;3;null;23.5;1014.9;1009;32.4;27.5;23.8;72.7;2.5;.8;68.7;
2017-02-28;5;79.9;142.2;96.6;184.9;5.3;null;95.8;1014.5;1008.6;31.9;27.2;24.1;77.2;2.5;.7;65.4;
2017-03-31;5;75.9;144.1;144.1;203.5;4.8;null;181.1;1014.5;1008.6;30.8;26.7;23.6;81.1;2.5;.7;61.9;
2017-04-30;14;47.5;125.2;125.2;174.7;5.4;null;152;1015.5;1009.6;29.3;26.1;23.7;85.5;5;.7;56.7;
2017-05-31;14;45.1;107.7;107.7;132.3;6.2;null;324.3;1016.9;1010.9;27.8;24.9;22.6;87.8;3.3;.6;54.9;
2017-06-30;14;47;93.4;93.4;144.2;5.6;null;105.7;1019.1;1013.1;27.2;24.2;21.6;86.7;2.5;.6;57;
2017-07-31;14;58.3;79.6;79.6;141;6.5;null;228.4;1022.4;1016.4;25.6;22.7;19.6;86.8;8.3;1.8;54.7;
2017-08-31;14;59.8;83.9;82.5;173.4;5.2;null;67;1019.7;1013.7;26.2;23;20;85.7;5;.9;59.5;
2017-09-30;14;57.6;89.9;89.9;181.7;5.9;null;126.1;1020.9;1014.9;27;23.5;20.2;86.8;10.6;1.2;58.5;
2017-10-31;9;71.7;116.1;108.4;188.6;4;14;74.1;1017.3;1011.4;29.2;25;21.4;84.8;3.3;.7;64.7;
2017-11-30;5;70;133.1;105.4;175.8;4.5;9;77.4;1014.4;1008.4;30.3;26;22.6;86;2.5;.8;63;
2017-12-31;5;83.4;153.9;102.1;185.8;4.7;null;83;1013.6;1007.7;31.4;26.8;23.1;80;2.5;.7;64.4;
2018-01-31;5;82.7;158.9;87.8;225.1;3.6;null;77.5;1014.3;1008.5;31.8;27.1;23.5;79.4;2.5;.7;65.5;
2018-02-28;5;72.1;142.2;69.8;180;4.4;null;65.4;1013.4;1007.5;31.6;27.2;23.8;80.3;2.5;.7;64.7;
2018-03-31;5;67.9;160.9;160.9;198.2;3.8;12;188.7;1013.2;1007.5;32.2;27.7;24.5;78.8;2.5;.7;62.5;
2018-04-30;14;null;133.4;133.4;161.2;5.4;20;241.5;null;1009.6;null;null;null;null;3.3;.7;59.7;
2018-05-31;18;null;134.2;134.2;139.8;5.8;27;220;null;1011.1;null;null;null;null;3.3;.8;56.5;
2018-06-30;14;null;128;128;129;5.8;23;175.8;null;1013.3;null;null;null;null;3.3;.6;57.7;
2018-07-31;14;null;133;113.7;169.6;4.9;22;63.6;null;1013.7;null;null;null;null;2.5;.5;59;
2018-08-31;14;null;136;88.1;189.2;4.2;15;62;null;1013.4;null;null;null;null;3.3;.8;62.7;
2018-09-30;5;null;135.8;98.8;221.3;3.5;null;90.1;null;1011.1;null;null;null;null;4.1;.9;62.8;
2018-10-31;14;62.8;134.1;73.1;205.7;4.2;null;65.6;1015.3;1009.4;29.8;25.9;23.1;78.5;4.1;.9;64;
2018-11-30;5;86.6;138.3;76.4;202.3;5.2;null;72.7;1015.3;1009.2;30.1;26.4;23.5;78.9;3.3;.9;63.5;
2018-12-31;0;77.9;150.2;149;211.9;4.2;null;149;1014.7;1008.8;30.3;26.6;23.9;79.8;1.6;.4;64;
2019-01-31;0;null;164.8;65.4;267.8;3.2;null;62.9;1016;1010.1;31.4;27.4;24.7;75.9;1.5;.5;97.8;
2019-02-28;5;91.1;168.1;2.6;242;2.7;null;1.5;1013;1007.1;32.8;28.6;25.8;75.2;2;.8;69.1;
2019-03-31;14;70;142.3;142.3;185.5;4.3;18;279.3;1013.6;1007.7;31.7;null;25.2;null;6.3;.8;67.1;
2019-04-30;14;54.4;133.4;133.4;194.5;4.6;17;228.7;1013.4;1007.7;30.2;null;25;null;1.6;.5;66.6;
2019-05-31;14;null;134.2;134.2;null;5.1;null;240.6;1014.6;1008.7;null;null;24.6;null;2.1;.8;97.5;
2019-06-30;18;70.3;105.5;105.5;138.5;6.2;23;199.1;1018.1;1012.1;28.1;25.1;23;85.1;4.1;.6;64.4;
2019-07-31;18;76.4;98.4;98.4;159.8;5.9;20;298.3;1018.3;1012.3;27.1;24.3;22.3;87;3.1;.6;64.7;
2019-08-31;18;74.8;100.7;100.7;200.3;5;23;121.3;1020.2;1014.2;27.4;24.3;22.3;83.5;6.3;.7;65.3;
2019-09-30;null;63.9;104.7;104.7;187.2;5.4;null;139.8;1018;1011.8;28;24.8;22.6;82.6;3.2;.6;65.2;
2019-10-31;null;84.8;129;122.4;234.9;4.2;16;90.4;1015.4;1009.5;29.3;25.7;23.4;79.3;null;null;66.9;
2019-11-30;null;89.3;145.4;145.4;218.2;3.7;9;211;1013;1007.1;30.1;26.7;24.1;77.8;null;null;67.8;
2019-12-31;5;null;null;null;254.9;2.8;null;43.5;1013.2;1007.3;30.8;27.2;24.6;76.8;null;null;94.7;
2020-01-31;5;73.1;null;null;184.1;4.8;null;101.6;1013.1;1007.1;30.7;27.3;24.7;80.1;null;null;65.6;
2020-02-29;14;76.1;null;null;190.7;5;null;40.2;1013.3;1007.4;31.4;27.9;25.4;78.1;null;null;66.9;
2020-03-31;14;68.7;null;null;153.7;6.5;19;272.3;1012.8;1006.9;30.5;27.4;25.1;83.7;null;null;63.1;
2020-04-30;14;53.9;null;null;143.1;6;23;545.7;1014.1;1008.1;29;26.5;24.7;86.3;null;null;64.2;
2020-05-31;14;47.2;null;null;99.2;6.8;22;489.1;1015.8;1010.2;27.7;25.4;23.5;88.5;null;null;64;
2020-06-30;14;45.7;null;null;135.5;6.7;25;212.7;1017.6;1011.6;27.8;25.1;23;85.6;null;null;66.5;
2020-07-31;14;56.3;null;null;null;6.7;21;190.3;1018.6;1012.4;28.4;null;22.1;null;null;null;66;
2020-08-31;14;73.1;null;null;null;5.5;26;155.1;1018.4;1012.3;26.9;null;22.2;null;null;null;66.4;
2020-09-30;18;74.2;null;null;194;4.6;20;102.2;1017.4;1011.5;27.9;null;22.6;null;null;null;66.8;
2020-10-31;14;86.7;null;null;223.4;3.9;10;67;1014.2;1008.5;29.9;null;23.9;null;null;null;67.3;
2020-11-30;18;70.4;null;null;169.6;5.4;14;153.5;1013.8;1007.9;29;null;23.7;null;null;null;66.2;
2020-12-31;5;103.6;null;null;249.6;3.1;12;31.9;1013.7;1007.8;30.4;null;24.4;null;null;null;68.7;
2021-01-31;18;89.6;null;null;209.4;5.1;19;158.1;1013.3;1007.6;30.2;null;24.3;null;null;null;66.8;
2021-02-28;18;85;null;null;183.6;5.1;6;54.9;1012.4;1006.7;30.7;null;24.9;null;null;null;66.4;
2021-03-31;18;99;null;null;244.2;3.8;9;65.9;1013.2;1007.3;30.6;null;24.5;null;null;null;67.7;
2021-04-30;14;61.9;null;null;144.6;5.9;20;305.7;1013.6;1007.6;28.8;null;24.3;null;null;null;66.8;
2021-05-31;18;79.3;null;null;168.1;5.3;16;121.8;1015.9;1009.9;27.8;null;23.4;null;null;null;65.8;
2021-06-30;18;66.4;null;null;131.6;5.9;25;150.7;1016.9;1011;26.8;null;22.9;null;null;null;64.7;
2021-07-31;18;58.3;null;null;111.8;6.4;24;263;1019;1013;26.1;null;21.9;null;null;null;63.2;
2021-08-31;18;73.6;null;null;181.9;5.1;22;182;1019;1012.9;26.4;null;21.8;null;null;null;66.3;
2021-09-30;18;82.2;null;null;197.7;4.4;13;37.8;1016.8;1010.9;28.1;null;22.9;null;null;null;66.3;
2021-10-31;18;83;null;null;213;4.4;12;152.1;1014.3;1008.4;30;null;24.2;null;null;null;66.9;
2021-11-30;5;61.6;null;null;null;6.5;16;316;1012.2;1006.3;29.4;null;24.1;null;null;null;63.8;
2021-12-31;5;58.9;null;null;null;7;22;387.9;1011.6;1005.7;29.5;null;24.4;null;null;null;64;
2022-01-31;18;null;null;null;null;5.5;13;37.1;1013.1;1007.2;null;null;24.7;null;null;null;97.6;
2022-02-28;18;null;null;null;null;4.8;14;109.8;1012.3;1006.5;null;null;25;null;null;null;97.7;
2022-03-31;18;null;null;null;null;4.9;23;345.5;1012.7;1007;null;null;24.5;null;null;null;97.7;
2022-04-30;18;null;null;null;null;4.4;18;420.9;1013.1;1007.2;null;null;24.2;null;null;null;97.7;
2022-05-31;18;null;null;null;null;5.7;23;204.4;1015.5;1009.6;null;null;23.8;null;null;null;97.5;
2022-06-30;18;null;null;null;null;5.6;19;118.7;1016.3;1010.3;null;null;22.8;null;null;null;97.6;
2022-07-31;14;null;null;null;null;5;28;188.2;1018.1;1012.1;null;null;21.9;null;null;null;97.7;
2022-08-31;14;null;null;null;null;5.1;19;122.4;1018.4;1012.4;null;null;21.9;null;null;null;97.6;
2022-09-30;14;null;null;null;null;5;16;71.2;1016.9;1011;null;null;22.1;null;null;null;97.6;
2022-10-31;14;null;null;null;null;4.3;15;84.8;1015.2;1009.3;null;null;23.5;null;null;null;97.8;
2022-11-30;5;null;null;null;null;7.1;23;240.7;1012.6;1006.7;null;null;23.7;null;null;null;97.4;
2022-12-31;5;null;null;null;null;4.9;13;77.7;1012.3;1006.4;null;null;24.2;null;null;null;97.7;
2023-01-31;18;null;null;null;null;4.5;17;133.7;1013.4;1007.5;null;null;24.4;null;null;null;97.8;
2023-02-28;18;null;null;null;null;4.4;18;101.2;1013.6;1007.7;null;null;24.6;null;null;null;97.7;
2023-03-31;18;null;null;null;null;5.5;25;157.6;1013.7;1007.8;null;null;24.6;null;null;null;97.6;
2023-04-30;18;null;null;null;null;4.8;16;195.7;1012.6;1006.8;null;null;24.7;null;null;null;97.7;
2023-05-31;18;null;null;null;null;6.9;27;375.1;1015.3;1009.4;null;null;23.7;null;null;null;97.4;
2023-06-30;null;null;null;null;null;5.7;20;206.9;1017.9;1012;null;null;23.1;null;null;null;97.5;
2023-07-31;null;null;null;null;null;4.8;23;104.9;1018.8;1012.8;null;null;22.4;null;null;null;97.7;
2023-08-31;null;null;null;null;null;4.9;15;115.9;1017.2;1011.3;null;null;22.6;null;null;null;97.7;
2023-09-30;null;null;null;null;null;5.1;18;63.4;1016.9;1010.9;null;null;22.9;null;null;null;97.7;
2023-10-31;null;null;null;null;null;3.7;9;26.2;1014.5;1008.6;null;null;24;null;null;null;97.8;
2023-11-30;null;null;null;null;null;4.5;11;47.5;1013.3;1007.4;null;null;24.4;null;null;null;97.7;
2023-12-31;null;null;null;null;null;4.7;13;85.9;1013.1;1007.3;null;null;24.9;null;null;null;97.8;
2024-01-31;null;null;null;null;null;5.2;10;149.9;1012.7;1006.9;null;null;25.6;null;null;null;97.7;
2024-02-29;null;null;null;null;null;5.5;17;332.5;1013.8;1008;null;null;25.3;null;null;null;97.6;
2024-03-31;null;null;null;null;null;3.8;12;117.8;1012.7;1006.8;null;null;26.1;null;null;null;97.8;
2024-04-30;null;null;null;null;null;6.7;26;821.7;1012.9;1007;null;null;25.2;null;null;null;97.4;
2024-05-31;null;null;null;null;null;5.4;24;276.4;1015;1009.1;null;null;24.5;null;null;null;97.6;
2024-06-30;null;null;null;null;null;4.8;23;178.3;1017.6;1011.5;null;null;23.1;null;null;null;97.7;
2024-07-31;null;null;null;null;null;4.9;22;94;1019.5;1013.6;null;null;23;null;null;null;97.8;
2024-08-31;null;null;null;null;null;5.4;18;138.6;1018.9;1012.9;null;null;22.6;null;null;null;97.6;
2024-09-30;null;null;null;null;null;4.1;16;51.7;1017.3;1011.7;null;null;22.6;null;null;null;97.8;
2024-10-31;null;null;null;null;null;4.4;8;19.2;1014.8;1008.9;null;null;24;null;null;null;97.8;
2024-11-30;null;null;null;null;null;5.5;17;336;1013.2;1007.4;null;null;24;null;null;null;97.6;

