Nome: NATAL
Codigo Estacao: 82598
Latitude: -5.83722221
Longitude: -35.20777777
Altitude: 47.68
Situacao: Operante
Data Inicial: 1970-01-01
Data Final: 2024-11-30
Periodicidade da Medicao: Mensal

Data Medicao;DIRECAO PREDOMINANTE DO VENTO, MENSAL(° (gr));EVAPORACAO DO PICHE, MENSAL(mm);EVAPOTRANSPIRACAO POTENCIAL, BH MENSAL(mm);EVAPOTRANSPIRACAO REAL, BH MENSAL(mm);INSOLACAO TOTAL, MENSAL(h);NEBULOSIDADE, MEDIA MENSAL(décimos);NUMERO DE DIAS COM PRECIP. PLUV, MENSAL(número);PRECIPITACAO TOTAL, MENSAL(mm);PRESSAO ATMOSFERICA AO NIVEL DO MAR, MEDIA MENSAL(mB);PRESSAO ATMOSFERICA, MEDIA MENSAL(mB);TEMPERATURA MAXIMA MEDIA, MENSAL(°C);TEMPERATURA MEDIA COMPENSADA, MENSAL(°C);TEMPERATURA MINIMA MEDIA, MENSAL(°C);UMIDADE RELATIVA DO AR, MEDIA MENSAL(%);VENTO, VELOCIDADE MAXIMA MENSAL(m/s);VENTO, VELOCIDADE MEDIA MENSAL(m/s);VISIBILIDADE, MEDIA MENSAL(codigo);
1970-01-31;14;171;null;null;281.9;4.8;6;26.9;null;1005.2;31.6;26.6;22.4;73.3;9;3;33.3;
1970-02-28;14;180.8;null;null;256.6;3.8;6;18.8;null;1004.5;32;26.8;22.2;70.2;9;3.8;33;
1970-03-31;14;131.8;null;null;209.3;5.5;15;208.4;null;1004.4;30.9;26.3;22.5;78.6;7;2.7;32.4;
1970-04-30;14;102.6;null;null;218.4;5.7;13;212.3;null;1005;30;25.7;22.2;81.6;7;2.6;30.6;
1970-05-31;14;113.4;null;null;265.7;4.8;11;60.8;null;1005.8;29.7;25.2;21.3;79.7;9;3.8;32;
1970-06-30;18;82.1;null;null;195.9;4.7;17;214.7;null;1007.3;28.4;24.3;21.1;82.7;9;3.1;30.9;
1970-07-31;18;103.3;null;null;228.5;4.5;15;93.3;null;1008.2;28.2;23.7;20;80.7;9;3.9;32.4;
1970-08-31;18;106.4;null;null;217.5;5.1;17;241;null;1007.4;27.9;23.5;20.2;81.2;9;4.4;32.6;
1970-09-30;14;128.1;null;null;280.3;3.1;9;29.3;null;1006.9;29.2;24.3;20.2;77.1;9;4.2;33;
1970-10-31;14;160.3;null;null;324.1;2.9;4;2.9;null;1005.3;30.6;25;20.3;75;9;3.6;33;
1970-11-30;9;146;null;null;300.5;3.8;8;20.1;null;1004.3;30.8;25.7;21.1;74.6;9;3.7;33;
1970-12-31;14;144.3;null;null;317.6;3.1;2;1.6;null;1004.1;31.4;26.1;21.3;73.1;7;3.9;32.8;
1971-01-31;null;null;null;null;null;null;null;null;null;null;null;null;null;null;null;null;null;
1971-02-28;null;null;null;null;null;null;null;null;null;null;null;null;null;null;null;null;null;
1971-03-31;null;null;null;null;null;null;null;null;null;null;null;null;null;null;null;null;null;
1971-04-30;null;null;null;null;null;null;null;null;null;null;null;null;null;null;null;null;null;
1971-05-31;null;null;null;null;null;null;null;null;null;null;null;null;null;null;null;null;null;
1971-06-30;null;null;null;null;null;null;null;null;null;null;null;null;null;null;null;null;null;
1971-07-31;null;null;null;null;null;null;null;null;null;null;null;null;null;null;null;null;null;
1971-08-31;null;null;null;null;null;null;null;null;null;null;null;null;null;null;null;null;null;
1971-09-30;null;null;null;null;null;null;null;null;null;null;null;null;null;null;null;null;null;
1971-10-31;null;null;null;null;null;null;null;null;null;null;null;null;null;null;null;null;null;
1971-11-30;null;null;null;null;null;null;null;null;null;null;null;null;null;null;null;null;null;
1971-12-31;null;null;null;null;null;null;null;null;null;null;null;null;null;null;null;null;null;
1972-01-31;null;null;null;null;null;null;null;null;null;null;null;null;null;null;null;null;null;
1972-02-29;null;null;null;null;null;null;null;null;null;null;null;null;null;null;null;null;null;
1972-03-31;null;null;null;null;null;null;null;null;null;null;null;null;null;null;null;null;null;
1972-04-30;null;null;null;null;null;null;null;null;null;null;null;null;null;null;null;null;null;
1972-05-31;null;null;null;null;null;null;null;null;null;null;null;null;null;null;null;null;null;
1972-06-30;null;null;null;null;null;null;null;null;null;null;null;null;null;null;null;null;null;
1972-07-31;null;null;null;null;null;null;null;null;null;null;null;null;null;null;null;null;null;
1972-08-31;null;null;null;null;null;null;null;null;null;null;null;null;null;null;null;null;null;
1972-09-30;null;null;null;null;null;null;null;null;null;null;null;null;null;null;null;null;null;
1972-10-31;null;null;null;null;null;null;null;null;null;null;null;null;null;null;null;null;null;
1972-11-30;null;null;null;null;null;null;null;null;null;null;null;null;null;null;null;null;null;
1972-12-31;null;null;null;null;null;null;null;null;null;null;null;null;null;null;null;null;null;
1973-01-31;null;null;null;null;null;null;null;null;null;null;null;null;null;null;null;null;null;
1973-02-28;null;null;null;null;null;null;null;null;null;null;null;null;null;null;null;null;null;
1973-03-31;null;null;null;null;null;null;null;null;null;null;null;null;null;null;null;null;null;
1973-04-30;null;null;null;null;null;null;null;null;null;null;null;null;null;null;null;null;null;
1973-05-31;null;null;null;null;null;null;null;null;null;null;null;null;null;null;null;null;null;
1973-06-30;null;null;null;null;null;null;null;null;null;null;null;null;null;null;null;null;null;
1973-07-31;null;null;null;null;null;null;null;null;null;null;null;null;null;null;null;null;null;
1973-08-31;null;null;null;null;null;null;null;null;null;null;null;null;null;null;null;null;null;
1973-09-30;null;null;null;null;null;null;null;null;null;null;null;null;null;null;null;null;null;
1973-10-31;null;null;null;null;null;null;null;null;null;null;null;null;null;null;null;null;null;
1973-11-30;null;null;null;null;null;null;null;null;null;null;null;null;null;null;null;null;null;
1973-12-31;null;null;null;null;null;null;null;null;null;null;null;null;null;null;null;null;null;
1974-01-31;null;null;null;null;null;null;null;null;null;null;null;null;null;null;null;null;null;
1974-02-28;null;null;null;null;null;null;null;null;null;null;null;null;null;null;null;null;null;
1974-03-31;null;null;null;null;null;null;null;null;null;null;null;null;null;null;null;null;null;
1974-04-30;null;null;null;null;null;null;null;null;null;null;null;null;null;null;null;null;null;
1974-05-31;null;null;null;null;null;null;null;null;null;null;null;null;null;null;null;null;null;
1974-06-30;null;null;null;null;null;null;null;null;null;null;null;null;null;null;null;null;null;
1974-07-31;null;null;null;null;null;null;null;null;null;null;null;null;null;null;null;null;null;
1974-08-31;null;null;null;null;null;null;null;null;null;null;null;null;null;null;null;null;null;
1974-09-30;null;null;null;null;null;null;null;null;null;null;null;null;null;null;null;null;null;
1974-10-31;null;null;null;null;null;null;null;null;null;null;null;null;null;null;null;null;null;
1974-11-30;null;null;null;null;null;null;null;null;null;null;null;null;null;null;null;null;null;
1974-12-31;null;null;null;null;null;null;null;null;null;null;null;null;null;null;null;null;null;
1975-01-31;null;null;null;null;null;null;null;null;null;null;null;null;null;null;null;null;null;
1975-02-28;null;null;null;null;null;null;null;null;null;null;null;null;null;null;null;null;null;
1975-03-31;null;null;null;null;null;null;null;null;null;null;null;null;null;null;null;null;null;
1975-04-30;null;null;null;null;null;null;null;null;null;null;null;null;null;null;null;null;null;
1975-05-31;null;null;null;null;null;null;null;null;null;null;null;null;null;null;null;null;null;
1975-06-30;null;null;null;null;null;null;null;null;null;null;null;null;null;null;null;null;null;
1975-07-31;null;null;null;null;null;null;null;null;null;null;null;null;null;null;null;null;null;
1975-08-31;null;null;null;null;null;null;null;null;null;null;null;null;null;null;null;null;null;
1975-09-30;null;null;null;null;null;null;null;null;null;null;null;null;null;null;null;null;null;
1975-10-31;null;null;null;null;null;null;null;null;null;null;null;null;null;null;null;null;null;
1975-11-30;null;null;null;null;null;null;null;null;null;null;null;null;null;null;null;null;null;
1975-12-31;null;null;null;null;null;null;null;null;null;null;null;null;null;null;null;null;null;
1976-01-31;null;null;null;null;null;null;null;null;null;null;null;null;null;null;null;null;null;
1976-02-29;null;null;null;null;null;null;null;null;null;null;null;null;null;null;null;null;null;
1976-03-31;null;null;null;null;null;null;null;null;null;null;null;null;null;null;null;null;null;
1976-04-30;null;null;null;null;null;null;null;null;null;null;null;null;null;null;null;null;null;
1976-05-31;null;null;null;null;null;null;null;null;null;null;null;null;null;null;null;null;null;
1976-06-30;null;null;null;null;null;null;null;null;null;null;null;null;null;null;null;null;null;
1976-07-31;null;null;null;null;null;null;null;null;null;null;null;null;null;null;null;null;null;
1976-08-31;null;null;null;null;null;null;null;null;null;null;null;null;null;null;null;null;null;
1976-09-30;null;null;null;null;null;null;null;null;null;null;null;null;null;null;null;null;null;
1976-10-31;null;null;null;null;null;null;null;null;null;null;null;null;null;null;null;null;null;
1976-11-30;null;null;null;null;null;null;null;null;null;null;null;null;null;null;null;null;null;
1976-12-31;null;null;null;null;null;null;null;null;null;null;null;null;null;null;null;null;null;
1977-01-31;null;null;null;null;null;null;null;null;null;null;null;null;null;null;null;null;null;
1977-02-28;null;null;null;null;null;null;null;null;null;null;null;null;null;null;null;null;null;
1977-03-31;null;null;null;null;null;null;null;null;null;null;null;null;null;null;null;null;null;
1977-04-30;null;null;null;null;null;null;null;null;null;null;null;null;null;null;null;null;null;
1977-05-31;null;null;null;null;null;null;null;null;null;null;null;null;null;null;null;null;null;
1977-06-30;null;null;null;null;null;null;null;null;null;null;null;null;null;null;null;null;null;
1977-07-31;null;null;null;null;null;null;null;null;null;null;null;null;null;null;null;null;null;
1977-08-31;null;null;null;null;null;null;null;null;null;null;null;null;null;null;null;null;null;
1977-09-30;null;null;null;null;null;null;null;null;null;null;null;null;null;null;null;null;null;
1977-10-31;null;null;null;null;null;null;null;null;null;null;null;null;null;null;null;null;null;
1977-11-30;null;null;null;null;null;null;null;null;null;null;null;null;null;null;null;null;null;
1977-12-31;null;null;null;null;null;null;null;null;null;null;null;null;null;null;null;null;null;
1978-01-31;null;null;null;null;null;null;null;null;null;null;null;null;null;null;null;null;null;
1978-02-28;null;null;null;null;null;null;null;null;null;null;null;null;null;null;null;null;null;
1978-03-31;null;null;null;null;null;null;null;null;null;null;null;null;null;null;null;null;null;
1978-04-30;null;null;null;null;null;null;null;null;null;null;null;null;null;null;null;null;null;
1978-05-31;null;null;null;null;null;null;null;null;null;null;null;null;null;null;null;null;null;
1978-06-30;null;null;null;null;null;null;null;null;null;null;null;null;null;null;null;null;null;
1978-07-31;null;null;null;null;null;null;null;null;null;null;null;null;null;null;null;null;null;
1978-08-31;null;null;null;null;null;null;null;null;null;null;null;null;null;null;null;null;null;
1978-09-30;null;null;null;null;null;null;null;null;null;null;null;null;null;null;null;null;null;
1978-10-31;null;null;null;null;null;null;null;null;null;null;null;null;null;null;null;null;null;
1978-11-30;null;null;null;null;null;null;null;null;null;null;null;null;null;null;null;null;null;
1978-12-31;null;null;null;null;null;null;null;null;null;null;null;null;null;null;null;null;null;
1979-01-31;null;null;null;null;null;null;null;null;null;null;null;null;null;null;null;null;null;
1979-02-28;null;null;null;null;null;null;null;null;null;null;null;null;null;null;null;null;null;
1979-03-31;null;null;null;null;null;null;null;null;null;null;null;null;null;null;null;null;null;
1979-04-30;null;null;null;null;null;null;null;null;null;null;null;null;null;null;null;null;null;
1979-05-31;null;null;null;null;null;null;null;null;null;null;null;null;null;null;null;null;null;
1979-06-30;null;null;null;null;null;null;null;null;null;null;null;null;null;null;null;null;null;
1979-07-31;null;null;null;null;null;null;null;null;null;null;null;null;null;null;null;null;null;
1979-08-31;null;null;null;null;null;null;null;null;null;null;null;null;null;null;null;null;null;
1979-09-30;null;null;null;null;null;null;null;null;null;null;null;null;null;null;null;null;null;
1979-10-31;null;null;null;null;null;null;null;null;null;null;null;null;null;null;null;null;null;
1979-11-30;null;null;null;null;null;null;null;null;null;null;null;null;null;null;null;null;null;
1979-12-31;null;null;null;null;null;null;null;null;null;null;null;null;null;null;null;null;null;
1980-01-31;null;null;null;null;null;null;null;null;null;null;null;null;null;null;null;null;null;
1980-02-29;null;null;null;null;null;null;null;null;null;null;null;null;null;null;null;null;null;
1980-03-31;null;null;null;null;null;null;null;null;null;null;null;null;null;null;null;null;null;
1980-04-30;null;null;null;null;null;null;null;null;null;null;null;null;null;null;null;null;null;
1980-05-31;null;null;null;null;null;null;null;null;null;null;null;null;null;null;null;null;null;
1980-06-30;null;null;null;null;null;null;null;null;null;null;null;null;null;null;null;null;null;
1980-07-31;null;null;null;null;null;null;null;null;null;null;null;null;null;null;null;null;null;
1980-08-31;null;null;null;null;null;null;null;null;null;null;null;null;null;null;null;null;null;
1980-09-30;null;null;null;null;null;null;null;null;null;null;null;null;null;null;null;null;null;
1980-10-31;null;null;null;null;null;null;null;null;null;null;null;null;null;null;null;null;null;
1980-11-30;null;null;null;null;null;null;null;null;null;null;null;null;null;null;null;null;null;
1980-12-31;null;null;null;null;null;null;null;null;null;null;null;null;null;null;null;null;null;
1981-01-31;null;null;null;null;null;null;null;null;null;null;null;null;null;null;null;null;null;
1981-02-28;null;null;null;null;null;null;null;null;null;null;null;null;null;null;null;null;null;
1981-03-31;null;null;null;null;null;null;null;null;null;null;null;null;null;null;null;null;null;
1981-04-30;null;null;null;null;null;null;null;null;null;null;null;null;null;null;null;null;null;
1981-05-31;null;null;null;null;null;null;null;null;null;null;null;null;null;null;null;null;null;
1981-06-30;null;null;null;null;null;null;null;null;null;null;null;null;null;null;null;null;null;
1981-07-31;null;null;null;null;null;null;null;null;null;null;null;null;null;null;null;null;null;
1981-08-31;null;null;null;null;null;null;null;null;null;null;null;null;null;null;null;null;null;
1981-09-30;null;null;null;null;null;null;null;null;null;null;null;null;null;null;null;null;null;
1981-10-31;null;null;null;null;null;null;null;null;null;null;null;null;null;null;null;null;null;
1981-11-30;null;null;null;null;null;null;null;null;null;null;null;null;null;null;null;null;null;
1981-12-31;null;null;null;null;null;null;null;null;null;null;null;null;null;null;null;null;null;
1982-01-31;null;null;null;null;null;null;null;null;null;null;null;null;null;null;null;null;null;
1982-02-28;null;null;null;null;null;null;null;null;null;null;null;null;null;null;null;null;null;
1982-03-31;null;null;null;null;null;null;null;null;null;null;null;null;null;null;null;null;null;
1982-04-30;null;null;null;null;null;null;null;null;null;null;null;null;null;null;null;null;null;
1982-05-31;null;null;null;null;null;null;null;null;null;null;null;null;null;null;null;null;null;
1982-06-30;null;null;null;null;null;null;null;null;null;null;null;null;null;null;null;null;null;
1982-07-31;null;null;null;null;null;null;null;null;null;null;null;null;null;null;null;null;null;
1982-08-31;null;null;null;null;null;null;null;null;null;null;null;null;null;null;null;null;null;
1982-09-30;null;null;null;null;null;null;null;null;null;null;null;null;null;null;null;null;null;
1982-10-31;null;null;null;null;null;null;null;null;null;null;null;null;null;null;null;null;null;
1982-11-30;null;null;null;null;null;null;null;null;null;null;null;null;null;null;null;null;null;
1982-12-31;null;null;null;null;null;null;null;null;null;null;null;null;null;null;null;null;null;
1983-01-31;null;null;null;null;null;null;null;null;null;null;null;null;null;null;null;null;null;
1983-02-28;null;null;null;null;null;null;null;null;null;null;null;null;null;null;null;null;null;
1983-03-31;null;null;null;null;null;null;null;null;null;null;null;null;null;null;null;null;null;
1983-04-30;null;null;null;null;null;null;null;null;null;null;null;null;null;null;null;null;null;
1983-05-31;null;null;null;null;null;null;null;null;null;null;null;null;null;null;null;null;null;
1983-06-30;null;null;null;null;null;null;null;null;null;null;null;null;null;null;null;null;null;
1983-07-31;null;null;null;null;null;null;null;null;null;null;null;null;null;null;null;null;null;
1983-08-31;null;174.3;null;null;232.5;null;15;113;null;null;28.1;null;21.4;null;7.1;null;null;
1983-09-30;null;null;null;null;264.7;null;6;15.8;null;null;29.4;null;23.7;null;null;null;null;
1983-10-31;9;288.5;null;null;278;5;8;23.9;null;null;30.9;26.9;24.2;84.9;10;6;68.6;
1983-11-30;9;243.9;null;null;302.2;4.8;2;3.1;null;null;29.5;26.8;24.8;84.8;7.6;5.2;70;
1983-12-31;14;257.5;null;null;303.4;5.5;4;8.8;null;null;30.1;27.3;25.2;79.5;7.8;5.5;69.8;
1984-01-31;14;245.6;null;null;294;5.2;8;54.8;null;null;30.2;27.2;24.5;80.5;7.5;4.9;69.6;
1984-02-29;14;231.1;null;null;261.7;4.9;7;55;null;null;30.6;27.6;24.5;79.1;8;5.5;null;
1984-03-31;9;160.7;null;null;223;6.5;22;232.8;null;null;30.6;27.2;24.2;90.2;6.6;3.4;null;
1984-04-30;null;92.4;null;null;159.9;null;22;444.7;null;null;29.6;26.5;22.9;85.5;6.6;null;null;
1984-05-31;14;104.1;null;null;151.7;6.5;25;538.6;null;null;29.1;25.8;22.2;87.1;8.3;3.8;65.2;
1984-06-30;14;132.8;null;null;214.5;5.5;21;249;null;null;28.7;25;21.5;79.8;8.3;4.7;null;
1984-07-31;18;134.7;null;null;200.8;6.5;26;140.1;null;null;27.9;24.3;20.9;82.5;9.6;4.9;null;
1984-08-31;null;180.4;null;null;245.6;null;15;162.2;null;null;28.3;null;21.1;null;6.6;null;null;
1984-09-30;14;202.4;null;null;274.5;5.2;14;69.1;null;null;29;25.7;22.3;74.8;10.7;4.5;null;
1984-10-31;14;239.4;null;null;270.9;5.8;16;48.9;null;null;29.6;26.6;24;73.8;10.7;5.2;null;
1984-11-30;14;267.7;null;null;290.9;5.5;6;14.7;null;null;30.2;27.1;24.5;70.6;10.7;5.1;70;
1984-12-31;9;256.1;null;null;305.3;5.2;7;19;null;null;30.4;27.4;24.9;70.6;7.9;4.2;70;
1985-01-31;null;null;null;null;null;null;null;null;null;null;null;null;null;null;null;null;null;
1985-02-28;null;null;null;null;null;null;null;null;null;null;null;null;null;null;null;null;null;
1985-03-31;null;null;null;null;null;null;null;null;null;null;null;null;null;null;null;null;null;
1985-04-30;null;null;null;null;null;null;null;null;null;null;null;null;null;null;null;null;null;
1985-05-31;null;null;null;null;null;null;null;null;null;null;null;null;null;null;null;null;null;
1985-06-30;null;null;null;null;null;null;null;null;null;null;null;null;null;null;null;null;null;
1985-07-31;null;null;null;null;null;null;null;null;null;null;null;null;null;null;null;null;null;
1985-08-31;null;null;null;null;null;null;null;null;null;null;null;null;null;null;null;null;null;
1985-09-30;null;null;null;null;null;null;null;null;null;null;null;null;null;null;null;null;null;
1985-10-31;null;null;null;null;null;null;null;null;null;null;null;null;null;null;null;null;null;
1985-11-30;null;null;null;null;null;null;null;null;null;null;null;null;null;null;null;null;null;
1985-12-31;null;null;null;null;null;null;null;null;null;null;null;null;null;null;null;null;null;
1986-01-31;14;218.5;null;null;259.5;5.8;9;52.5;null;1006.7;30.2;27.3;24.1;73.2;8;4.7;69.8;
1986-02-28;14;135.6;null;null;200.5;6.5;17;259;null;1006.3;29.7;26.5;23;78.3;7;3.3;69.1;
1986-03-31;14;102;null;null;179.1;6.8;26;292.1;null;1006.4;29.1;26.2;22.7;82.5;6;2.4;69.4;
1986-04-30;14;102;null;null;155.2;6.9;24;642.4;null;1006;29.2;26.3;22.7;82.5;6.6;3.2;67.8;
1986-05-31;14;120.2;null;null;195.4;6.2;20;354.2;null;1007;29.5;26.2;22.5;81.1;7;3.3;69.3;
1986-06-30;18;113.6;null;null;162;6.6;20;317.1;null;1008.8;28.1;24.7;21.5;83.7;8.1;4;69;
1986-07-31;14;124.5;null;null;213.7;5;17;112.3;null;1010.9;28.3;24.8;21.1;79.3;6.6;3.8;69.3;
1986-08-31;14;145.6;null;null;237.4;5.6;18;194.4;null;1009.4;28.4;25;21.7;78.7;8.3;4.2;69;
1986-09-30;14;175.3;null;null;220.1;5.6;14;82.3;null;1010;28.8;25.4;21.7;76.9;10;5;69.8;
1986-10-31;9;213.8;null;null;289.7;4.8;12;54.8;null;1008.7;29.5;26.5;23.5;73.8;6.6;4;69.8;
1986-11-30;14;201.9;null;null;234.9;6;16;128;null;1007.2;29.4;26.6;23.9;79.9;7.1;4.5;69.8;
1986-12-31;14;184.9;null;null;253.5;5.9;17;41.2;null;1007.5;30;27.1;24.3;76.9;7;4.2;70;
1987-01-31;14;175.1;null;null;225.2;5.9;11;26.4;null;1007.3;30.6;27.4;24.5;76.4;6.6;4.3;70;
1987-02-28;14;176.9;null;null;226.6;5.9;13;80.9;null;1007.6;30.9;27.4;23.7;75.3;8.3;4.4;70;
1987-03-31;14;145.7;null;null;null;6.6;19;251.9;null;1006;30.4;27.3;24.1;80.5;6.6;3.1;69.7;
1987-04-30;14;135.6;null;null;null;6.2;24;281.4;null;1006.7;30.2;27.2;23.7;80.6;7;3.7;69.8;
1987-05-31;14;169.3;null;null;274.6;4.8;14;90.7;null;1007.2;30.4;27.1;23;77.3;8.3;3.8;70;
1987-06-30;14;122.4;null;null;221.6;5.9;23;347.5;null;1009.4;29.2;26;22.2;80.8;7.3;3.4;69.7;
1987-07-31;14;126.7;null;null;200.6;5.7;20;288.9;null;1008.7;28.8;25.2;21.7;81.9;9.1;3.6;68.7;
1987-08-31;14;201.4;null;null;265;4.9;13;38.9;null;1009.4;29.4;26;22.2;75.3;8.3;4.1;69.5;
1987-09-30;14;222.5;null;null;269.1;5.5;13;50.8;null;1009.6;29.6;26;21.8;74;8.6;4.2;70;
1987-10-31;14;242.9;null;null;293.9;5;7;20.7;null;1007.9;29.8;26.9;24.5;75;8;4.3;70;
1987-11-30;9;236.6;null;null;298.3;4.9;5;15.5;null;1007.5;30.4;27.4;25.3;76.7;6.6;3.9;70;
1987-12-31;9;251.4;null;null;null;4.8;3;2.6;null;1007.8;null;null;null;null;6.6;4.3;70;
1988-01-31;14;229.7;null;null;286.1;5.6;5;12.9;null;1007;30.5;27.9;25.3;72.5;7.1;4;69.8;
1988-02-29;14;215.8;null;null;217.5;6.1;10;127.8;null;1005.5;30.5;27.8;25;74.1;8;4.2;70;
1988-03-31;9;131;null;null;223;6.5;16;323.5;null;1006.6;30.5;27.5;24.2;78.1;6.6;3.1;69.8;
1988-04-30;null;null;null;null;null;null;null;null;null;null;null;null;null;null;null;null;null;
1988-05-31;14;117.6;null;null;195.6;6.3;19;375.4;null;1007.2;29.6;26.5;23;81.8;6.6;3.3;69.2;
1988-06-30;14;115.7;null;null;197.1;6.1;22;400.4;null;1008.7;28.5;25.4;22.2;81.7;7.5;3.5;68.8;
1988-07-31;14;143.9;null;null;166.2;7.3;20;342.3;null;1010.1;27.8;24.4;21.3;83.2;8.3;3.7;69.8;
1988-08-31;14;166.4;null;null;248.9;6.4;13;128.4;null;1009.4;28.2;24.4;20.4;77.8;9;4.6;69.4;
1988-09-30;14;197.3;null;null;253.2;5.7;13;75.3;null;1009.5;28.8;25.1;20.4;73.6;8.5;4.7;67.7;
1988-10-31;9;234.6;null;null;294.5;5.4;6;3.5;null;1007.9;30.1;26.7;22.8;72.1;8;4.4;70;
1988-11-30;14;236.6;null;null;275.3;5.8;9;19.6;null;1008.1;30;26.8;23.8;75;6.6;4.5;70;
1988-12-31;9;196.7;null;null;248.4;6;9;75.6;null;1007;29.9;26.8;23.7;75.4;6.3;3.8;69.8;
1989-01-31;9;209.8;null;null;280.7;5.6;7;28.1;null;1007.3;29.8;27.1;24.3;73.9;6.6;3.9;67.8;
1989-02-28;9;200.3;null;null;240.6;6;8;35;null;1007.2;30.5;27.6;25;75;5.8;3.7;68.7;
1989-03-31;9;177.8;null;null;231.6;6;13;76.9;null;1006.2;30.6;27.5;24.2;74.3;6;3.4;68.2;
1989-04-30;14;92.1;null;null;158;7.5;24;348.1;null;1006.3;29.5;26.2;23.1;86.3;5;2.6;68.5;
1989-05-31;14;101.6;null;null;169.5;6.8;17;138;null;1008.2;29;26.2;22.9;82.2;5.6;3;69.5;
1989-06-30;null;null;null;null;null;null;5;77.9;null;null;null;null;null;null;null;null;null;
1989-07-31;null;null;null;null;null;null;11;111.4;null;1010.5;27.9;24.5;21;82.6;7.1;null;null;
1989-08-31;14;155.3;null;null;237.3;6;21;122.1;null;1009.8;28;24.8;21.5;80.8;7;4.2;69.7;
1989-09-30;14;186.3;null;null;280.1;4.9;10;50.5;null;1008.5;29.4;26.3;23.1;74.8;7;4.1;70;
1989-10-31;14;217.4;null;null;286;5.1;11;27.4;null;1008.7;29.6;26.7;23.8;74.6;6.6;4.5;70;
1989-11-30;14;182;null;null;260.5;5.6;11;24;null;1007.1;29.9;27;24.4;76.5;7.5;4;69.8;
1989-12-31;null;null;null;null;null;null;null;null;null;null;null;null;null;null;null;null;null;
1990-01-31;14;220.6;null;null;297.1;5.6;8;43.2;null;1007.5;30;27.1;24.5;73.8;7.5;4.6;58.5;
1990-02-28;14;null;null;null;180.6;5.7;5;17.9;null;1007.2;30.2;27.3;24;75.8;7.5;4.1;70;
1990-03-31;14;280.9;null;null;266.2;5.8;9;47.1;null;null;30.5;27.7;24.7;75.7;8.3;5.3;68.9;
1990-04-30;14;232;null;null;241.2;6;15;141.2;null;1006.7;30.4;27.5;24.5;78.4;8.3;4.7;69.8;
1990-05-31;14;175.6;null;null;227.5;5.6;18;192.1;null;1008.1;29.4;26.4;23.1;82.3;7;4.1;69.8;
1990-06-30;14;143.3;null;null;232.8;5.9;19;280.7;null;1009.6;28.4;25.4;22.2;82.9;8.6;4.7;69.7;
1990-07-31;14;154.5;null;null;244.4;6;23;167.3;null;1009.6;28.2;25.1;21.7;80.9;7;4.2;69.7;
1990-08-31;14;166.1;null;null;216.3;6.6;21;194.4;null;1011.1;27.6;24.6;21.6;82;7;4.7;69.5;
1990-09-30;14;227.7;null;null;275.9;5.7;6;62.1;null;1009.5;28.6;25.8;22.4;74;10;5.1;69.8;
1990-10-31;14;263.4;null;null;291.4;6.1;9;22.7;null;1008.3;29.2;26.4;24;74.1;9.3;5.5;70;
1990-11-30;14;241.1;null;null;262.7;6.4;12;56.5;null;1006.9;29.7;26.8;24.3;74.5;8.3;5;70;
1990-12-31;14;null;null;null;238.2;6.2;2;1.2;null;1006.7;30.2;27;23.7;74.1;7;5;70;
1991-01-31;9;247.1;null;null;271.9;6.6;7;27.1;null;1006.6;30.4;27.6;25.3;74.6;6.6;4.7;70;
1991-02-28;9;219.3;null;null;219;6.2;5;16.4;null;1006.9;30.6;27.7;25.1;75.5;6.6;4.7;70;
1991-03-31;9;199.5;null;null;218.4;6.9;16;106.1;null;1006;30.4;27.4;24.7;79.5;8.3;4.3;69.8;
1991-04-30;14;159.3;null;null;221.9;6.2;19;304.3;null;1006.3;29.9;26.9;24.2;81;6.6;4;69.3;
1991-05-31;14;123.9;null;null;176.1;6.9;23;304.9;null;1006.7;29;25.9;23.6;84.5;6.6;4.2;67.9;
1991-06-30;14;141.7;null;null;201.4;6.5;21;311.7;null;1008.5;28.7;25.3;22.6;82.9;8.3;4.6;68;
1991-07-31;14;170.6;null;null;212.2;6.2;19;144.7;null;1009.8;28;24.4;21.6;79.5;8.3;5.1;69.2;
1991-08-31;14;188.1;null;null;225.6;5.9;18;74.9;null;1011;27.8;24.3;21.2;77.5;8.8;5.6;69.2;
1991-09-30;14;210.7;null;null;230.6;5.6;13;9.4;null;1009.4;28.5;25.3;22.6;76.9;8.3;5.5;69.8;
1991-10-31;14;262.7;null;null;246.6;5.7;11;23.6;null;1008.1;29;25.9;23.6;76.4;7.5;5.4;70;
1991-11-30;9;228.4;null;null;253;5.9;12;41.1;null;1006.7;29.4;26.5;24.3;76.1;6.6;4.8;70;
1991-12-31;null;null;null;null;null;null;null;null;null;null;null;null;null;null;null;null;null;
1992-01-31;9;206.4;null;null;199.9;6.7;13;51.8;null;1005.6;30;27.4;25.6;78.3;6.6;4.1;69.4;
1992-02-29;14;170.9;null;null;176.9;6.9;20;182.3;null;1006.7;29.7;27;24.4;81.1;7.6;4.7;69.7;
1992-03-31;14;167.8;null;null;195.1;6.9;20;283;null;1006.2;29.7;26.7;24.1;82.6;8.3;4.5;68.4;
1992-04-30;14;160;null;null;219.1;6.4;20;315.3;null;1005.9;29.8;26.7;23.9;82.8;9.6;4.5;67.7;
1992-05-31;14;172.7;null;null;243;6;20;131.7;null;1006.7;29.4;26.5;23.5;80.3;7;4.3;70;
1992-06-30;14;113.3;null;null;190.1;6.6;25;280.3;null;1008.7;28.2;25;22.3;84.5;6.6;4.1;67.3;
1992-07-31;14;161.4;null;null;248.3;5.6;21;80.4;null;1010.5;27.9;24.5;21.3;79.3;8.3;4.6;69.2;
1992-08-31;14;172.9;null;null;219.7;6.2;18;151.5;null;1010.6;27.8;24.5;21.7;80.1;8.3;4.8;69.4;
1992-09-30;14;239.1;null;null;261.2;6;8;14.5;null;1008.6;28.6;25.7;23.4;77.8;7.5;5;69.7;
1992-10-31;14;291.9;null;null;282.6;5.3;4;3.9;null;1008.6;29.2;26.3;24.4;72.8;7;5.1;69.8;
1992-11-30;14;254.6;null;null;170.9;6.3;8;26.7;null;1006.5;29.3;26.5;24.7;75;7.1;4.9;68.9;
1992-12-31;14;246.6;null;null;271;6;4;5.9;null;1006.7;29.6;26.9;24.9;74.6;9;4.7;70;
1993-01-31;14;255.9;null;null;253.1;6;5;21.6;null;1007.3;29.8;26.9;24.8;77.1;8.3;5.2;70;
1993-02-28;9;241.1;null;null;262.8;5.5;4;29.6;null;1006.9;30.2;27.4;25.4;76.3;8.6;5.4;68.8;
1993-03-31;14;268.9;null;null;290.2;5.9;6;85;null;1006.7;30.5;27.5;25;76.5;8;5.1;69.7;
1993-04-30;14;193;null;null;234.7;6.2;17;229.4;null;1006;29.8;27;24.6;81.5;7.3;4.9;69.5;
1993-05-31;14;191.9;null;null;270.2;5.6;14;34.9;null;1006.6;29.7;26.8;24;84.2;8.3;4.9;69.8;
1993-06-30;14;162;null;null;211.3;5.7;20;154;null;1008.7;28.7;25.5;22.7;87.2;8.3;4.8;69.7;
1993-07-31;14;181.3;null;null;235.5;5.7;14;129.8;null;1009.5;28.2;24.7;21.3;85.1;7.5;4.8;69.4;
1993-08-31;14;213.4;null;null;261.9;5;6;35.8;null;1009.9;28.7;25.5;22.1;81.4;8.3;5.4;69.7;
1993-09-30;14;252.4;null;null;264.8;5.4;8;10.9;null;1008.4;29.3;26.2;23;79.6;8.3;5.1;69.8;
1993-10-31;14;247.9;null;null;276;5.8;12;62.2;null;1007.6;29.7;26.4;23.6;79.9;10.3;5.5;69.8;
1993-11-30;14;248.3;null;null;273.7;6;9;15.5;null;1006.2;29.9;26.9;24.4;81;8.3;5.5;47.9;
1993-12-31;9;262.8;null;null;294.5;5.7;10;40.3;null;1005.9;30.3;27.3;24.3;79.7;8.3;5;54.9;
1994-01-31;9;217.9;null;null;273.1;5.9;12;94.5;null;1005.4;30.2;27.2;24.2;83.2;6.6;4.3;64.8;
1994-02-28;14;200.4;null;null;219.5;5.9;11;87;null;1006.2;30.4;27.6;25.1;81.3;6.6;4.3;69.6;
1994-03-31;9;150.1;null;null;196.8;6.7;23;242.6;null;1006;30.9;27.2;24.5;86.3;9.7;3.7;68.5;
1994-04-30;14;121.9;null;null;186.5;6.6;21;275.7;null;1006.1;30;26.4;23.6;87;6.3;3.5;68.3;
1994-05-31;14;121.1;null;null;186.4;6.6;28;279.1;null;1007.3;29.5;26.2;23.6;85.7;7;3.9;68.5;
1994-06-30;14;82.8;null;null;null;7.3;27;627.2;null;1008.4;28.3;24.9;22.4;90.2;5.6;2.9;67.5;
1994-07-31;14;151.3;null;null;208.4;6.8;22;399.6;null;1009.4;28;24.6;21.1;86.5;8;4.5;67.7;
1994-08-31;14;203.7;null;null;252.1;5.6;14;85.1;null;1009.6;28.6;25.1;21.7;81.2;9.5;5.4;53.6;
1994-09-30;14;216.1;null;null;250.8;5.3;17;57.2;null;1009.6;28.8;25.5;22.4;80.3;8.6;5.7;69.7;
1994-10-31;14;287.9;null;null;268.4;5.5;3;3.8;null;1007.7;29.7;26.4;23.7;76.9;10;5.6;69.7;
1994-11-30;14;275.1;null;null;269.7;5.6;10;19.9;null;1007.1;29.8;26.5;23.5;78.9;9.1;5.3;70;
1994-12-31;null;null;null;null;null;null;1;.1;null;null;null;null;null;null;null;null;null;
1995-01-31;14;231.8;null;null;260.6;6.3;7;24.6;null;1006.9;30.2;27.1;23.7;79.9;7.5;4.5;69.7;
1995-02-28;14;178;null;null;211.7;6.4;7;60.7;null;1006.6;30.8;27.6;24.6;77.7;6.6;3.8;69.8;
1995-03-31;14;204.3;null;null;253.7;6.6;12;277.4;null;1005.6;30.7;27.5;24.3;81.5;7.5;4.1;46;
1995-04-30;14;129.4;null;null;166.9;7.1;22;237.4;null;1004.9;30.1;26.8;23;85.6;7.5;3.4;67.4;
1995-05-31;14;114.8;null;null;207;6.7;22;386.4;null;1006.3;29.3;26;22;87.1;6.3;3.3;45.7;
1995-06-30;14;130;null;null;170.9;6.9;22;254.4;null;1007.8;28.8;25.1;21.5;86.5;7.5;4.1;44.7;
1995-07-31;14;122.4;null;null;177.9;7.7;26;400.4;null;1008.2;27.7;23.9;19.5;86.9;7;4;49.9;
1995-08-31;14;213.4;null;null;279.1;4.6;14;34.8;null;1009.1;28.6;25;21;80.1;7.6;5.3;46.5;
1995-09-30;14;246.6;null;null;241.2;5.6;12;21.6;null;1009.8;28.8;25.3;21.3;79.9;8.3;5.6;47;
1995-10-31;9;266.7;null;null;300.7;5.7;5;4.2;null;1007.1;29.5;26.1;22.5;77.8;9.1;5.1;69.2;
1995-11-30;9;216.3;null;null;244.8;6.5;8;41.3;null;1006.6;29.6;26.4;23;79.3;7.5;4.7;69.7;
1995-12-31;9;230.3;null;null;299;5.9;1;.4;null;1006.5;30.3;27.1;23.9;78;7;4.2;47.4;
1996-01-31;14;253.2;null;null;269.2;6.2;12;36.7;null;1005;30.7;27.4;24.1;78.4;7.5;4.7;68.8;
1996-02-29;9;222.4;null;null;null;5.8;10;69.7;null;1005.2;30.6;27.5;24.5;77.7;6.6;4.2;56.3;
1996-03-31;9;145.7;null;null;140.9;7.1;23;216.2;null;1005.2;30.4;27;23.4;82.9;5.8;2.9;68.3;
1996-04-30;14;122.1;null;null;179.2;6.9;26;355.5;null;1005.3;30;26.6;23.2;84;5.3;2.9;70;
1996-05-31;14;179.7;null;null;242.8;5.5;10;154.5;null;1006.8;30;26.5;22.2;81.4;12.1;4.3;68.2;
1996-06-30;14;148.6;null;null;183.7;6.6;18;255;null;1008.2;28.5;25;21.5;84.9;8.5;4.4;68.8;
1996-07-31;14;165.8;null;null;204.8;6.3;17;145.8;null;1009.7;28.1;24.4;20.3;83.9;8.8;4.8;67.5;
1996-08-31;14;163.4;null;null;220.3;6.3;18;125.4;null;1009.2;28.3;24.8;21.3;83.7;9.3;4.9;46.3;
1996-09-30;14;203.4;null;null;247.3;5.8;16;86.9;null;1008.3;29.1;25.4;21.6;80.5;7.8;5.2;68.7;
1996-10-31;14;262.2;null;null;303;6.2;11;76.9;null;1007.3;29.8;26.4;22.5;80.3;7.1;5.1;69.7;
1996-11-30;14;305.8;null;null;255.5;6.4;10;44.9;null;1005.7;29.8;26.8;23.9;83.3;8.5;4.4;70;
1996-12-31;14;248.6;null;null;295.2;5.9;8;17.2;null;1006;30.5;27.5;25;81.5;7.1;4.6;68.9;
1997-01-31;9;250.6;null;null;266.9;6.6;4;12.3;null;1005.6;30.7;27.5;24.1;80.7;6.6;4.5;54.7;
1997-02-28;14;237.6;null;null;237.9;6.1;11;78.2;null;1006.2;30.6;27.6;24.9;79.4;7.1;4.8;67.7;
1997-03-31;14;185.3;null;null;227.5;6.6;19;160.1;null;1005.6;30.2;27.1;23.9;82.4;8;3.9;56.4;
1997-04-30;14;150.4;null;null;194.3;6.6;20;255.7;null;1006.5;29.9;26.7;23.4;84.8;6.6;3.6;46.9;
1997-05-31;14;164.3;null;null;223.6;6.5;22;339;null;1007.3;29.3;25.9;21.8;86.6;9.5;4.1;68.4;
1997-06-30;14;151.9;null;null;241.4;5.5;15;77.2;null;1007.9;28.9;25.2;20.3;83.8;6.5;3.7;68.5;
1997-07-31;14;163.1;null;null;226.2;5.6;11;78.7;null;1009.9;28.5;24.7;20.1;82.4;8.6;4.6;47;
1997-08-31;14;178.1;null;null;209.9;6.1;19;122.4;null;1010.7;28.1;24.5;20.1;84;8.5;4.8;56.4;
1997-09-30;14;219.8;null;null;267.5;5.3;3;5.3;null;1008.5;28.9;25.7;22.6;78.8;7.5;4.9;47.4;
1997-10-31;14;270.9;null;null;309.1;5.4;1;6;null;1007.1;29.9;26.7;24.1;80.1;8.3;4.5;68.9;
1997-11-30;9;286.3;null;null;304.4;6;5;2.7;null;1006.7;30.2;27.1;24.7;83.9;7.5;4.7;55.6;
1997-12-31;9;245;null;null;277.3;5.8;8;55.8;null;1006.4;30.6;27.4;24.5;82.6;7.5;4.3;68.9;
1998-01-31;9;223.9;null;null;252.1;6.6;11;39.5;null;1005.4;30.9;27.7;24;83.8;6.6;4.1;46.7;
1998-02-28;14;221.3;null;null;254.7;6.2;9;76.3;null;1006.8;31.2;28.4;25.3;82.9;7;4.6;68.9;
1998-03-31;14;246.3;null;null;245.9;6.3;14;81.4;null;1005.2;31.7;28.7;25.5;82;7.5;4.5;65.5;
1998-04-30;14;210.3;null;null;273.7;6.3;14;74.7;null;1005.4;31.3;28.4;25.3;84.3;8.3;4.8;67.5;
1998-05-31;14;201.6;null;null;233.2;6.2;17;185.4;null;1007.4;30.3;27.1;23.8;84.3;8.1;4.7;68.4;
1998-06-30;14;157.9;null;null;187.6;6.2;16;209;null;1009.1;28.9;25.6;22.3;84.6;9.1;4.5;68.2;
1998-07-31;14;142.4;null;null;209.4;6.7;24;791.8;null;1009.1;28;24.4;19.5;87.7;8.3;4.1;66.5;
1998-08-31;14;172.6;null;null;221.4;6.4;21;138.7;null;1008.9;28.2;24.9;21.5;84.2;8.3;4.7;68.9;
1998-09-30;14;251.8;null;null;284;5.4;11;19;null;1008.7;29.1;25.9;22;79.7;9.1;5.5;68.5;
1998-10-31;14;284.3;null;null;300.1;6.5;6;13.7;null;1008.3;29.8;26.5;22.3;77.3;8;5.4;68.9;
1998-11-30;9;232.4;null;null;284.5;6.7;6;8.5;null;1006.1;30.2;26.8;22.5;77.2;7;4.3;69.3;
1998-12-31;9;255;null;null;316.1;6.6;3;17;null;1006.4;30.5;27.1;22.9;76.6;7;4.6;67.8;
1999-01-31;9;247.1;null;null;269.9;6.7;5;12.6;null;1005.4;30.5;26.9;22;78.1;6.8;4.6;68.9;
1999-02-28;14;226.5;null;null;222.8;7.1;14;143.6;null;1005.8;30.5;26.7;21.2;78.5;8.5;4.7;67.7;
1999-03-31;9;210.6;null;null;264.8;6.8;13;139.2;null;1005.3;30.3;26.7;20.9;79.7;6.6;4.2;69.8;
1999-04-30;14;232.4;null;null;245.9;6.6;8;175.8;null;1006.5;30.1;26.4;20.5;81.4;7.1;4.6;69.3;
1999-05-31;14;158.7;null;null;224.6;6.9;16;289.5;null;1007;29.3;25.6;19.4;82.9;6.6;3.9;69.7;
1999-06-30;14;183.4;null;null;253.4;6;14;131.5;null;1007.9;29;25;18.4;80.4;8.3;4.4;69.7;
1999-07-31;14;220.2;null;null;240.8;6.3;13;31.1;null;1009.4;28.7;24.5;17.7;79.2;8.3;4.9;69.4;
1999-08-31;14;233.9;null;null;259.7;5.7;12;46.5;null;1009.8;28.7;24.3;17.3;79.3;9.3;5;69.7;
1999-09-30;14;258.1;null;null;277.5;6.6;13;50.8;null;1008.3;28.8;25.1;19.3;83.1;8.3;5.2;69.3;
1999-10-31;14;272;null;null;296;6.2;6;14.5;null;1007.9;29.3;25.6;20.1;84.1;7.5;4.4;70;
1999-11-30;9;258.1;null;null;300.1;6.7;6;5.4;null;1006.4;29.9;26.5;21.1;83.5;6.6;4.3;70;
1999-12-31;9;246.5;null;null;245.6;7.7;15;64.5;null;1006.3;29.8;26.4;21;86.9;7.1;4.4;60.9;
2000-01-31;9;232.9;null;null;266.5;7.1;12;50;null;1005.9;30;26.5;20.7;88.1;6.6;4.1;56.6;
2000-02-29;14;204.9;null;null;239.1;7.1;9;84;null;1006.8;30.7;26.8;20.8;89.7;6.8;3.6;56.4;
2000-03-31;9;236.4;null;null;245.6;6.9;18;114.9;null;1005.8;30.6;27;21.1;89.4;6.6;4.3;56.3;
2000-04-30;14;140.1;null;null;221.4;7.2;24;177.4;null;1006.4;30.1;26.3;19.9;91.5;7;3.7;56.6;
2000-05-31;14;156.4;null;null;219.8;7.1;18;222.4;null;1007.6;29.4;25.7;19.6;91.2;7.5;4.2;56;
2000-06-30;14;116.4;null;null;210.5;7.2;22;577.4;null;1008.9;28.5;24.4;18.3;93.2;8.3;3.8;54.1;
2000-07-31;14;90.2;null;null;152;7.9;24;482.3;null;1008.8;27.6;23.6;17.7;null;6.6;3.7;54.8;
2000-08-31;14;156.5;null;null;248.5;6.8;16;288.8;null;1009.8;28.3;24.3;18.2;null;7.5;4.5;56;
2000-09-30;14;188.2;null;null;245.5;7.1;20;205.1;null;1008.8;28.8;25.3;19.3;89.7;8;4.9;56.4;
2000-10-31;14;278.8;null;null;298.3;6.4;8;8.7;null;1009.1;29.4;25.9;20.5;null;7.5;5.3;56.7;
2000-11-30;14;241;null;null;282.4;7;9;12.1;null;1007.1;29.8;26.2;20.9;null;7.5;4.5;56.1;
2000-12-31;9;210.4;null;null;254.6;7.1;7;23;null;1007.6;29.8;26.3;21.1;null;7;4.2;56.2;
2001-01-31;14;247.8;null;null;263.5;7.2;9;30.1;null;1007.6;30;26.2;20.5;80.8;8.3;5.1;56.4;
2001-02-28;14;null;null;null;246.3;6.7;7;6.8;null;1006.2;30.8;26.9;21.2;79.8;7.1;4.8;56.5;
2001-03-31;14;213.7;null;null;252;7;15;133.8;null;1006.8;30.5;26.7;20.3;80.4;7.1;4.1;56.6;
2001-04-30;14;156.2;null;null;193.6;7.9;22;360.9;null;1007.2;29.7;25.8;19.4;84.4;7.1;4;56;
2001-05-31;14;221.8;null;null;294.8;6.3;10;14.4;null;1007.7;30.1;26.5;20.2;80.4;6.6;4.2;56.7;
2001-06-30;14;144.3;null;null;168.3;8;23;373.8;null;1009.2;28.4;24.4;18.1;null;6.3;3.7;55.6;
2001-07-31;14;163.9;null;null;225.6;7.3;24;145.4;null;1009.8;28.3;24.2;17.9;null;8.3;4.4;56.2;
2001-08-31;14;216.2;null;null;264.4;6.5;20;104.4;null;1011.5;28;23.8;17.2;null;8.3;5.3;56.2;
2001-09-30;14;244.9;null;null;281.8;6.6;9;28.4;null;1009.2;28.8;25.1;19;80.8;7.5;5;56.6;
2001-10-31;14;281.5;null;null;295.2;6.7;5;4.7;1013.8;1008.6;29.7;26;20.7;76.1;7.1;4.6;56.7;
2001-11-30;14;263.4;null;null;286.1;6.7;9;12.7;1012.7;1007.4;30.1;26.6;21.6;75.2;7;4.7;56.7;
2001-12-31;14;243.9;null;null;279.1;7.3;17;51.2;1011.4;1006.2;30.6;27.7;25.3;77.4;6.8;4.7;56.5;
2002-01-31;14;171.3;null;null;183.5;8;23;113.9;1011.8;1006.5;30;27.2;24.9;81.1;6.3;3.6;56;
2002-02-28;14;204.4;null;null;226.9;7.1;16;82.3;1012.1;1006.9;30.6;27.5;24.8;79.4;7.1;4.2;56.5;
2002-03-31;14;null;null;null;null;7.4;24;483.8;1011.7;1006.4;30.3;27;24.2;81.9;7;3.7;55.9;
2002-04-30;14;145.1;null;null;207.1;7.3;24;137.7;1011.3;1006;30;26.9;23.7;82.5;7.1;3.8;56.6;
2002-05-31;14;167.1;null;null;247.1;7.2;17;122.9;1012.7;1007.4;30.1;26.9;23.8;81.9;6.8;3.8;56.6;
2002-06-30;14;121.2;null;null;199.8;7.1;19;405.6;1015;1009.7;28.9;25.5;22.6;84.2;6.3;3.2;56.2;
2002-07-31;14;146.4;null;null;230.4;6.3;15;209.7;1015.8;1010.5;28.5;25.3;22.2;83.6;8.8;3.8;55.6;
2002-08-31;14;182.1;null;null;242.4;7;21;314.4;1015.8;1010.5;28.3;25.1;21.9;82.5;7.5;4;55.8;
2002-09-30;14;261.8;null;null;303.5;6;2;1;1015.1;1009.8;29.2;26.3;23.7;77.9;7.8;4.5;56.7;
2002-10-31;14;272.5;null;null;292.8;6.7;10;29.2;1013.9;1008.6;29.6;26.7;24.4;79.4;8;5;56.1;
2002-11-30;9;247.6;null;null;259.6;6.8;9;98.2;1013.7;1008.4;29.9;26.9;24.8;78.9;7.1;4.8;56.6;
2002-12-31;14;227.2;null;null;285;7.1;8;19.4;1013.5;1008.1;30.1;27.3;24.9;79.7;7.8;4.4;56.7;
2003-01-31;9;186.4;164.3;164.3;259.3;6.8;10;84.1;1012.9;1007.6;30.6;27.6;25.3;79;5.8;3.3;56.5;
2003-02-28;14;136;141.2;141.2;215.4;7.5;13;139.9;1012.4;1007;30.6;27.4;24.3;81.1;6.6;4.2;56.3;
2003-03-31;14;129.1;146.4;146.4;210.4;7.4;24;312;1011.9;1006.6;30.2;27.2;24.2;81.8;6.8;3.5;56.1;
2003-04-30;14;128;121.9;121.9;205.6;7.3;20;136.8;1012.3;1007;30.2;27.2;24.2;82.3;6.5;3.6;56;
2003-05-31;14;127.6;142.7;142.7;247.9;7;14;194.4;1013.3;1008;30;27;24.1;81.5;7.3;3.8;55.9;
2003-06-30;18;101.3;111.6;111.6;207.3;7.4;21;244.3;1014;1008.7;29;25.5;22.5;84.2;7.1;3.8;55.7;
2003-07-31;14;131.2;107.6;107.6;257.5;6.5;14;202.3;1015.7;1010.3;28.6;25;21.6;82;8.1;4.6;56.3;
2003-08-31;14;143.3;130.5;130.5;272.7;6.3;14;51.2;1015.9;1010.6;28.9;25.4;22;80.3;7.8;4.4;56;
2003-09-30;14;167.9;null;null;277.3;6.3;14;38.5;1015;1009.7;29.5;26.1;22.9;79.2;8.1;4.9;56.4;
2003-10-31;14;209.9;null;null;297.1;7;6;21.7;1013.5;1008.2;30;26.9;24.4;77.8;8.1;5.1;56.8;
2003-11-30;14;211.7;null;null;306.7;6.7;9;16.1;1012.1;1006.8;30.5;27.4;25.1;77.5;7.1;4.8;56.8;
2003-12-31;14;197.5;null;null;291;7.2;13;22.5;1012.6;1007.3;30.5;27.5;25.1;78.3;8;4.9;56.3;
2004-01-31;9;136.7;null;null;178.1;8.2;22;376.3;1011.3;1006.1;30.1;27.1;24.4;83;8;3.7;56.1;
2004-02-29;14;126.8;null;null;187.7;8.1;21;284.2;1012;1006.8;30.1;27.1;24.1;82.3;8;4;56.1;
2004-03-31;14;153.7;null;null;248.3;7.5;18;252;1011.8;1006.5;30.5;27.4;24.3;80.5;8.8;4.3;56.5;
2004-04-30;14;126.8;null;null;216.7;7.5;17;172.5;1012.2;1006.9;30.1;27.2;24.1;81.5;7.1;4.1;55.9;
2004-05-31;14;116.6;null;null;240.8;7;18;160.9;1013.6;1008.3;29.5;26.4;22.9;82.8;8.3;4;56.2;
2004-06-30;14;90.7;null;null;171.9;7.7;25;643.4;1015.9;1010.5;28.5;25;21.5;87.4;8.3;3.8;55.1;
2004-07-31;14;93.4;null;null;201.9;7.2;20;393.9;1015.1;1009.7;28.3;24.8;20.9;87.7;9.1;4.2;55.8;
2004-08-31;14;136.9;null;null;259.1;6.8;17;90.1;1016.4;1011;28.6;25.1;21.2;84.4;8.3;4.9;56.5;
2004-09-30;14;168.7;null;null;265.5;6.6;11;44.4;1015;1009.7;29.2;25.8;21.5;81;9;6;56.4;
2004-10-31;14;207.5;null;null;285.4;6.3;7;14.4;1013.7;1008.3;30.7;26.7;23.4;79.1;7.8;5.4;56.8;
2004-11-30;14;207.4;null;null;308.5;5.9;6;10.1;1012.8;1007.5;30.5;27;23.8;78.3;8.3;5.2;56.3;
2004-12-31;14;217.8;null;null;298.3;7;6;4.8;1012.4;1007.1;30.6;27.3;24.2;81.3;7.3;5;56.7;
2005-01-31;14;198.8;null;null;262.3;7.2;4;2;1011.8;1006.4;30.8;27.7;24.4;79.6;8;4.5;56.9;
2005-02-28;14;181.8;null;null;247.7;7.1;9;36.4;1011.3;1006;31.2;28.1;24.7;78.1;8;4.5;56.5;
2005-03-31;14;186.3;null;null;240.1;7.1;12;186.3;1012.1;1006.8;31.7;28.1;24.5;79.4;7.4;3.5;55.9;
2005-04-30;14;141.6;null;null;235.4;7;21;144;1012.1;1006.8;31.6;27.9;23.5;80.9;9.9;4.2;56.3;
2005-05-31;14;106.5;null;null;216.9;7.5;25;548.3;1012.7;1007.3;30.1;26.4;22.2;84.3;6.6;3.4;55.1;
2005-06-30;14;72.7;null;null;164;7.5;26;762.3;1014.2;1008.8;28.1;24.9;20.8;88;5.8;3.2;54.4;
2005-07-31;18;125.7;null;null;261.6;6.1;17;115.2;1015.9;1010.7;28.9;25;20.4;82.7;8.3;4.5;56.1;
2005-08-31;14;131.8;null;null;259;7;26;106.8;1015.7;1010.4;28.6;25.4;21.9;83.1;7.6;4.5;56.1;
2005-09-30;14;158.1;null;null;259.6;6.4;15;43.9;1015.2;1009.9;29.3;26;22.7;79.4;8.3;4.9;56.2;
2005-10-31;14;196.4;null;null;318.5;5.8;6;31.6;1014.2;1008.9;30.1;26.8;24.1;78;8.1;5.2;56.2;
2005-11-30;14;204.5;null;null;292.5;6.7;2;1.2;1012.3;1007.1;30.6;27.4;25.1;78.4;8.6;5.1;56.9;
2005-12-31;14;216.2;null;null;288.1;6.7;10;10.4;1011.5;1006.1;30.6;27.7;25.3;79.3;8;4.9;56.2;
2006-01-31;14;208.1;null;null;270.4;6.8;5;4.2;1011.6;1006.3;30.8;27.6;25.1;78;8;5.6;56.7;
2006-02-28;9;185.5;null;null;247.1;6.8;10;87.2;1011.8;1006.6;31.2;28.1;25.7;78.1;7.6;3.9;56.5;
2006-03-31;9;184.5;null;null;262.1;7.2;12;157.4;1011.7;1006.6;31.4;28.2;25.2;77.1;6.3;3.5;55.8;
2006-04-30;14;114.3;null;null;210.2;7.1;24;380.7;1011.2;1005.8;30.4;27.2;23.4;81.2;6.1;2.8;56.6;
2006-05-31;14;112.1;null;null;230.6;7;23;115.3;1013.3;1008;30.1;26.7;22.7;81.7;9.3;3.9;56.4;
2006-06-30;18;97.6;124.8;124.8;192;7.2;25;375.5;1014.5;1009.2;29;25.2;21.1;84.7;8.3;4.1;57;
2006-07-31;14;120;112.3;112.3;240;6;20;133.4;1015.4;1010.2;29.1;25.1;20.6;82.2;8.8;4.2;56.4;
2006-08-31;14;148.2;113.4;113.4;260.9;6.9;16;90.5;1015.1;1009.8;28.9;25.3;20.9;78;8.8;4.9;56.5;
2006-09-30;14;167.2;122.8;122.4;284.1;6.2;12;45.2;1015.2;1009.9;29.4;25.8;21.6;75.8;10;4.9;56.7;
2006-10-31;14;212.2;145.5;13.4;313.7;6.6;7;13.4;1013.3;1008;30;26.8;23.6;75.7;7.6;4.9;57.2;
2006-11-30;14;204.4;146.3;83.5;297;6.6;9;83.5;1012.2;1006.9;30;27;23.7;75.3;7.1;4.2;57.6;
2006-12-31;14;187;156.2;49.8;286.7;7.1;9;49.9;1013.1;1007.7;30.3;27.3;24.1;77.5;7;4;56.9;
2007-01-31;14;184;162.1;86.3;283.5;7.1;8;86.3;1012.6;1007.2;30.6;27.5;24;76.5;6.6;4.4;57.5;
2007-02-28;14;144.9;146.9;65.9;234;7;17;66;1012.2;1006.7;31;27.6;23.8;77.4;6.6;3.6;56.6;
2007-03-31;14;150.2;158.5;158.5;244.4;7.2;19;265;1011.7;1006.4;30.8;27.5;22.9;77;9.6;4.3;57.2;
2007-04-30;14;117.3;141.6;141.6;236.3;7.1;18;247.7;1012.1;1006.8;30.5;27;22.5;79.8;7.5;3.9;56.2;
2007-05-31;14;117.6;133.3;133.3;261.9;6.6;19;120.9;1012.8;1007.5;29.9;26.4;21.7;80;7.5;4;57.1;
2007-06-30;14;88;105.4;105.4;203.9;7.4;20;560.5;1014.8;1009.4;28.7;25;20.6;83.8;7;3.8;56.9;
2007-07-31;14;102.3;106;106;221.3;7.1;21;191.8;1015.3;1010;28.4;24.9;20.4;80.7;7.6;4.1;56.7;
2007-08-31;14;134.1;104;104;250.5;6.9;25;95.8;1015.3;1009.9;28.3;24.6;20.1;78.2;10.8;5.2;56.6;
2007-09-30;14;154.5;111.3;111.3;279.3;6.8;13;46.3;1015.7;1010.4;28.9;25.2;20.7;78.7;11.6;5.8;57.3;
2007-10-31;14;184.2;132.3;47;280.6;6.7;10;20.2;1013.8;1008.5;29.5;26.1;22.5;76.4;9.3;5.2;57.3;
2007-11-30;14;174.2;144.4;45.2;292.7;6.9;10;45.2;1012.1;1006.8;29.9;26.9;24.7;75.9;9.5;4.7;56.7;
2007-12-31;14;208.3;162.5;15.4;306.6;6.7;9;16;1011.8;1006.6;30.6;27.6;25.6;74.8;8;4.5;56.8;
2008-01-31;14;175.6;164.2;69.2;281.5;7.1;15;69.2;1011.3;1006;30.6;27.7;25.5;75.8;8.8;4.3;56.6;
2008-02-29;14;169.5;164.4;22.4;259.1;7;8;22.4;1012.1;1006.9;31.2;28.2;25.8;73.7;7.5;3.9;55.4;
2008-03-31;14;137.5;162.6;162.6;224.6;7.4;20;275.5;1011.1;1005.7;30.8;27.6;24.8;77.4;7;2.6;56.2;
2008-04-30;14;90.2;128.7;128.7;198.1;7.3;23;409.3;1010.9;1005.5;29.8;26.7;23.7;81.5;7.1;2.5;56;
2008-05-31;14;104.5;137;137;204.9;6.9;17;212.3;1012.3;1006.9;29.6;26.6;23.6;81.4;10;3.3;56.1;
2008-06-30;18;99.4;111.6;111.6;170.5;7.3;19;542.3;1014;1008.6;28.9;25.4;22.3;81.4;7.6;3.7;56;
2008-07-31;14;110.1;107.6;107.6;187.7;7.3;21;473.3;1015.3;1010;28.3;24.8;21.7;81.6;9.3;4.5;56.2;
2008-08-31;14;112.7;110.3;110.3;225.5;6.5;19;401.3;1014.2;1008.8;28.4;24.9;21.7;81;9.6;4.5;55.8;
2008-09-30;14;143.1;124.6;95.8;256.5;7.3;15;37.8;1014.7;1009.4;29.3;26;22.9;78.1;8.3;5.2;56.8;
2008-10-31;14;193.4;141.7;59.8;292;7.1;18;31.8;1014.1;1008.7;29.8;26.6;23.9;75.8;8.3;5.3;56.7;
2008-11-30;14;199.8;152.3;20.1;303.2;6.7;7;9.5;1012.3;1007;30.3;27.2;25;74.7;7;4.7;56.7;
2008-12-31;14;227.6;166.8;3.1;306.1;6.7;1;.4;1011.6;1006.3;30.9;27.8;25.5;73.7;7.8;4.4;57.1;
2009-01-31;14;197.6;166.3;162.1;265.7;6.5;10;162.1;1012.2;1006.9;30.7;27.7;25.3;75;8.1;4;56.6;
2009-02-28;14;156.5;144.9;144.9;227.2;7.5;16;245.4;1011.6;1006.3;30.6;27.6;25.1;76.9;7.5;3.6;56.5;
2009-03-31;14;143.3;162.7;162.7;254.9;7;16;220.6;1011.3;1006;30.4;27.6;25;77.7;6.6;3.2;57.5;
2009-04-30;14;94.7;147.3;147.3;202.5;7.4;22;364.3;1012.1;1006.8;30.4;27.3;24.4;80.6;5.3;2.1;56.3;
2009-05-31;14;69.8;150.4;150.4;182.7;7.7;27;372.3;1012.4;1007.1;29.8;26.6;23.9;83.2;5.6;2.6;56.2;
2009-06-30;14;82.1;130;130;172.4;7.3;21;304.7;1014.1;1008.8;28.9;25.8;23;83;6.6;3.2;55.6;
2009-07-31;14;91.2;115.6;115.6;215.4;6.8;25;347.9;1014.9;1009.5;28.6;25.4;22.6;82.3;7.8;3.5;56.5;
2009-08-31;14;127.3;120.1;120.1;249.5;6.2;22;229.2;1014.8;1009.4;28.9;25.6;22.6;78.9;9.5;4;55;
2009-09-30;14;153;133.4;120;252.8;6.8;15;76.7;1015.5;1010.2;29.4;26.5;24.1;77.3;8.3;4.6;56.7;
2009-10-31;14;216;149.5;44.9;317.1;5.6;4;1;1013.3;1008;30;27;24.9;74.7;7.5;4.2;56.7;
2009-11-30;14;198.8;156.4;16.7;311.8;6.5;8;6.7;1012.9;1007.5;30.8;27.5;25.5;74.5;8.3;4.7;56.7;
2009-12-31;14;168.6;166.8;11.8;269.2;7.1;13;9.5;1012.5;1007.2;30.9;27.7;25.6;77.5;8.3;4.4;56.7;
2010-01-31;14;172.1;191.4;71.3;259.1;7.2;11;70.9;1012.3;1007;31;28;25.7;77;7.1;4.1;56.7;
2010-02-28;14;123.3;160.7;81.5;196.5;7.4;11;81.4;1011.8;1006.4;31.4;28.3;26.2;79.2;8.3;4.2;55.8;
2010-03-31;14;172.2;192;70;283.6;6.6;10;69.9;1011.8;1006.5;32.5;28.9;26.5;76.3;8.3;3.6;56.7;
2010-04-30;14;116.1;167.7;167.7;244.4;6.9;17;191;1011.7;1006.3;31.9;28.3;25.5;80.1;8.1;3.9;56.4;
2010-05-31;14;128.8;160.6;160.6;277.1;6.2;11;262.6;1012.3;1007;31.3;27.8;24.5;78.5;8;4;56.2;
2010-06-30;14;105.9;131.8;131.8;239.1;6.3;18;155.2;1014.4;1009.1;30.3;26.6;23.4;79.9;7.5;3.8;56.3;
2010-07-31;18;114;124;124;198.4;7.1;22;151.5;1014.6;1009.3;29.1;25.3;22.3;82.1;8.8;4.4;56.3;
2010-08-31;14;127.3;113.5;111.9;250.8;6.3;16;95.3;1015.5;1010.2;29.3;25.1;21.4;79.1;10;4.9;56.7;
2010-09-30;14;149;117.8;84.2;269.9;6.3;13;38.5;1014.6;1009.3;29.2;25.6;22;78.1;11.6;5.4;56.7;
2010-10-31;14;183.7;149.5;36.8;304.5;6.5;3;8.2;1013.1;1007.8;30.1;27;24.6;77.8;7.5;4.5;56.7;
2010-11-30;14;205.9;154.3;11.3;316.2;6.5;6;4.2;1011.7;1006.3;30.5;27.4;25.2;76.7;8.3;4.5;56.7;
2010-12-31;14;189;162.5;58.7;280.9;6.7;12;54.7;1010.5;1005.1;30.5;27.5;25.2;77.4;7.6;4;57.1;
2011-01-31;14;130.3;151.7;151.7;220.7;7.5;19;326.1;1010.6;1005.3;29.9;26.9;24;81.3;6.1;3.1;57;
2011-02-28;14;143.6;148.8;128;252;7.4;15;76.5;1011.4;1006;30.6;27.7;25;79.5;8;3.9;56.2;
2011-03-31;14;144.7;164.9;154.8;268.9;7;15;146.7;1011.1;1005.8;30.9;27.8;24.5;79.4;6.3;2.9;56.6;
2011-04-30;14;102.4;141.7;141.7;180.9;7.6;27;371.6;1011.2;1005.9;30.1;27;23.8;83.3;7;2.9;56.6;
2011-05-31;14;80.5;130.1;130.1;165.1;8.1;22;413;1012.2;1006.9;29.3;26.2;23.3;84.6;7.8;3.4;56.5;
2011-06-30;14;90.1;112.1;112.1;148.8;8;23;445.4;1014;1008.6;28.7;25.4;22.3;85;8.1;3.4;55.7;
2011-07-31;18;106.3;108.2;108.2;188.5;7.4;16;170.4;1014.3;1009;28.3;24.9;21.7;83;10;3.8;56.6;
2011-08-31;14;119.2;114.1;114.1;234;7;20;118.8;1015.3;1010;28.6;25.2;21.6;81.9;8.6;4.2;56.3;
2011-09-30;14;155.1;135.5;97.3;283.6;6.3;14;33.3;1015.5;1010.2;29.2;25.7;21.8;78.1;9.1;5.7;56.6;
2011-10-31;14;177.6;143.9;46.3;277.5;6.9;11;20.8;1012.6;1007.3;29.8;26.7;24;79.2;8.3;5;56.7;
2011-11-30;14;188.9;150.4;50.9;296.7;7.3;11;44;1012.5;1007.2;30.1;27.2;24.7;77.2;6.6;4.6;56.7;
2011-12-31;14;206.1;160.4;24.6;315.7;7;8;21.9;1012.6;1007.3;30.4;27.3;24.8;76.3;6.6;4.5;56.5;
2012-01-31;14;184.2;157.9;77;290.3;7.5;16;76.5;1012.5;1007.3;30.4;27.3;24.6;77.6;7.5;4.4;57.1;
2012-02-29;14;147.6;140.7;111;238.9;7.3;19;110.9;1012;1006.7;30.1;27;24.1;79.6;8;4.8;57.2;
2012-03-31;14;145.6;152.4;146.2;268.7;6.8;18;146.2;1012.5;1007.2;30.2;27.2;24;82.6;6.8;4.5;57.6;
2012-04-30;14;140.3;147.3;60.9;251.7;7.4;15;60.7;1012.3;1007;30.2;27.3;23.9;81.9;6.6;4.3;57.2;
2012-05-31;14;141.6;140.9;140.9;274.7;6.6;19;184.4;1013.8;1008.4;29.8;26.8;23.5;82.7;8;4.2;56.6;
2012-06-30;14;90.4;112.1;112.1;192.7;7.1;21;302.1;1015.1;1009.8;28.5;25.3;21.9;86.6;7.1;3.6;55.9;
2012-07-31;14;112.7;111.4;111.4;245.5;6.8;20;234.9;1015.1;1009.8;28.3;25;21.2;84.1;8.3;4.4;56.7;
2012-08-31;14;137;109.4;100.3;284.7;6.4;13;63.4;1016.3;1011;28.7;24.9;20.8;84.5;8.8;4.6;56.5;
2012-09-30;14;141.2;116.7;75;264;6.9;11;41.6;1016.2;1010.9;28.9;25.5;21.8;83.5;6.6;3;56.7;
2012-10-31;14;179.2;132.8;38.7;303.6;6.8;14;18.4;1013.8;1008.5;29.4;26.1;22.8;81.3;8.3;4.5;56.9;
2012-11-30;14;201.2;146.6;8;319.9;6.5;2;.7;1012.4;1007;30.1;27;24.4;77.5;7.6;4.3;56.7;
2012-12-31;14;197.1;160.4;3.2;315.3;6.8;4;1.4;1011.9;1006.5;30.4;27.4;25;81.5;6.6;4.4;56.2;
2013-01-31;14;194.4;168.4;20.5;310.2;6.8;6;20.2;1012.5;1007.1;30.7;27.8;25.1;80;6.6;4.3;56.7;
2013-02-28;14;170.8;152.5;59.9;265.4;7.2;9;59.8;1011.8;1006.4;31;27.9;24.9;79.9;7.6;4.6;56.6;
2013-03-31;14;178;171.1;35.1;262;7;10;35.1;1012.1;1006.8;31.2;28;24.9;80.5;7;4;56.7;
2013-04-30;14;155.7;138.1;138.1;272.7;6.6;12;175.6;1012.2;1006.9;31;27.8;24.2;81.1;6.1;3.3;56.6;
2013-05-31;14;121.1;141;141;248;6.9;5;254.9;1013;1007.7;30;26.8;22.8;83.5;7.5;3.7;56.5;
2013-06-30;14;87.7;118.5;118.5;209.8;6.9;null;399.1;1014;1008.6;28.9;25.8;21.8;84.3;6.6;3.3;56.1;
2013-07-31;14;90.4;106.7;106.7;184;7.1;null;430.6;1014.9;1009.6;28.1;24.8;21.1;86.8;8.3;3.7;55.9;
2013-08-31;14;117;114.1;114.1;245.6;6.6;null;242;1014.7;1009.4;28.6;25.2;21;83.3;8.3;4.3;57.1;
2013-09-30;14;130.4;118.3;118.3;263.3;7.2;null;200;1014.8;1009.5;29.1;25.7;22;84.4;8.3;4.6;56.4;
2013-10-31;14;193;143.9;84.6;310.3;6.1;null;11.1;1014;1008.7;29.7;26.7;23.7;77;8.3;4.7;56.7;
2013-11-30;14;172.9;130;54.5;281.1;7.3;null;38.6;1012.3;1006.9;29.5;26.6;23.6;79.3;7;4.6;56.7;
2013-12-31;14;187.9;136.9;17.7;289;7.3;null;10.1;1012.3;1007;30.3;27.3;24.5;77.7;6.5;4;56.8;
2014-01-31;14;175.9;157.9;80.6;267.4;7.3;null;79;1012.7;1007.3;30.3;27.1;23.7;78.3;6.6;4.3;56.7;
2014-02-28;14;146.4;141.3;52.9;235.6;7.4;null;52.1;1011.6;1006.3;30.3;27.3;23.7;78.9;7.6;4;56.7;
2014-03-31;14;142.4;156.5;156.5;272.9;6.9;null;262.1;1012;1006.8;30.5;27.4;24.1;80.8;6.5;3.4;56.7;
2014-04-30;14;136.3;153.2;132.9;253.4;6.4;null;81.9;1012.3;1007;30.5;27.6;23.8;80.2;5;3.2;56.7;
2014-05-31;14;97;137.3;137.3;221.6;7.1;null;191;1012.5;1007.2;29.9;26.6;22.9;83.2;8;3;56.5;
2014-06-30;14;96.9;116.9;116.9;197.2;6.7;null;540.4;1014.1;1008.8;29;25.7;22.4;84.3;6.6;3.5;56.3;
2014-07-31;14;106.7;109.8;109.8;213.7;6.7;null;231.4;1016.2;1011;28.4;24.9;21.1;83.4;7.8;3.7;56.5;
2014-08-31;14;134.9;112.5;110.1;266.6;6.2;null;89.7;1015.7;1010.4;28.6;25.1;21.1;80.4;8.3;4;56.7;
2014-09-30;14;133.9;120;120;252.2;6.4;null;149;1015;1009.7;28.8;25.7;22.5;82.4;7.5;4.3;56.7;
2014-10-31;14;166;140.1;97.2;294.7;6.4;null;30.7;1014.1;1008.8;29.4;26.4;23.5;80.4;9.1;4.9;56.7;
2014-11-30;14;182.9;144.6;48.2;295.1;6.5;null;24.8;1012.8;1007.5;29.8;26.9;24.4;78.9;6.6;3.9;56.8;
2014-12-31;14;179.4;156.3;31.3;291.2;6.9;null;23.9;1013.1;1007.8;30.1;27.3;24.9;79.3;6.6;4;56.7;
2015-01-31;14;190.2;160;31.3;297.4;6.6;null;30.3;1013.6;1008.3;30.5;27.4;24.9;78.2;6.5;4;56.8;
2015-02-28;14;152.7;158.4;78.1;233.7;6.7;null;77.7;1012.6;1007.3;30.8;27.8;25.3;79.9;8.8;3.6;56.7;
2015-03-31;null;126.5;166.8;166.8;234.1;6.7;null;317;1012.3;1006.9;30.2;27.1;23.4;82.2;null;null;56.5;
2015-04-30;null;143.2;167.4;166.8;266.9;6;null;156.1;1012.3;1007.1;30.7;27.7;24.3;79.6;null;null;56.7;
2015-05-31;null;139.7;150.5;119.1;280.6;6.1;null;69.6;1013.5;1008.1;30.4;27.5;24.1;79.2;null;null;56.1;
2015-06-30;null;100.8;132;132;233.2;6.7;null;301.2;1015.1;1009.9;29.1;25.9;23;83.6;null;null;56.4;
2015-07-31;null;93.3;126.1;126.1;213.7;7;null;316.5;1015.3;1010;28.5;25.4;22.3;83.5;null;null;56.6;
2015-08-31;null;138.8;130.9;101.5;285.5;6;null;43.1;1015.6;1010.3;28.8;25.6;22.7;79.3;null;null;56.6;
2015-09-30;null;172.8;142.9;53.2;278.9;5.7;null;24.4;1015.3;1010;29.2;26.4;24.2;77;null;null;56.7;
2015-10-31;null;198.3;145.8;16.2;304.3;6;null;8.6;1014.8;1009.5;29.6;26.8;24.9;76.2;null;null;56.7;
2015-11-30;null;188.7;152.4;2.9;316.9;5.4;null;.4;1013;1007.7;30.2;27.3;25.5;76.4;null;null;56.8;
2015-12-31;null;160.8;162.5;67.6;262.6;6.6;null;67.2;1014.1;1008.8;30.5;27.5;25.5;78.7;null;null;56.7;
2016-01-31;null;122.7;160;151.9;185.2;7;null;151.9;1012.9;1007.4;30.1;27.4;25.1;82.1;null;null;56.3;
2016-02-29;14;121.9;158;73.9;220.7;6.2;null;73.8;1012.4;1007.2;30.7;27.8;25;79.6;5;2.9;56.7;
2016-03-31;14;138.2;164.7;152.5;260.5;5.4;null;152.6;1013;1007.8;31;27.7;23.3;80.6;5;2.7;56.3;
2016-04-30;14;117.2;161.1;161.1;206.3;6.4;null;166.4;1012;1006.6;30.4;27.8;25.7;81.5;6.6;2.7;56.1;
2016-05-31;14;127.9;152.4;152.4;246.4;5.8;null;207.9;1014;1008.8;30.2;27.3;25.5;81.7;5;2.2;56.6;
2016-06-30;14;107.1;132;132;230.5;5.9;null;156.3;1015.5;1010.3;29.4;26.7;25;80.9;5;2.2;56.8;
2016-07-31;14;132.6;127.9;88.9;267.2;5.7;null;38.6;1015.6;1010.3;29.3;26.1;23.6;79.3;6.7;2.9;56.8;
2016-08-31;14;156.1;132.7;85.1;273.4;5.4;null;68.6;1015.6;1010.4;29.2;26.3;24.6;78.8;6;2.7;56.6;
2016-09-30;14;178.7;139.2;53.6;298.3;5.1;null;42.2;1015.6;1010.3;29.5;26.8;25.1;77.7;6.7;3.2;56.8;
2016-10-31;14;186.5;157.7;27.9;299;5.6;null;22.7;1014;1008.6;29.9;27.3;25.7;75.9;7;4.3;56.7;
2016-11-30;14;169.6;166.7;20.4;287.8;5.1;null;19;1012.9;1007.4;30.4;28;26.5;75.2;8.8;2.9;56.7;
2016-12-31;14;174.2;177.6;65.3;266.7;6.1;null;65;1012.4;1007.2;30.6;28.1;26.3;75.6;5;2.8;56.8;
2017-01-31;9;166.2;174.9;80.7;271.3;5.7;null;80.6;1012.8;1007.5;30.6;28;26.1;75.9;5;2.1;56.7;
2017-02-28;14;139.1;156.5;65;215.4;6;null;65;1012;1006.7;30.8;28.2;26.3;76.9;3.7;1.3;56.9;
2017-03-31;14;130.8;164.7;164.7;240.9;6.2;null;187.2;1011.9;1006.6;30.8;28.2;26.2;78.5;2;.6;56.8;
2017-04-30;0;115;159.2;159.2;214.6;5.8;null;254.1;1012.2;1006.8;30.8;27.9;25.7;80.5;3.3;.4;56.2;
2017-05-31;0;110.1;144.7;144.7;225.2;6.1;null;229.4;1013;1007.7;30.1;27.3;24.4;80.9;4;.9;56.7;
2017-06-30;9;98.5;121.8;121.8;205;5.9;null;197.7;1013.8;1008.5;29.6;26.3;23.2;80.1;5.5;1.6;56.6;
2017-07-31;14;102.1;103.7;103.7;150.4;7;null;414.3;1016;1010.7;27.8;24.7;21.9;80.2;8.7;2.6;56.6;
2017-08-31;14;130.6;122.3;86.8;284.9;4.8;null;24.3;1015.2;1009.9;29.1;25.7;21.7;75.3;8.2;3.7;56.8;
2017-09-30;14;139.2;118.3;87.7;265.8;5.4;null;74.4;1015.2;1010.1;28.9;25.7;22.1;74.3;8.7;4.7;56.7;
2017-10-31;14;150.5;140.1;83.8;284.5;5.8;null;71.8;1013.5;1008.2;29.3;26.4;23.5;78;9.7;4.4;56.7;
2017-11-30;14;177.3;152.4;18.2;289.2;5.3;null;8.9;1012.3;1007;30;27.2;24.9;82;6.5;4.2;56.7;
2017-12-31;14;176.2;165.2;48.9;268.7;6.3;null;46.9;1011.9;1006.7;30.3;27.6;25.6;83.2;6;3.4;56.8;
2018-01-31;14;181.2;157.9;77.1;250.9;6.3;11;76.6;1012;1006.6;30.3;null;25.4;null;6.5;3.4;56.8;
2018-02-28;14;125.5;141.3;141.3;207.3;6.7;14;217.2;1011.3;1005.9;30;null;25.4;null;5.7;2.9;56.8;
2018-03-31;14;143.6;154.5;154.5;258.6;6.6;9;274.4;1011.8;1006.5;30.4;null;26.2;null;5.1;2.7;56.2;
2018-04-30;14;91.3;147.4;147.4;188;7;24;290.2;1012.2;1006.8;29.7;null;25.4;null;4.5;2.3;56.6;
2018-05-31;14;96.6;150.5;150.5;213.3;7.2;21;223.3;1013.2;1007.9;29.7;null;25.4;null;5.1;2.6;56.7;
2018-06-30;14;97.3;144.7;144.7;216.7;6.7;21;252.8;1015;1009.6;28.9;null;23.7;null;5.7;3.2;55.9;
2018-07-31;14;111.2;149.9;149.9;209.6;6.8;18;289.1;1015.1;1010;28.4;null;22.9;null;8.7;4.4;56.1;
2018-08-31;14;128.8;151.4;110.5;284.6;5.9;11;45;1015.9;1010.6;29;null;23.1;null;9.4;5.7;56.8;
2018-09-30;14;136.8;148.6;80.5;276.1;6.3;13;61.2;1014.1;1008.8;29.1;null;23.3;null;10.8;6.1;56.6;
2018-10-31;14;181.7;155.6;11.3;308.5;6.1;0;0;1013.2;1007.9;29.9;null;24.6;null;10.8;5.2;56.3;
2018-11-30;14;172.2;152.4;9.8;285.3;6.2;8;7.5;1012.2;1006.8;null;null;25;null;9.2;5.2;56.7;
2018-12-31;14;156.1;164.6;66.7;286.6;6.1;4;66.3;1012.7;1007.3;30.5;27.7;25.1;74.9;8;4;56.8;
2019-01-31;14;149.3;164.2;25.6;275.8;6.4;12;25.4;1012.7;1007.6;30.9;27.9;25.1;74.5;11.2;4.7;56.9;
2019-02-28;14;99.7;152.5;152.5;191.4;7.4;19;179;1011.8;1006.5;30.7;27.9;25.2;78.3;8.7;3.1;56.7;
2019-03-31;14;98;160.6;160.6;181.7;7.2;21;239.7;1012.2;1006.8;30.3;27.5;24.6;80.8;6.6;2.8;56.6;
2019-04-30;14;88.4;149.3;149.3;192.6;7.5;20;470.8;1012.2;1006.7;30.2;27.4;24.3;81.5;6.6;3.1;56.6;
2019-05-31;14;105.8;148.6;148.6;237.9;6.8;20;206.7;1012.3;1007;30.3;27.6;24.5;79.6;8;3.4;56.7;
2019-06-30;14;102.8;125.2;125.2;206.5;6.5;15;275.6;1014.5;1009.3;29.1;26.1;23.1;80.6;6.8;3.1;56.7;
2019-07-31;14;102.7;116.2;116.2;234.1;6.8;21;190.5;1014.9;1009.8;28.7;25.7;22.7;80.2;8.7;4.2;56.6;
2019-08-31;14;132.8;120.6;107.5;270.6;5.8;20;64.7;1016.6;1011.3;28.6;25.7;22.5;78.2;10.8;6.3;56.7;
2019-09-30;14;138.2;128.4;88.6;265.2;6.2;14;59.8;1015.1;1009.8;28.7;26.2;23.7;78;11;6.1;56.7;
2019-10-31;14;177.2;141.9;40.3;300.2;5.9;11;19.9;1013.5;1008.1;29;26.6;24.2;76.4;11;6.6;56.7;
2019-11-30;14;178.1;152.3;9.2;305.3;5.9;4;2.6;1011.9;1006.5;29;27.3;25.3;76.7;10;5.3;56.7;
2019-12-31;14;193.9;null;null;296.1;6.3;6;17.9;1011.9;1006.6;29.8;27.7;25.7;77.6;9.1;4.9;56.7;
2020-01-31;14;147.5;null;null;225.2;7.2;13;184.7;1012;1006.7;30.1;27.9;25.4;81.4;10.3;3.9;56.7;
2020-02-29;14;136.6;null;null;229.6;6.8;12;202.4;1011.9;1006.7;30.4;28.3;25.8;82.1;8;3.7;56.6;
2020-03-31;14;94.5;null;null;197.3;6.7;11;322.7;1011.7;1006.4;30.4;28.1;25.2;79.4;5.6;2.8;56.4;
2020-04-30;null;null;null;null;null;null;5;null;null;null;null;null;null;null;null;null;null;
2020-05-31;null;null;null;null;null;null;null;null;null;null;null;null;null;null;null;null;null;
2020-06-30;null;null;null;null;null;null;null;null;null;null;null;null;null;null;null;null;null;
2020-07-31;null;null;null;null;null;null;null;null;null;null;null;null;null;null;null;null;null;
2020-08-31;null;null;null;null;null;null;null;null;null;null;null;null;null;null;null;null;null;
2020-09-30;null;null;null;null;null;null;null;null;null;null;null;null;null;null;null;null;null;
2020-10-31;null;null;null;null;null;null;null;null;null;null;null;null;null;null;null;null;null;
2020-11-30;null;null;null;null;null;null;null;null;null;null;null;null;null;null;null;null;null;
2020-12-31;null;null;null;null;null;null;null;null;null;null;null;null;null;null;null;null;null;
2021-01-31;null;null;null;null;null;null;null;null;null;null;null;null;null;null;null;null;null;
2021-02-28;null;null;null;null;null;null;null;null;null;null;null;null;null;null;null;null;null;
2021-03-31;null;null;null;null;null;null;null;null;null;null;null;null;null;null;null;null;null;
2021-04-30;null;null;null;null;null;null;null;null;null;null;null;null;null;null;null;null;null;
2021-05-31;null;null;null;null;null;null;null;null;null;null;null;null;null;null;null;null;null;
2021-06-30;null;null;null;null;null;null;null;null;null;null;null;null;null;null;null;null;null;
2021-07-31;null;null;null;null;null;null;null;null;null;null;null;null;null;null;null;null;null;
2021-08-31;null;null;null;null;null;null;null;null;null;null;null;null;null;null;null;null;null;
2021-09-30;null;null;null;null;null;null;null;null;null;null;null;null;null;null;null;null;null;
2021-10-31;14;null;null;null;298.6;5.9;11;19.8;1012.9;1007.6;30.3;27.4;24.6;76.9;9.3;4.7;96.7;
2021-11-30;14;null;null;null;297.4;6.5;12;23.5;1011.6;1006.3;30.7;28;25.7;76.7;8.2;4.1;96.7;
2021-12-31;14;null;null;null;267.9;6.7;7;8.4;1011;1005.7;31;28.4;26.3;75.6;8.7;3.8;96.7;
2022-01-31;14;null;null;null;259.8;6.5;14;97;1011.8;1006.6;30.8;27.9;25.4;76.3;6.2;3.5;96.7;
2022-02-28;9;null;null;null;null;6;4;null;1012;1006.4;31;28.3;26.1;73.8;8.2;3.5;96.5;
2022-03-31;14;null;null;null;211.3;7.3;25;394.1;1010.6;1005.3;30.5;27.6;24.7;79.5;5.7;2.9;96.7;
2022-04-30;14;null;null;null;255.6;6;17;171.7;1011.3;1005.9;30.5;27.6;24.3;78.9;8.7;3.2;96.7;
2022-05-31;14;null;null;null;167.9;7.4;23;383.9;1013.1;1007.9;29.7;26.7;23.9;85.6;5.7;2.5;96.7;
2022-06-30;14;null;null;null;202.1;6.5;19;282.9;1013.2;1007.9;28.9;25.8;22.7;85.4;5.7;2.6;96.5;
2022-07-31;14;null;null;null;167.4;7.4;19;574.8;1014.2;1008.9;28.6;25.2;22.2;86.8;8.7;3.3;96.7;
2022-08-31;14;null;null;null;271.9;6;13;183.6;1014.8;1009.4;29;25.5;22.1;79.9;10.3;4;96.7;
2022-09-30;14;null;null;null;277.7;5.6;8;41.3;1014.2;1008.9;29.2;26.1;23.3;76.8;7.7;4.4;96.7;
2022-10-31;14;null;null;null;296.1;5.9;6;20.9;1013.2;1007.9;30;27.1;24.6;76.7;9.8;4.7;96.7;
2022-11-30;14;null;null;null;272.3;6.5;6;17.7;1011.8;1006.5;30.4;27.5;25.2;76.4;7.7;3.8;96.7;
2022-12-31;14;null;null;null;284.4;6.4;10;35.1;1011.6;1006.3;30.7;27.6;25.4;78.2;7.2;4.2;96.7;
2023-01-31;14;null;null;null;289.2;6.6;11;57.7;1012.2;1006.9;30.7;27.8;25.6;79.2;7.7;4.2;96.7;
2023-02-28;14;null;null;null;226.5;6.8;9;67.3;1011.7;1006.4;31;28.1;25.4;82.5;7.2;4.5;96.7;
2023-03-31;null;null;null;null;null;null;9;null;1011.3;1006.5;30.7;27.8;24.6;81.4;7.2;4;96.7;
2023-04-30;14;null;null;null;251.2;6.8;15;172.9;1010.8;1005.7;30.6;27.7;24.5;82.2;6.7;3.7;96.7;
2023-05-31;14;null;null;null;242.1;6.8;12;62.4;1012.5;1007.2;30.5;27.7;24.8;82.1;7.2;3.4;96.7;
2023-06-30;14;null;null;null;199.4;6.7;18;196.4;1014.3;1008.9;29.4;26.2;23.4;87.1;7.2;3.4;96.7;
2023-07-31;14;null;null;null;248.7;6.4;15;110.2;1015.2;1010;29.1;26;23.2;82.5;9.3;4;96.7;
2023-08-31;14;null;null;null;256.8;6.2;17;142.6;1014.5;1009.4;28.8;25.9;23.1;80.9;6.2;3.7;96.7;
2023-09-30;14;null;null;null;252.6;6.1;18;63.5;1014.2;1008.9;29.5;26.4;23.6;78.9;9.3;4.6;96.7;
2023-10-31;14;null;null;null;284.2;5.4;6;4.9;1012.9;1007.6;30.1;27.3;24.9;73.8;6.7;4.7;96.7;
2023-11-30;14;null;null;null;282.6;6;7;255.9;1012.2;1006.9;30.3;27.6;25.3;73.6;9.8;4.7;96.7;
2023-12-31;14;null;null;null;276.7;6.1;8;74.7;1011.6;1006.4;30.5;27.9;25.8;75.4;6.7;4.1;96.4;
2024-01-31;14;null;null;null;257;6.4;8;61.3;1012.6;1007.2;31.1;28.4;26.5;75.8;5.1;3;96.6;
2024-02-29;14;null;null;null;232.5;7;15;157.2;1012;1006.7;31.5;28.4;25.7;77.7;5.7;3.2;96.6;
2024-03-31;14;null;null;null;236;6.5;19;262.4;1011.1;1005.8;31.4;28.6;25.6;78.2;5.1;3;96.6;
2024-04-30;14;null;null;null;216.2;6.7;21;284.5;1010.7;1005.4;31.1;28.3;25.2;79.3;8.7;3;96.7;
2024-05-31;14;null;null;null;null;6.8;18;271.5;1012.6;1007.4;30.3;27.3;24.7;81.5;5.7;3.1;96.6;
2024-06-30;14;null;null;null;215.9;6.9;24;605.7;1013.6;1008.3;29.8;26.4;23.5;81.9;6.7;3.6;96.7;
2024-07-31;14;null;null;null;222.9;6.3;22;217.9;1015.6;1010.5;29;25.7;22.6;76.8;8.7;4.1;96.7;
2024-08-31;14;null;null;null;251.6;5.2;11;34.2;1015.6;1010.3;29.1;25.8;22.5;71.9;9.8;4.6;96.7;
2024-09-30;14;null;null;null;265.7;5.5;12;15.9;1014.7;1009.4;29.3;26.2;23.3;71.2;8.2;5.2;96.7;
2024-10-31;14;null;null;null;300.3;5.5;8;14.3;1013.8;1008.4;29.8;26.9;24.5;71.7;7.2;5;96.7;
2024-11-30;14;null;null;null;237.2;5.6;5;7.8;1013;1007.7;30.1;27.3;25;72.6;7.2;4.7;96.6;

