Nome: JOAO PESSOA
Codigo Estacao: 82798
Latitude: -7.09527777
Longitude: -34.8486111
Altitude: 9.67
Situacao: Operante
Data Inicial: 1970-01-01
Data Final: 2024-11-30
Periodicidade da Medicao: Mensal

Data Medicao;DIRECAO PREDOMINANTE DO VENTO, MENSAL(° (gr));EVAPORACAO DO PICHE, MENSAL(mm);EVAPOTRANSPIRACAO POTENCIAL, BH MENSAL(mm);EVAPOTRANSPIRACAO REAL, BH MENSAL(mm);INSOLACAO TOTAL, MENSAL(h);NEBULOSIDADE, MEDIA MENSAL(décimos);NUMERO DE DIAS COM PRECIP. PLUV, MENSAL(número);PRECIPITACAO TOTAL, MENSAL(mm);PRESSAO ATMOSFERICA, MEDIA MENSAL(mB);TEMPERATURA MAXIMA MEDIA, MENSAL(°C);TEMPERATURA MEDIA COMPENSADA, MENSAL(°C);TEMPERATURA MINIMA MEDIA, MENSAL(°C);UMIDADE RELATIVA DO AR, MEDIA MENSAL(%);VENTO, VELOCIDADE MAXIMA MENSAL(m/s);VENTO, VELOCIDADE MEDIA MENSAL(m/s);VISIBILIDADE, MEDIA MENSAL(codigo);
1970-01-31;14;145;null;null;null;5.8;3;5.5;1007.9;30.5;27.4;24.5;73.3;3;1.9;32;null;
1970-02-28;14;133.5;null;null;null;5.8;5;71.6;1007.6;30.2;27.3;24.3;74.8;3;2;30.8;null;
1970-03-31;14;105.7;null;null;null;5.8;19;385.7;1007.2;29.2;26.4;23.3;84.5;3;1.7;28;null;
1970-04-30;14;77.2;null;null;209.2;6.3;11;517.9;1007.7;28.7;25.9;23.2;89.1;3;1.6;28.7;null;
1970-05-31;14;113.1;null;null;null;5.4;14;199.9;1008.7;28.4;25.2;21.9;91.9;3;1.9;30.2;null;
1970-06-30;14;92.1;null;null;213.9;5.7;12;351.7;1009.8;28.9;26.2;21.2;84.7;5;1.8;31.1;null;
1970-07-31;14;102.7;null;null;223;5.5;17;327.7;1011.3;26.8;23.8;20.8;94.4;3;1.9;29.3;null;
1970-08-31;14;112.2;null;null;193.5;5.8;20;536.4;1010.6;26.6;23.6;20.8;96.3;5;2.1;28.3;null;
1970-09-30;14;99;null;null;269.6;4.4;9;74.6;1009.8;28;25.3;22.5;84.9;5;2.1;32;null;
1970-10-31;14;118.6;null;null;298.5;4.1;1;1;1008;29.3;26.3;23.4;72.7;3;1.3;32.8;null;
1970-11-30;14;59.7;null;null;299;4.7;3;21;1007;29.8;26.8;24.1;72.7;3;1.2;33.3;null;
1970-12-31;14;157;null;null;309;4.6;2;12.1;1007;29.9;27.1;24.5;72.5;5;1.6;33.3;null;
1971-01-31;null;null;null;null;null;null;null;null;null;null;null;null;null;null;null;null;null;
1971-02-28;null;null;null;null;null;null;null;null;null;null;null;null;null;null;null;null;null;
1971-03-31;null;null;null;null;null;null;null;null;null;null;null;null;null;null;null;null;null;
1971-04-30;null;null;null;null;null;null;null;null;null;null;null;null;null;null;null;null;null;
1971-05-31;null;null;null;null;null;null;null;null;null;null;null;null;null;null;null;null;null;
1971-06-30;null;null;null;null;null;null;null;null;null;null;null;null;null;null;null;null;null;
1971-07-31;null;null;null;null;null;null;null;null;null;null;null;null;null;null;null;null;null;
1971-08-31;null;null;null;null;null;null;null;null;null;null;null;null;null;null;null;null;null;
1971-09-30;null;null;null;null;null;null;null;null;null;null;null;null;null;null;null;null;null;
1971-10-31;null;null;null;null;null;null;null;null;null;null;null;null;null;null;null;null;null;
1971-11-30;null;null;null;null;null;null;null;null;null;null;null;null;null;null;null;null;null;
1971-12-31;null;null;null;null;null;null;null;null;null;null;null;null;null;null;null;null;null;
1972-01-31;null;null;null;null;null;null;null;null;null;null;null;null;null;null;null;null;null;
1972-02-29;null;null;null;null;null;null;null;null;null;null;null;null;null;null;null;null;null;
1972-03-31;null;null;null;null;null;null;null;null;null;null;null;null;null;null;null;null;null;
1972-04-30;null;null;null;null;null;null;null;null;null;null;null;null;null;null;null;null;null;
1972-05-31;null;null;null;null;null;null;null;null;null;null;null;null;null;null;null;null;null;
1972-06-30;null;null;null;null;null;null;null;null;null;null;null;null;null;null;null;null;null;
1972-07-31;null;null;null;null;null;null;null;null;null;null;null;null;null;null;null;null;null;
1972-08-31;null;null;null;null;null;null;null;null;null;null;null;null;null;null;null;null;null;
1972-09-30;null;null;null;null;null;null;null;null;null;null;null;null;null;null;null;null;null;
1972-10-31;null;null;null;null;null;null;null;null;null;null;null;null;null;null;null;null;null;
1972-11-30;null;null;null;null;null;null;null;null;null;null;null;null;null;null;null;null;null;
1972-12-31;null;null;null;null;null;null;null;null;null;null;null;null;null;null;null;null;null;
1973-01-31;14;136.5;null;null;266.6;5.7;13;78.5;1009;30.6;27.6;24;75.9;7;1.8;30;null;
1973-02-28;14;117.9;null;null;null;6.3;14;71.4;1008.3;30.5;27.6;24.2;75.5;7;1.4;31.9;null;
1973-03-31;14;109.1;null;null;224.8;6.2;17;193.4;1007.9;30.8;27.8;24.4;77.1;3;1.1;31.1;null;
1973-04-30;14;78.6;null;null;159.7;6.8;22;549.5;1008;29.8;27.1;23.4;78.2;7;1.3;26.7;null;
1973-05-31;14;83.8;null;null;210.1;6.3;24;393.1;1008.9;29.3;25.4;22.7;84.6;5;1.3;29.5;null;
1973-06-30;14;68.1;null;null;164.3;6.7;24;624.9;1009.5;27.9;25.1;22.4;86.2;3;.9;26.4;null;
1973-07-31;14;103.9;null;null;196;6.2;21;269.7;1010.6;null;null;22;82.3;7;1.4;29.5;null;
1973-08-31;14;139.5;null;null;284.3;5;10;115.3;1010.7;null;null;21.3;78;7;2.9;32.4;null;
1973-09-30;14;115.3;null;null;234.7;5.3;18;165.4;1010.2;null;null;22.2;80.1;7;2.5;29.8;null;
1973-10-31;14;134.4;null;null;273.9;5.2;9;38.8;1008.4;29.9;27;23.9;75.4;7;1.6;31.9;null;
1973-11-30;14;147.6;null;null;304.8;5.6;6;13.7;1008.6;30.1;27.3;24.9;71.7;7;1.3;32.7;null;
1973-12-31;14;146.1;null;null;278.9;5.4;9;24.2;1008.4;30.3;27.5;24.8;71.6;5;1;33;null;
1974-01-31;14;128.3;null;null;235.9;6.4;19;260.6;1007.5;29.8;26.8;23.4;75.6;3;1.1;30.1;null;
1974-02-28;14;84.3;null;null;220.2;6.3;16;112.4;1006.6;29.7;26.8;23.2;78.3;10;1;31.4;null;
1974-03-31;14;87.7;null;null;187.3;6.1;16;277.7;1006.3;30.2;27.1;23.3;79.3;7;1.6;28.5;null;
1974-04-30;14;58.6;null;null;145.6;6.6;15;236.4;1006.1;30.3;27.1;22.6;78.6;5;1.6;25.3;null;
1974-05-31;14;63.7;null;null;173.3;7;16;434;1008.4;30.2;26.8;21.3;77.8;8.1;2.1;26;null;
1974-06-30;14;69;null;null;180.7;5.7;10;226.9;null;30;26.5;20.4;77.6;7;1.8;30;null;
1974-07-31;14;72.5;null;null;161.4;6.8;23;308.5;null;27.3;24.1;20.9;84.1;7;1.6;26.6;null;
1974-08-31;14;113.8;null;null;227.7;6.6;17;189.5;null;27.2;24.1;20.9;80.2;3.6;1.7;31.1;null;
1974-09-30;14;61.6;null;null;218.6;6.4;16;132.9;null;27.5;24.6;21.7;80.5;3;1.3;30.7;null;
1974-10-31;14;84.8;null;null;284.3;6;5;11.1;null;29.1;26.3;23.7;74.4;3;1;33;null;
1974-11-30;14;84.4;null;null;258;6.3;11;24.7;null;29.9;26.7;23.7;73;3;1.1;32;null;
1974-12-31;14;69.2;null;null;258.8;5.5;4;25.3;1008.4;29.9;26.9;23.7;80.7;5;1.5;31.8;null;
1975-01-31;14;86.5;null;null;285.3;6.3;18;87.2;1008.5;30.3;27.3;24.4;74.8;3;1.4;31.5;null;
1975-02-28;14;74.4;null;null;229.9;6.2;8;43.7;1008.4;30.5;27.4;23.7;72.3;3;1.2;32.3;null;
1975-03-31;null;null;null;null;null;null;11;147.2;1008.1;30.1;27.1;23.8;75.6;3;null;null;null;
1975-04-30;14;78.8;null;null;241.2;6.2;20;108.1;1007.9;30.4;27.3;23.4;74;3;.8;31.7;null;
1975-05-31;null;null;null;null;null;null;null;null;null;null;null;null;null;null;null;null;null;
1975-06-30;null;null;null;null;null;null;null;null;null;null;null;null;null;null;null;null;null;
1975-07-31;0;58.7;null;null;133.8;7.7;null;null;1011;26.8;23.7;21.1;85.8;7;1.3;25.5;null;
1975-08-31;14;61.7;null;null;190.8;6.1;null;null;1011.9;28.2;24.9;20.6;78.7;7;2.3;31.5;null;
1975-09-30;14;120.3;null;null;224.6;5.8;null;null;1012.2;28.1;24.8;21.6;77.9;5;1.3;31.9;null;
1975-10-31;14;46.8;null;null;279.2;5.9;null;null;1010.6;30.1;26.6;23.6;73.2;3;.8;31.7;null;
1975-11-30;14;105.7;null;null;296.2;5.6;null;0;1009.3;30.2;27;24.1;75;3;1.2;32.3;null;
1975-12-31;14;null;null;null;null;6;null;null;1008.4;29.3;26.5;23.7;76.3;5;1.1;31;null;
1976-01-31;14;144.4;null;null;237.1;5.6;8;15.2;null;29.8;26.8;23.3;74;5.4;2.2;32.3;null;
1976-02-29;14;101.9;null;null;218.6;6.1;20;249.6;1008.9;29.5;null;null;76.9;3;1.1;27.8;null;
1976-03-31;14;99.7;null;null;211.6;7;6;123.5;1008.6;29.4;null;null;81.2;3;.8;27;null;
1976-04-30;14;118.5;null;null;225.3;5.9;21;248.7;1010;29.2;26.1;22.7;79.9;5;1.3;28.9;null;
1976-05-31;14;114.9;null;null;256.7;5.7;18;244.7;1011;28.9;25.6;21.4;80.6;5;1.4;30.6;null;
1976-06-30;14;112.1;null;null;203.4;6.6;23;142.7;1012.1;28.1;24.9;21.6;81.7;7;2.4;27;null;
1976-07-31;14;110.9;null;null;187.5;6.3;22;330;1014.2;27.1;23.6;20.1;81.9;12;2.4;27.4;null;
1976-08-31;14;141.5;null;null;257.2;5.4;17;81.8;1013.8;27.6;24.2;19.9;77.2;9;2.1;29.2;null;
1976-09-30;14;156.5;null;null;282.6;5;6;21.7;1012.7;28.5;25.3;21.5;76.2;7;2.4;31.9;null;
1976-10-31;14;151.4;null;null;255.6;5.4;16;94.7;1010.6;28.3;25.6;22.5;74.8;7;2;30.9;null;
1976-11-30;14;167.8;null;null;303.5;5.1;6;10.3;1010.1;29.3;26.3;22.9;72.5;7;1.9;33.8;null;
1976-12-31;14;147.1;null;null;306.4;5.3;20;96.3;1009.4;29.6;26.6;22.9;74.5;9;2.2;33.7;null;
1977-01-31;14;134.5;null;null;192.2;6.4;18;122.9;1009.2;29.4;26.4;23.5;77.4;9;1.9;28.4;null;
1977-02-28;14;123.1;null;null;244.8;5.8;21;110.2;1010.2;29.7;26.8;23.8;74.7;5.8;2.9;31.1;null;
1977-03-31;14;148.4;null;null;266.1;6;16;66.8;1009.2;30.6;27.6;24;73.1;6.6;3.7;32;null;
1977-04-30;9;53.2;null;null;231.8;6.2;20;206.7;1008.9;30;26.8;23.5;78.9;6.6;2.8;30.6;null;
1977-05-31;null;68.1;null;null;235.5;5.9;21;245.7;1010.2;29.2;25.8;22.6;82.8;6.3;null;31.1;null;
1977-06-30;18;76.8;null;null;173.9;6.7;24;458.6;1011.6;28.1;24.7;22.4;87.6;5.3;2.6;26.8;null;
1977-07-31;18;104.8;null;null;187.7;6.8;25;299.2;1012.5;27.8;24.4;21.3;84.1;6.6;2.3;28.1;null;
1977-08-31;18;125.8;null;null;258.5;5.8;15;71.9;1012.3;28.2;24.8;21;77.4;7.3;3.3;30.3;null;
1977-09-30;14;169.4;null;null;278.5;5.2;11;84;1012.2;28.4;25.5;22.2;75.4;6.6;3.5;30.6;null;
1977-10-31;14;185.8;null;null;284.2;5.5;14;23.4;1011.9;29.2;26.2;23.7;72.8;5.8;3.8;32.7;null;
1977-11-30;14;159.2;null;null;287.9;5.7;10;15.2;1010.6;29.8;26.8;24.2;74.3;7;3.2;32;null;
1977-12-31;14;189.5;null;null;286.6;5.4;12;18.7;1009.9;30.1;27.2;24.8;73.4;7;1.8;32.4;null;
1978-01-31;14;146.2;null;null;null;5.3;6;27.5;1010.8;30.3;27.4;24.8;72.4;7;2.2;32.7;null;
1978-02-28;9;153.2;null;null;195.9;6.2;18;123.3;1009.9;29.9;27.2;24.6;76.7;5;3.5;28.7;null;
1978-03-31;14;122.4;null;null;166.7;6.5;19;250.4;1010.1;29.2;26.2;23.2;78.7;5.6;2.9;27.2;null;
1978-04-30;14;117.7;null;null;null;6.4;20;456.8;1009.2;29.6;26.4;23.3;80.3;6.3;3.1;28.8;null;
1978-05-31;14;104.8;null;null;null;6.1;21;258.7;1009.9;28.9;25.9;23.2;83.3;5;2.5;28.7;null;
1978-06-30;18;111.9;null;null;null;6.4;23;241.1;1012.7;28.4;24.6;21.7;83.3;6.1;3.2;29.2;null;
1978-07-31;18;93.4;null;null;null;6.8;23;517.1;1011.9;27.6;24.4;21.9;86.8;6.6;2.9;27.2;null;
1978-08-31;18;133.4;null;null;177;6.5;23;171.8;1013.7;27.9;24.4;21.4;84.6;6.6;3.7;29;null;
1978-09-30;14;149.2;null;null;215.4;5.8;20;136.7;1013.1;28.2;25;22.3;83;6.6;3.9;29.7;null;
1978-10-31;14;166.9;null;null;251.4;5.1;10;58.2;1011.6;29;25.9;23.2;78.5;7.1;4.5;30.8;null;
1978-11-30;14;168;null;null;257.3;5.4;10;99.8;1010.8;29.5;26.4;23.4;76.2;6.3;3.1;29.3;null;
1978-12-31;9;null;null;null;260.2;5.6;11;58.3;1010.2;29.4;26.6;24.2;76.8;5;1.5;27.5;null;
1979-01-31;9;138.3;null;null;218.3;5.3;8;16.7;1009.3;30.1;27.3;24.6;75.8;5;2.6;44.1;null;
1979-02-28;14;null;null;null;null;6.1;11;83.1;1009.9;30.2;27.2;24;74.2;5.6;2.8;44.6;null;
1979-03-31;14;157;null;null;234.7;5.5;16;100.1;1009.7;30.2;27.3;23.7;75.4;5.8;3.4;44.8;null;
1979-04-30;14;null;null;null;null;5.3;15;161.9;1010;30.1;27;23.3;75.7;7.1;3.2;43.1;null;
1979-05-31;14;null;null;null;null;6.9;21;324.9;1010.7;28.4;25.6;22.7;83.3;5;3;19.7;null;
1979-06-30;14;null;null;null;null;6.6;25;187.7;1013.3;28.1;24.7;21.8;82.1;6.6;3.6;18.8;null;
1979-07-31;14;132.2;null;null;200.2;6.2;20;167.5;1014.4;27.9;24.2;21.1;81.7;6.6;4;null;null;
1979-08-31;14;null;null;null;217.4;6.4;20;217.6;null;27.7;null;21.5;null;null;null;1;null;
1979-09-30;14;null;null;null;172.7;7.2;19;202.6;null;28.1;null;22.7;null;null;null;1;null;
1979-10-31;14;166;null;null;283.6;6;13;18;1011.7;29.3;26.5;24.1;70.8;9;4.1;null;null;
1979-11-30;9;null;null;null;263.8;6.4;16;38.6;null;29.7;null;24;null;null;null;1;null;
1979-12-31;9;null;null;null;295.5;4.8;13;16;null;30.2;null;24.2;null;null;null;1;null;
1980-01-31;14;null;null;null;225;6.6;16;75.4;null;30.1;null;25;null;null;null;1;null;
1980-02-29;14;null;null;null;138.7;7.4;23;228.4;null;29.6;null;24;null;null;null;1;null;
1980-03-31;14;null;null;null;206.4;6.2;25;359.9;null;29.5;null;23.3;null;null;null;1;null;
1980-04-30;14;null;null;null;217.3;5.8;19;209.6;null;29.5;null;23;null;null;null;1;null;
1980-05-31;14;null;null;null;188.2;6.1;23;280;null;29;null;22.5;null;null;null;1;null;
1980-06-30;14;null;null;null;172.9;6.6;21;291.2;null;28;null;22;null;null;null;1;null;
1980-07-31;14;null;null;null;218;4.8;18;170.5;null;27.9;null;21.2;null;null;null;1;null;
1980-08-31;14;null;null;null;247.2;5.2;18;77.3;null;28.1;null;21.5;null;null;null;1;null;
1980-09-30;14;null;null;null;241.3;5.2;13;66.1;null;28.7;null;22.6;null;null;null;1;null;
1980-10-31;14;null;null;null;245.4;5.8;20;112.9;null;28.8;null;23.4;null;null;null;1;null;
1980-11-30;14;null;null;null;277.4;5.9;13;39.4;null;29.5;null;24.5;null;null;null;1;null;
1980-12-31;9;null;null;null;272.4;5.2;12;29;null;29.7;null;23.9;null;null;null;1.3;null;
1981-01-31;14;null;null;null;215;6.2;16;45;1010.5;29.9;27.1;24.4;73.7;9.1;null;30.5;null;
1981-02-28;14;null;null;null;218.6;5.8;16;163.7;1010.4;29.7;null;24.2;null;6.3;null;22.1;null;
1981-03-31;5;null;null;null;160.8;6.7;15;287;null;29.3;null;24;null;null;null;6.7;null;
1981-04-30;14;null;null;null;253.5;5.2;12;35.9;null;29.8;null;23.2;null;null;null;16.7;null;
1981-05-31;14;null;null;null;168.7;6.8;25;259.1;1011.3;28.5;25.3;22.5;82.3;6.6;3.4;42.9;null;
1981-06-30;14;null;null;null;225.2;5.5;24;166.8;1012.9;28.2;25;21.9;78.4;6.3;3.4;46.2;null;
1981-07-31;14;null;null;null;240.8;5.4;20;171.6;1014;27.4;24.1;20.9;76.7;8.3;4.1;49.4;null;
1981-08-31;14;126.8;null;null;237.8;5.2;19;56.7;1013.5;27.5;24.4;21.1;76.5;8.3;4.5;55.2;null;
1981-09-30;14;null;null;null;242.5;5.4;16;78.3;1013.8;27.9;25.2;21.9;72.5;8.3;4.9;44.3;null;
1981-10-31;14;null;null;null;285.1;4.6;9;13.5;1011.3;29;null;null;73.2;6.6;4.2;50.6;null;
1981-11-30;14;null;null;null;271.2;5.4;11;24.8;1010.1;29.5;26.6;23.3;71.8;7;4;51;null;
1981-12-31;14;134;null;null;223.1;6.7;19;73.5;1010.3;29.3;26.6;23.5;76.5;8.3;4.2;54.3;null;
1982-01-31;14;172.5;null;null;275.7;5.8;11;55.4;1009.3;30;27.1;23.5;72.1;6.6;3.8;1.8;null;
1982-02-28;14;142.9;null;null;199.8;6.1;18;151.7;1009.5;29.8;26.7;22.7;73.3;5.8;3.6;2.2;null;
1982-03-31;14;138.9;null;null;254.2;5.6;16;80.1;1008.7;30.1;27.1;23.3;74.9;5.8;3.6;1.7;null;
1982-04-30;14;null;null;null;244.7;5.4;18;143.2;null;30.2;null;23.1;null;null;null;1.7;null;
1982-05-31;14;null;null;null;208.2;6.4;24;413.5;null;28.9;null;22.2;null;null;null;2.3;null;
1982-06-30;14;null;null;null;175.2;6.3;24;258.1;null;28.3;null;22;null;null;null;3.2;null;
1982-07-31;14;null;null;null;159.5;6.4;23;255.2;null;27.7;null;21.3;null;null;null;2.8;null;
1982-08-31;14;null;null;null;217.4;5.7;21;274.4;null;28.1;null;21.2;null;null;null;4.5;null;
1982-09-30;14;null;null;null;null;5.6;14;null;1012.9;null;null;null;78;5.8;3.4;7.7;null;
1982-10-31;14;192.3;null;null;278.3;4.8;3;4.1;1011.4;29.4;26.2;22.5;67.6;5.8;3.8;8.6;null;
1982-11-30;14;171;null;null;278.4;5.1;14;25.9;1010.6;29.6;26.5;23.4;72.1;5.8;3.8;7.9;null;
1982-12-31;14;184.1;null;null;274.4;5.5;17;30.6;1010.3;30;27;24.4;73;6.6;4.1;7.5;null;
1983-01-31;9;156.8;null;null;240.2;5.6;10;57.5;null;30.3;null;24.6;null;null;null;3.7;null;
1983-02-28;14;112.5;null;null;181.8;6.3;18;236.7;null;30;null;24.2;null;null;null;3.3;null;
1983-03-31;14;138.7;null;null;228.7;6.1;21;145.3;null;30.3;null;24.5;null;null;null;3.5;null;
1983-04-30;14;null;null;null;214;5.5;18;91.6;null;30.5;null;23.8;null;null;null;3.6;null;
1983-05-31;14;null;null;null;227.8;5.2;22;148.3;null;29.8;null;22.9;null;null;null;3.5;null;
1983-06-30;14;null;null;null;209.9;5.7;23;167.4;null;29.1;null;21.7;null;null;null;3.5;null;
1983-07-31;14;135.6;null;null;218.8;4.9;20;148.6;1012.8;28.3;25.1;21.2;79.7;6.6;3.4;9;null;
1983-08-31;14;145.4;null;null;224.6;6.3;19;97.9;null;28.2;null;21.7;null;null;null;3.5;null;
1983-09-30;14;168.9;null;null;237.4;5;13;43.4;null;29;null;22.9;null;null;null;4.1;null;
1983-10-31;14;202.6;null;null;266.6;5.8;14;45.9;null;29.2;null;23.4;null;null;null;4;null;
1983-11-30;14;206.6;null;null;299.8;5;4;3.6;null;29.9;null;24.4;null;null;null;4;null;
1983-12-31;14;212.9;null;null;301.4;5.3;8;7.5;null;30.2;null;24.8;null;null;null;4.3;null;
1984-01-31;14;197.5;null;null;279.5;5.1;13;115.2;1009.9;null;null;null;72.1;5;3.6;12;null;
1984-02-29;14;196.2;null;null;275.1;5.6;12;63.6;1008.7;null;null;null;72.5;5.8;3.7;11.7;null;
1984-03-31;14;144.3;null;null;229.5;5.6;14;116.7;1008.5;null;null;null;75.9;5.8;3;9.4;null;
1984-04-30;14;81.4;null;null;134.8;6.9;26;536;1009.5;null;null;null;82.3;5.8;2.1;6.9;null;
1984-05-31;18;90.7;null;null;150.7;6.5;24;484;1009.9;null;null;null;83.6;5.8;2.4;6.6;null;
1984-06-30;18;127.7;null;null;227.2;5.8;21;168.1;1011.9;null;null;null;81.1;5.8;2.9;19.4;null;
1984-07-31;14;152.8;null;null;167.3;7.1;28;347.1;1012.2;null;null;null;83;6.6;2.9;17.6;null;
1984-08-31;14;155.1;null;null;201.6;6.2;21;269.7;1013.3;null;null;null;77.8;5.9;3.5;9.6;null;
1984-09-30;14;163.1;null;null;243.3;5.1;14;46.8;1012.1;null;null;null;72.7;8.8;3.9;10;null;
1984-10-31;14;191.6;null;null;269.1;5.8;19;97.8;1011.3;null;null;null;72;5.8;4;9.8;null;
1984-11-30;14;200;null;null;287.2;5.4;8;27;1010.9;null;null;null;69.3;5.8;4;16;null;
1984-12-31;14;191.9;null;null;313.8;4.6;6;5.6;1008.7;null;null;null;69.7;5.8;3.9;19;null;
1985-01-31;9;175.2;null;null;255.6;5.6;13;59.9;1008;30.7;null;24.2;null;5.8;null;13.3;null;
1985-02-28;14;133.6;null;null;195.3;6.2;20;179;1008.8;30.2;null;23.3;null;5;null;16.2;null;
1985-03-31;14;101.4;null;null;153.7;6.2;26;654.7;1008.5;null;null;null;77.9;5.8;2.6;16.7;null;
1985-04-30;null;85.3;null;null;157.1;6.6;18;412.5;1008.5;30;null;23.2;79.8;null;null;14.1;null;
1985-05-31;14;100.1;null;null;186.1;6.2;24;436.7;1010.5;29.4;null;22.5;null;5.8;null;12;null;
1985-06-30;null;122.5;null;null;202.4;5.9;17;395.8;1012.5;28.9;null;22.3;80.6;null;null;12.9;null;
1985-07-31;null;97.4;null;null;108.1;7.1;29;675.8;1013.5;27.7;null;21.5;85.9;6.6;null;13.8;null;
1985-08-31;null;162;null;null;226.2;5.6;23;138.2;null;28.6;null;22.1;null;null;null;9;null;
1985-09-30;null;175.2;null;null;220.8;5.7;17;82.5;null;29;null;22.5;null;null;null;9.4;null;
1985-10-31;null;224.3;null;null;293.7;4.7;5;1.1;1010.7;30;null;23.3;67.6;null;null;16.8;null;
1985-11-30;null;209.6;null;null;282.8;5.6;13;19.4;1010.3;30.2;null;24.2;68.8;null;null;14.4;null;
1985-12-31;null;177.4;null;null;231.4;6.4;8;30;1009.9;30;null;23.6;70.2;5.8;null;14.7;null;
1986-01-31;14;177.7;null;null;258.1;6.3;12;43.7;1010.8;30.2;27.4;23.6;71.8;5.8;3.8;16.9;null;
1986-02-28;14;113.9;null;null;199.6;6.5;14;148.3;1010.2;30.1;27.1;22.7;74.6;5.5;3;17.3;null;
1986-03-31;null;123.5;null;null;null;6.8;24;386.7;1010.1;29.9;26.9;22.8;76.7;null;null;15.7;null;
1986-04-30;null;97;null;null;null;7;21;378;1010.2;29.5;26.7;23.1;79.7;null;null;15.7;null;
1986-05-31;14;110.7;null;null;187.9;7.1;22;338.4;1011.2;29.5;26.3;22.6;79.9;5.8;2.5;16.6;null;
1986-06-30;14;98.6;null;null;142.2;7.5;26;534.8;1012.7;28;24.9;21.6;83;5.8;3;15.7;null;
1986-07-31;null;104.2;null;null;195.3;6.6;21;236.8;1014.5;28.1;24.9;21.3;81;5.8;null;16.2;null;
1986-08-31;null;null;null;null;null;null;null;null;null;null;null;null;null;null;null;null;null;
1986-09-30;14;null;null;null;157.2;6.7;21;209.7;1014;28.2;25.2;21.7;78.2;5.8;3.7;16.1;null;
1986-10-31;14;null;null;null;271.9;5.7;10;41.6;1012.8;29.7;26.6;22.6;72.4;6.6;3.5;16.9;null;
1986-11-30;14;null;null;null;232.5;6.4;12;112;1011.4;29.7;26.9;23.6;74.4;5.8;3.7;16.4;null;
1986-12-31;14;null;null;null;null;5.8;12;36.2;1011.2;29.9;27.2;23.2;74.5;5;3.5;19.8;null;
1987-01-31;null;null;null;null;null;6;8;41;1011.3;30.3;27.3;23.7;74;null;null;17.5;null;
1987-02-28;null;null;null;null;null;6;12;110.6;1011.2;30.3;27.2;23.2;74.2;null;null;17.5;null;
1987-03-31;null;null;null;null;null;6.5;21;305.1;1010.8;30.3;27.1;23;75.6;null;null;16.9;null;
1987-04-30;null;null;null;null;null;6.4;23;398.2;1011.5;29.6;26.8;22.8;74.5;null;null;17;null;
1987-05-31;null;null;null;null;null;5.7;13;129.2;1011.5;30.2;27;22.7;75.4;null;null;16.8;null;
1987-06-30;null;null;null;null;null;7.4;24;386.8;1013.3;28.9;26;22.2;80.7;null;null;15.9;null;
1987-07-31;null;null;null;null;null;6.9;25;438.9;1012.7;28.3;25.4;21.4;80;null;null;16.2;null;
1987-08-31;null;null;null;null;null;6.2;11;62.3;1013;29.2;26.2;22.2;74.5;null;null;17.7;null;
1987-09-30;null;null;null;null;242.3;5.9;13;56.3;1013.1;29.5;26.7;22.9;72.3;null;null;17.6;null;
1987-10-31;14;null;null;null;274.3;5.6;6;28.6;1011.9;30.1;27.3;24.1;70.1;5.8;3.5;17.6;null;
1987-11-30;null;null;null;null;306.2;5.6;6;7;1011.4;30.9;27.9;24.7;68.6;null;null;16.9;null;
1987-12-31;null;null;null;null;307.9;5.6;3;1.5;1011.1;31.3;27.9;24.7;70.7;null;null;17.6;null;
1988-01-31;null;null;null;null;267.6;5.5;8;36.4;1011;31.2;27.8;24.3;71.9;null;null;19;null;
1988-02-29;null;null;null;null;null;5.8;8;19.1;1010.2;31.2;27.9;24.2;69.3;null;null;17.9;null;
1988-03-31;null;null;null;null;221.2;6.3;17;271.9;1010.1;31.1;27.5;23.1;73.3;null;null;17.1;null;
1988-04-30;null;null;null;null;151.7;7.3;24;281.3;1009.7;30.4;26.8;22.3;78.7;null;null;17.2;null;
1988-05-31;null;137.9;null;null;188.8;6.7;15;229.1;1011.1;30;26.6;22.3;77;null;null;17.6;null;
1988-06-30;null;132;null;null;195.1;7.1;21;319.8;1012.1;29.2;null;null;78.6;null;null;17.3;null;
1988-07-31;null;124.2;null;null;173.2;7.4;24;380.7;1014;27.9;24.7;21.6;82.3;6;null;17.3;null;
1988-08-31;14;154.1;null;null;212.3;6.8;21;174.2;1013.6;27.7;24;20.4;79.1;6.6;3.9;17.1;null;
1988-09-30;14;200.6;null;null;231.8;5.9;11;41.3;1013.4;28.8;null;null;72.8;6.6;4;19;null;
1988-10-31;null;227.5;null;null;287.2;5.3;6;11.9;1011.5;30;null;null;71.8;5.8;null;19.3;null;
1988-11-30;14;203;null;null;269.2;5.8;13;30.4;1011.5;30.1;null;null;72.5;5.8;3.6;19.4;null;
1988-12-31;null;null;null;null;null;null;null;null;null;null;null;null;null;null;null;null;null;
1989-01-31;null;null;null;null;null;null;null;null;null;null;null;null;null;null;null;null;null;
1989-02-28;9;193.1;null;null;236.6;6;9;11.3;1010.4;30.9;null;null;71.5;5;3.4;17.7;null;
1989-03-31;null;null;null;null;null;null;null;null;null;null;null;null;null;null;null;null;null;
1989-04-30;null;97.9;null;null;129.6;7.7;28;680.8;null;29.5;null;null;83;null;null;19.1;null;
1989-05-31;null;106.4;null;null;195.6;6.8;20;311.9;null;29.5;null;null;79.2;null;null;18.6;null;
1989-06-30;null;104.4;null;null;193.1;6.8;21;380.2;null;29;null;null;80.8;null;null;18.6;null;
1989-07-31;null;105.9;null;null;156.8;7.5;23;312.6;null;27.8;null;null;83.6;null;null;18.6;null;
1989-08-31;null;167.4;null;null;207;6.4;27;168.3;null;28.4;null;null;77.7;null;null;17.3;null;
1989-09-30;null;192.9;null;null;255.4;5.6;14;51.7;null;29.3;null;null;72.2;null;null;19.3;null;
1989-10-31;null;185.6;null;null;268.6;5.6;13;15.4;null;29.8;null;null;70.7;null;null;18.9;null;
1989-11-30;null;182.4;null;null;245.2;6.1;17;59.8;null;29.8;null;null;72;null;null;18.6;null;
1989-12-31;null;190.6;null;null;196;6.7;12;98.5;null;29.9;null;null;72.2;null;null;18.8;null;
1990-01-31;null;205.5;null;null;289;6.5;10;46.8;null;30;null;null;72.2;null;null;20;null;
1990-02-28;null;168.5;null;null;211.2;6.2;6;150.6;null;30.1;null;null;72.4;null;null;19.9;null;
1990-03-31;null;187.3;null;null;254.5;6;5;18.9;null;30.7;null;null;70.3;null;null;20.6;null;
1990-04-30;null;null;null;null;219.1;6.7;11;361.8;null;30.1;null;null;72.3;null;null;20;null;
1990-05-31;14;120.4;null;null;221.4;7.1;20;304.2;null;30.2;27;22.1;76.4;5;2.8;20;null;
1990-06-30;14;123.6;null;null;204.2;7.3;23;320.4;null;28.9;26;21.9;79.5;6.6;3.1;20;null;
1990-07-31;14;110.4;null;null;215.1;6.8;24;420.5;null;28.5;25.4;21.2;79.9;5;2.8;19.6;null;
1990-08-31;14;130.6;null;null;206.9;7.3;24;397.9;null;28.3;25.3;21.2;78.8;5.8;3.4;19.8;null;
1990-09-30;14;150.3;null;null;247.9;6.2;15;98;null;29.2;26.1;22.1;72.5;5;3.6;20;null;
1990-10-31;9;174.4;null;null;269.8;6;12;53.5;null;29.7;27;24.1;71.5;5;3.8;19.9;null;
1990-11-30;null;190.8;null;null;269.5;5.9;12;42.9;null;30;27.5;24.9;71.3;null;null;20;null;
1990-12-31;null;217.9;null;null;301;6.1;5;12.9;null;30.3;27.6;24.7;69.6;null;null;20;null;
1991-01-31;null;225.9;null;null;267.5;6.2;10;30.4;null;30.6;27.9;25;70.8;null;null;20;null;
1991-02-28;null;169.3;null;null;210.1;6.6;11;137.9;null;30.4;27.8;25;73;null;null;20;null;
1991-03-31;null;143.4;null;null;192.9;6.6;15;137.1;null;30.3;27.6;24.7;73.6;null;null;20;null;
1991-04-30;null;140.7;null;null;221.3;6.5;19;267.7;null;30.1;27.1;23.7;76.4;null;null;20;null;
1991-05-31;null;97.4;null;null;158.3;7.8;26;328.3;null;29.2;26;23.5;82.8;null;null;20;null;
1991-06-30;18;125.5;null;null;202;7.1;26;211.5;null;28.9;25.7;22.6;79.6;6.6;3.5;20;null;
1991-07-31;18;130.9;null;null;172.1;7.7;26;203.8;null;27.8;24.5;21.8;79.9;6.6;3.5;20;null;
1991-08-31;18;168.9;null;null;203.7;7.5;21;137.1;null;27.9;24.8;21.5;76.1;6.6;3.9;20;null;
1991-09-30;14;174.3;null;null;203.9;6.7;11;32.2;null;28.5;25.7;22.6;73.1;5.8;3.8;20;null;
1991-10-31;14;205.8;null;null;214.4;6.6;10;75.3;null;28.9;26.2;23.3;72.1;5.8;3.7;20;null;
1991-11-30;14;229.2;null;null;227.1;6.6;11;18.6;null;29.7;27;24.4;71.4;5.8;3.5;20.2;null;
1991-12-31;14;266.5;null;null;284;5.9;2;4.8;null;30.4;27.5;24.6;69.8;5;3.4;20;null;
1992-01-31;null;null;null;null;177.8;6.7;15;124.4;null;30.2;27.5;25.2;73.9;null;null;20;null;
1992-02-29;null;null;null;null;148.7;7.5;23;142.6;null;29.9;27.4;24.8;74.2;null;null;20;null;
1992-03-31;14;119.1;null;null;169.9;7.7;20;317.5;null;29.9;27;24.4;77.5;6.6;3.5;20.7;null;
1992-04-30;14;115.6;null;null;231.8;6.8;17;183.3;null;30.2;27.5;24.7;75.1;6.6;3.4;20;null;
1992-05-31;14;119;null;null;214;6.8;22;85.4;null;29.8;26.7;23.3;74.3;6.3;2.8;20;null;
1992-06-30;14;54.8;null;null;173;7.9;24;404;null;28.3;25.3;22.2;81.5;7.8;2.8;20;null;
1992-07-31;14;136.4;null;null;211.1;7.1;29;219.4;null;28;24.9;21.6;79;6.6;3.1;20;null;
1992-08-31;14;74;null;null;null;7.4;23;70.1;null;28;25.1;21.7;79;6.3;3.7;20;null;
1992-09-30;14;75.8;null;null;230.6;6.4;15;43.7;null;28.6;26.2;23.5;73.6;5.8;3.7;19.8;null;
1992-10-31;14;177.3;null;null;null;5.1;10;17;null;29.2;26.6;23.6;69.7;6.6;3.7;20;null;
1992-11-30;9;168.4;null;null;null;6.1;14;15.3;null;29.4;27;24.7;72;5;3.6;20;null;
1992-12-31;14;176.7;null;null;259.9;6.3;7;7.4;1013.2;29.8;27.3;25;72.3;6.3;3.7;20;null;
1993-01-31;14;177.7;null;null;47.5;6;11;17.8;1013.7;30;27.3;24.9;72.4;7.1;3.4;20;null;
1993-02-28;14;187.9;null;null;null;6.6;4;4.5;1012.3;30.5;27.6;25.3;71.4;5.8;3.7;20;null;
1993-03-31;14;199.6;null;null;288.4;6.7;9;101.4;1012.5;30.7;27.9;25.2;71.7;5;3.6;20;null;
1993-04-30;null;164.6;null;null;238.7;6.8;15;163;1012;30.3;27.6;24.9;73.6;null;null;20;null;
1993-05-31;null;153.8;null;null;228.4;7.1;18;86.2;1012.5;29.8;27;23.8;77.3;5.8;null;20;null;
1993-06-30;14;81.7;null;null;186.2;7.6;24;262.9;1015.2;28.8;25.5;22.5;82.1;5.8;3;20;null;
1993-07-31;14;94.2;null;null;210.6;7.4;20;307.2;1015.8;28.3;24.9;21.5;80.2;6;3.2;20;null;
1993-08-31;14;167.1;null;null;259.9;6.1;16;37.8;1016.2;28.9;25.8;22.3;75.2;5;3.7;20;null;
1993-09-30;14;150.5;null;null;254.9;6.6;14;61.3;1014.5;29.5;26.5;23.6;74.6;5.8;3.5;19.8;null;
1993-10-31;14;178.4;null;null;261.8;6.4;14;59;1013.6;29.8;27.1;24.6;74.4;5.8;4;19.8;null;
1993-11-30;14;184.2;null;null;295;6.4;12;26.4;1011.8;30.2;27.5;25.3;75.3;5.8;3.8;19.8;null;
1993-12-31;14;188.4;null;null;null;6.5;10;22.4;1011.4;30.7;27.8;25.4;73.6;9.3;4;20;null;
1994-01-31;null;167.1;null;null;null;5.7;13;177.4;1011;30.3;27.7;25.1;75.3;null;null;19.8;null;
1994-02-28;14;154.7;null;null;null;6.3;11;57.2;1011.3;30.7;28;25.6;74.2;5;3.6;20;null;
1994-03-31;9;135.4;null;null;209.8;6.6;19;190.1;1011.6;30.7;null;25.5;77;5.8;3;20;null;
1994-04-30;14;108.7;null;null;187.8;7.2;24;356.3;1011.9;29.9;null;null;79.2;5.8;3;20;null;
1994-05-31;14;103.7;null;null;142.7;7.5;27;620.5;1013.1;29.2;null;null;82.7;5;2.5;19.8;null;
1994-06-30;14;77;null;null;147.7;7.9;27;709.4;1014.4;28.3;null;null;84.9;5;2.2;20;null;
1994-07-31;null;125.8;null;null;239.3;7.5;24;361;1015.7;28.3;25.1;21.9;80;5;null;19.8;null;
1994-08-31;18;169.6;null;null;259.4;6.2;17;102.7;1015.8;28.8;25.4;22;74.4;5.8;3.7;20;null;
1994-09-30;null;null;null;null;null;null;11;41.4;1015.3;28.9;26;23.4;73;7.5;null;null;null;
1994-10-31;14;168;null;null;null;5.9;7;25.5;1014.1;29.5;27.1;25.4;71;5.8;3.8;19.9;null;
1994-11-30;14;173;null;null;null;5.8;9;20.4;1013.9;30;27.2;24.9;70.5;5;3.6;20.4;null;
1994-12-31;null;168.1;null;null;null;6.2;13;59.4;1012.9;30;27.3;25.4;73.9;null;null;20;null;
1995-01-31;14;175.1;null;null;252.9;6.3;10;31.2;1012.9;30.2;27.2;25.2;73.1;5;3.5;20.9;null;
1995-02-28;9;142.3;null;null;223.4;5.8;9;41.5;1013;30.8;27.9;24.8;73.2;3.5;2.8;20.4;null;
1995-03-31;null;172.8;null;null;264.8;6.1;17;118.6;1012.1;31.1;28.3;25;71.4;5;null;19.8;null;
1995-04-30;null;110.7;null;null;186.1;7.2;23;247.3;null;30.2;27.6;24.5;76;null;null;20;null;
1995-05-31;null;110.1;null;null;200.6;7.4;23;316;null;29.9;27.1;23.7;76.8;null;null;20;null;
1995-06-30;null;105.5;null;null;142.1;8.2;25;334.9;null;28.4;25.5;22.8;82.2;5.5;null;20;null;
1995-07-31;14;139.3;null;null;170.5;8.2;30;482.7;1013.9;28.4;25.3;22.4;80.3;5;3.1;20;null;
1995-08-31;14;186.4;null;null;264.9;6.8;16;24.1;1014.9;28.7;25.6;21.9;72.1;6.6;3.7;20;null;
1995-09-30;14;205.4;null;null;246;6.8;12;22;1015.5;29;26.2;23.4;70.4;5.8;3.8;20;null;
1995-10-31;9;211.2;null;null;null;6.5;7;10.8;1012.7;29.3;26.5;23.1;71.2;5.8;3.3;19.6;null;
1995-11-30;9;159.8;null;null;102.5;7.4;11;62.9;1011.8;29.2;26.8;24;74.6;7.1;3.4;20;null;
1995-12-31;9;185.3;null;null;302.7;6.3;3;3.3;1011.8;30;28;26;71.4;4.1;3.2;20;null;
1996-01-31;9;234.4;null;null;255.4;6.2;20;102.8;1010.7;30.3;27.8;25.1;71.4;4.3;null;20;null;
1996-02-29;null;183.8;null;null;276;7;14;51.6;1010.5;30.7;28;24.8;73;null;null;20;null;
1996-03-31;null;142.4;null;null;140.6;7.5;24;294.3;1010.6;30.3;27.5;24.5;79.2;null;null;20;null;
1996-04-30;null;109.8;null;null;141.7;7.8;26;504;1010.3;29.5;26.9;23.9;81.3;5.3;null;19.8;null;
1996-05-31;18;123.4;null;null;235.7;7.7;13;314.4;1012.1;30;26.7;23.2;76.4;9.1;2.5;20;null;
1996-06-30;14;129.8;null;null;172.4;8.3;26;310.7;1013.6;28.7;25.6;22.4;80.2;4.6;2.4;19.8;null;
1996-07-31;null;146.5;null;null;192.6;7.9;28;317.6;1015.5;28;25.3;22.1;79.9;null;null;20;null;
1996-08-31;null;152.1;null;null;223.2;7.5;23;204.7;1015.5;28.3;25.7;22.4;79.6;null;null;20;null;
1996-09-30;14;185.5;null;null;225.2;7.1;19;90.4;1014.7;28.6;26;22.7;76.4;5;3.3;20;null;
1996-10-31;14;243.8;null;null;266.1;6.5;13;81.1;1013.4;29.2;26.9;23.5;72;5;3.3;20;null;
1996-11-30;null;229;null;null;264.5;6.7;12;29.5;1011.5;30;27.5;24.4;71.7;null;null;20;null;
1996-12-31;null;199.5;null;null;276.5;6.3;12;49.6;1012.1;30.6;28.1;25.2;70.3;null;null;20;null;
1997-01-31;9;189.8;null;null;272.8;6.6;11;21.8;1011.6;30.8;28.3;25.7;70.8;5;3.1;20;null;
1997-02-28;14;177.4;null;null;232.8;6.9;11;196.2;1012.7;30.4;28.1;25.3;72.1;5;3.3;20;null;
1997-03-31;9;163.5;null;null;217;7.4;20;290;1011.8;30.3;27.8;25.2;77;5;3;19.8;null;
1997-04-30;14;106.7;null;null;177.9;7.6;20;306.4;1012.7;29.8;26.8;23.5;79.2;5;2.4;20;null;
1997-05-31;14;96.4;null;null;215.1;7.6;23;260.7;1013.6;29.7;26.4;23.6;81.1;6.6;2.7;20;null;
1997-06-30;14;107.8;null;null;226.2;7.1;17;98.8;1014.1;29.3;25.9;22;77.7;5;2.5;20;null;
1997-07-31;14;120.7;null;null;227.1;7.1;19;168.9;1016.2;28.7;24.9;21.5;79.7;5;2.6;20;null;
1997-08-31;14;130.4;null;null;235.7;7.1;18;121.2;1016.8;28.3;25;21.8;77.9;5.8;3.2;20;null;
1997-09-30;14;106.5;null;null;268.9;6.1;8;9.4;1014.3;29.3;26.4;23;71.6;5;3.3;20;null;
1997-10-31;9;131.9;null;null;306.1;5.7;2;7.2;1013.3;30.2;27.3;24.4;70.6;8.3;3.6;19.8;null;
1997-11-30;9;111;null;null;300.4;6.4;10;8.9;1012.9;30.4;27.6;24.8;70.4;5.8;3.6;20;null;
1997-12-31;9;156.3;null;null;null;6.2;11;88;1012.6;30.7;27.8;24.7;71.9;5;3.4;20;null;
1998-01-31;9;130;null;null;272.6;6.5;10;106.3;1011.3;31.3;28.4;25.9;73.9;5;3.3;20;null;
1998-02-28;14;136.5;null;null;271.7;6.8;5;16.9;1013.5;31.9;28.9;26.2;72.6;5;3.6;20;null;
1998-03-31;14;141.7;null;null;260;6.4;13;44.7;1011.8;32.2;29.2;26.1;74;7.6;3.5;20;null;
1998-04-30;14;159.5;null;null;257.7;6.8;17;37.9;1011.9;32;28.7;25.7;75.6;5.8;3.4;20;null;
1998-05-31;14;145.1;null;null;229.8;7.3;18;203.8;1013.7;30.7;27.4;23.9;76.7;5.5;3.2;20;null;
1998-06-30;14;106.3;null;null;198;7.3;22;230.7;1015.8;29.5;26.3;23;76.3;9;3.2;20;null;
1998-07-31;null;109.5;null;null;217.3;7.2;24;257.7;1016;29.1;25.6;22.5;78.6;null;null;19.8;null;
1998-08-31;null;128.7;null;null;217.7;7.2;25;286.7;1015.8;28.7;25.4;22.5;81.1;null;null;20;null;
1998-09-30;null;128.8;null;null;252.7;6.6;14;30.9;1015.7;29.5;26.4;23;74.2;null;null;20;null;
1998-10-31;null;234.2;null;null;262.2;6.7;8;27.8;1014.9;30.1;27.5;25.2;71.9;null;null;20;null;
1998-11-30;null;161.4;null;null;289;6.9;4;18.5;1012.3;30.3;27.9;26.1;74.8;null;null;20.3;null;
1998-12-31;null;182.4;null;null;null;6.4;9;8.2;1012.7;30.5;28.1;26.3;71.9;null;null;20;null;
1999-01-31;null;185.8;null;null;225.4;7.2;12;16.7;1011.7;30.7;28.1;25.6;71.1;null;null;20;null;
1999-02-28;null;137.5;null;null;230.4;6.5;13;84;1011.9;30.7;27.9;25.3;72.7;null;null;20;null;
1999-03-31;null;153.7;null;null;241;6.5;9;116.3;1010.8;30.6;28.1;25.4;72.5;null;null;20;null;
1999-04-30;14;172.2;null;null;237.1;6.4;10;46.4;1012.3;31;28;24.5;71.8;5;2.8;20;null;
1999-05-31;14;118.4;null;null;211;7;21;247.3;1013.2;29.7;26.9;23.6;78;5;2.6;20;null;
1999-06-30;14;112;null;null;243.4;6.6;13;112.2;1014.1;29.1;26;22.5;77;4.1;2.5;19.6;null;
1999-07-31;14;156;null;null;235.4;6.6;26;142.5;1016.2;28.5;25;21.7;77.7;5;2.6;20;null;
1999-08-31;14;145.1;null;null;251.9;6.7;18;88.1;1016.2;28.4;25.1;21.8;76.4;5;3.3;20;null;
1999-09-30;14;140.5;null;null;258.1;6.4;15;56.7;1014.7;28.8;26.1;23;72.5;6.1;3.6;20;null;
1999-10-31;9;142.5;null;null;291.5;6.2;12;64.6;1014.3;29.3;26.6;24;73;6.3;3.3;20;null;
1999-11-30;9;158.4;null;null;null;6.4;4;3.7;1012.3;30.3;27.9;25.6;73.8;5.8;3.1;20;null;
1999-12-31;9;146.2;null;null;254.1;7.1;11;38.8;1011.6;30.5;28;25.8;77.6;5.8;3.4;20;null;
2000-01-31;9;128.9;null;null;263;6.9;13;96.4;1010.8;30.4;27.7;24.5;75;5;2.6;20;null;
2000-02-29;9;120.2;null;null;213.4;6.8;18;149.4;1012.1;30.7;27.9;24.5;76.9;5;2.6;20;null;
2000-03-31;9;155.3;null;null;251.2;6.7;15;109.2;1011.1;30.9;28.1;24.8;76;5;3;20;null;
2000-04-30;14;94.5;null;null;205.8;7.1;23;216.5;1011.9;30.2;27.2;23.9;83.1;6;2.7;19.5;null;
2000-05-31;14;107.3;null;null;218.1;7;20;333.9;1013.2;29.8;26.7;23.4;82.7;5.3;2.7;20;null;
2000-06-30;14;93.5;null;null;167.3;7.5;23;557.7;1014.8;28.8;25.6;22.8;85.5;6.6;2.6;20;null;
2000-07-31;14;86.4;null;null;129.8;7.9;28;444.4;1014.7;28;24.7;22.1;87.6;5.6;2.8;19.8;null;
2000-08-31;14;101.8;null;null;232.4;7;23;167.9;1015.3;28.5;25.3;22.1;80.8;5;2.8;29.5;null;
2000-09-30;14;112.2;null;null;210.2;7.2;23;228.8;1014.3;28.9;26.2;23.3;78.6;6.3;3.1;44.5;null;
2000-10-31;9;150.1;null;null;286.7;6.3;17;15.9;1014.2;29.7;27.1;24.8;72.6;6.3;3.7;58.1;null;
2000-11-30;5;146.7;null;null;276.8;6.3;12;45.7;1011.5;30.1;27.4;24.9;73.6;5;3.3;62.4;null;
2000-12-31;5;115.9;null;null;246;6.9;14;81.4;1012.1;29.6;27;24.5;77;5;2.7;58.9;null;
2001-01-31;9;161.3;null;null;282.5;6.5;11;25.3;1012.6;30.3;27.6;24.7;73.6;5.5;3.4;63.5;null;
2001-02-28;9;149.1;null;null;266.9;6;3;7.1;1011.4;31.1;28.1;24.8;72.6;6.3;3.6;62.7;null;
2001-03-31;9;119.3;null;null;235.7;6.7;17;197;1012;30.8;27.7;24.1;76.3;5.6;2.9;62.2;null;
2001-04-30;14;102.7;null;null;191.8;7.3;20;267.2;1012.5;29.9;26.8;22.9;80.5;5.8;2.9;60.4;null;
2001-05-31;14;130;null;null;288.4;6;13;47.8;1013.3;30.4;27.3;22.7;75.2;5.8;3;63.3;null;
2001-06-30;18;89.7;null;null;169.1;7.1;27;254.9;1015;29.1;25.5;22.1;82.4;6.3;2.8;58;null;
2001-07-31;18;86.5;null;null;209.3;7;28;184.7;1016.7;28.5;25.3;22;null;5.8;2.7;54.1;null;
2001-08-31;14;134.7;null;null;250.2;6.6;23;62.1;1018.5;28.5;25.2;21.9;null;6.3;3.6;59.4;null;
2001-09-30;null;86.7;null;null;null;null;12;44;1016;29;26;23.1;null;6;null;null;null;
2001-10-31;18;135.4;null;null;277.9;6.2;10;22.3;1015.1;29.8;27.2;24.8;null;5;3.1;57.4;null;
2001-11-30;18;134.9;null;null;284.8;5.8;12;16.1;1013.8;30.3;27.7;25.4;null;4.6;3.5;59.3;null;
2001-12-31;18;126.5;null;null;271.6;6.2;18;50;1013;30.6;27.7;23.9;null;5.3;3.3;59;null;
2002-01-31;14;101;null;null;207;6.8;23;179.4;1013.4;30.2;27.6;24.9;null;5.3;2.8;53.2;null;
2002-02-28;18;106;null;null;231.5;5.8;14;133.3;1013.7;30.6;27.9;25;null;6.3;3;57.8;null;
2002-03-31;18;107;null;null;228;6.3;21;251;1013.2;30.6;27.5;24.1;null;7.3;2.9;56.5;null;
2002-04-30;18;null;null;null;193;6.5;22;196.7;1011.5;30.4;27.1;23.6;79.7;6.6;3.4;59.8;null;
2002-05-31;14;86.2;null;null;207.2;6.3;23;265.5;1012.5;29.9;26.8;23.8;82.2;8.3;3.4;60.9;null;
2002-06-30;18;67.3;null;null;152.6;7;27;472.3;1014.6;28.6;25.2;22.5;86.4;6;3.1;57.9;null;
2002-07-31;14;92.8;null;null;200.6;6.2;21;262.4;1015.6;28.5;25.4;22.5;81.9;6.6;3.5;60.2;null;
2002-08-31;14;127.3;null;null;241.6;6.3;22;140.1;1015.7;28.5;25.5;22.4;78;7.1;4.1;60.4;null;
2002-09-30;14;138.9;null;null;290.5;4.8;9;13.4;1015;29.4;26.5;23.8;72.1;6.3;3.9;63.3;null;
2002-10-31;14;152.2;null;null;283.2;5.8;11;43.1;1013.7;29.7;27;24.6;74.7;6.6;3.9;63.3;null;
2002-11-30;5;132.7;null;null;264.6;6;15;35.9;1013.4;30.1;27.2;24.8;75.7;5.6;3.5;63.1;null;
2002-12-31;5;132.9;null;null;293.1;5.6;10;10;1012.8;30.7;28;25.8;76.6;6.3;3.6;63;null;
2003-01-31;5;123.1;175;175;264.9;5.7;11;51.3;1012.6;31;28.1;25.1;76.4;6.8;3.1;61.8;null;
2003-02-28;14;103.4;149.2;149.2;201.8;6.3;19;252.9;1012;30.5;27.7;24.1;77.2;5.6;3.2;60.7;null;
2003-03-31;14;101.5;160.7;160.7;197.2;6.4;20;275;1011.6;30.7;27.7;24.1;79.1;5;2.7;60.2;null;
2003-04-30;14;105.1;154.9;154.9;224.5;6;18;206.7;1012.2;30.8;27.8;24;75.9;6;3.1;61.4;null;
2003-05-31;14;95.7;147.8;147.8;219;5.9;15;212.6;1013.1;30.2;27.3;23.6;77.1;5.6;2.9;60.5;null;
2003-06-30;18;79.1;107.9;107.9;134.5;6.9;20;626.2;1014;28.6;25.2;22;85.5;5;2.7;49.6;null;
2003-07-31;14;null;null;null;null;6.2;14;null;1015.4;28.6;25.1;22;79.8;8.3;3.5;56.5;null;
2003-08-31;null;null;119.7;119.7;null;null;14;null;1015.5;28.8;25.6;22.2;77;8.3;null;null;null;
2003-09-30;14;128.6;null;null;257.9;5.2;14;97.2;1015;29.2;26.2;23;75.6;6.6;4.4;63.3;null;
2003-10-31;9;147.1;null;null;282;5.2;11;36.3;1013.4;30;27.1;24.5;71.7;6.6;3.9;63.1;null;
2003-11-30;5;138.7;null;null;291.3;5.1;9;15.4;1012;30.7;27.7;25.2;72.2;6.6;3.5;62.6;null;
2003-12-31;5;134.7;null;null;265.3;5;12;65.5;1012.2;30.7;27.9;25.4;73.4;7.9;3.3;62.8;null;
2004-01-31;5;89.8;null;null;152.5;7.2;21;303.2;1010.8;30.1;27.2;24.3;81.4;5;2.5;60.3;null;
2004-02-29;9;99.2;null;null;192.4;6.5;14;128.2;1011.7;30.6;27.7;24.5;76.7;5.8;2.9;62.4;null;
2004-03-31;9;121.2;null;null;250.8;5.7;14;158.8;1011.3;31;28;24.9;74.8;5.3;3.1;62.6;null;
2004-04-30;9;96.9;null;null;196.4;5.7;22;136.9;1011.6;30.6;27.5;23.9;77.7;5.6;2.9;60.7;null;
2004-05-31;14;80.9;null;null;190.6;5.9;24;302;1013;29.7;26.4;22.8;82.5;5.5;2.5;58.7;null;
2004-06-30;14;71.8;null;null;125.3;6.7;26;483.1;1015.2;28.7;25.3;22.1;84.5;5.6;2.7;59.4;null;
2004-07-31;18;80;null;null;170.1;5.9;24;475.8;1014.3;28.2;24.8;21.3;82.7;5.8;2.8;57.4;null;
2004-08-31;14;103.9;null;null;220.9;5.6;20;162.5;1015.8;28.7;25.3;21.6;78.2;6;3.1;59.7;null;
2004-09-30;14;130.1;null;null;250.8;5.4;13;37.5;1014.6;29.5;26.3;22.9;72.2;6.6;3.9;61.3;null;
2004-10-31;14;123.9;null;null;278.2;5.1;10;27.4;1013.2;30;27.1;24.7;71.8;5;3.2;62.8;null;
2004-11-30;14;133.9;null;null;289.7;4.5;7;9.1;1012.2;30.5;27.5;25;71.4;5.1;3.2;63.7;null;
2004-12-31;9;133.5;null;null;291;4.9;7;5.1;1011.6;30.8;27.9;25.3;72.1;5.6;3.1;63.1;null;
2005-01-31;9;118.6;null;null;276.2;5.2;4;37.4;1010.7;31.1;28.3;25.8;73.6;5;3;62.7;null;
2005-02-28;9;104.5;null;null;242.9;5.2;10;56.6;1010.2;31.6;28.8;26.1;74.1;5.1;3.1;62.3;null;
2005-03-31;9;113.4;null;null;246.4;5.4;11;107.5;1011;31.8;29;26.3;74.5;4.3;2.8;61.2;null;
2005-04-30;14;98.6;null;null;219.5;6;22;125.1;1011.3;31.3;28.2;24.7;75.8;5.3;3.1;62;null;
2005-05-31;14;77.6;null;null;196.7;5.9;23;549.5;1011.9;30.3;27;23.7;82.5;5.6;2.7;59.7;null;
2005-06-30;18;53.4;null;null;113.4;7;29;573.3;1013.5;28.6;25.5;22.9;88;6.1;2.8;55.8;null;
2005-07-31;18;99.4;null;null;197.3;5.6;22;156.9;1015.6;28.8;25.4;22;79.6;6.5;3.4;61.7;null;
2005-08-31;18;88.5;null;null;183.2;6.4;28;215.8;1015.3;28.5;25.2;22;81.5;6.3;3;61.3;null;
2005-09-30;14;115.4;null;null;229.1;5.4;17;63.6;1014.7;29.2;26.2;23.2;75.2;6.1;3.4;62.9;null;
2005-10-31;14;133.4;null;null;283.3;5.1;11;25.3;1013.6;30;27.2;24.8;74;6;3.4;63.1;null;
2005-11-30;14;120.7;null;null;276.1;5.5;8;4.1;1011.3;30.6;27.9;26;72.1;5.1;3.2;63.3;null;
2005-12-31;14;122.5;null;null;253.8;5.4;12;25.6;1010.4;30.7;28;25.7;73.5;5.5;3.2;62.5;null;
2006-01-31;14;128.5;null;null;258.3;4.9;9;7.2;1010.7;30.9;28.2;26;71.6;5.3;3.6;62.7;null;
2006-02-28;9;104.5;null;null;241.9;5.6;5;14.6;1010.3;31.1;28.7;26.4;72.5;4.8;2.8;63.3;null;
2006-03-31;9;110.5;null;null;254.7;5.4;15;85.3;1010.8;31.5;28.7;25.9;75.3;4;2.6;62.8;null;
2006-04-30;14;75.4;null;null;179.9;6.6;25;197.1;1010.2;30.8;28;25;79.8;4.5;2.3;61.7;null;
2006-05-31;18;78.7;null;null;186;6;23;187.9;1012.6;30.3;27;24.2;82.9;6.6;2.9;61.4;null;
2006-06-30;18;54;120.7;120.7;159.8;6.5;27;271.2;1014;29.1;26;23.2;83.3;6;3.1;62.1;null;
2006-07-31;14;55.8;115;115;198.7;5.9;24;139.2;1015.2;28.7;25.3;22.4;82;6.6;3.4;61.8;null;
2006-08-31;14;95.5;119.7;119.7;209.3;5.9;22;119;1014.9;28.6;25.5;22.6;80.3;6;3.4;57.6;null;
2006-09-30;14;105.8;131.6;131.6;250.7;5.3;15;63.3;1014.9;29.3;26.4;23.6;77.4;6.1;3.4;61.9;null;
2006-10-31;14;126;160;40.7;286.2;5.3;9;9.7;1013.2;30.2;27.6;25.6;75.1;5.1;3.2;63.6;null;
2006-11-30;14;114.3;147;42;270.9;5;6;42;1012.2;30.4;27.8;25.9;75.9;5;3;64.3;null;
2006-12-31;14;109.4;172.1;41.8;250.7;5.3;12;41.8;1013;30.6;27.9;25.6;77.2;4.6;2.9;62.2;null;
2007-01-31;14;123.7;182.9;33.8;276.6;5.5;10;33.8;1012.5;31.1;28.4;26;75.8;4.8;2.8;63.6;null;
2007-02-28;14;90.3;157.1;157.1;203.2;5.7;13;166.6;1012;31.1;28.2;25.6;79;6.3;2.7;59.9;null;
2007-03-31;14;102;167.1;167.1;225.2;5.7;17;187.1;1011.8;31;27.9;24.5;77.9;5.3;3.4;60.3;null;
2007-04-30;14;88.7;154.9;154.9;208;5.7;17;234.3;1012;30.8;27.7;24.3;79.8;5.8;2.8;60;null;
2007-05-31;14;85.8;138.3;138.3;202.3;5.5;21;240.6;1012.9;29.9;26.7;23.3;81.9;5;null;59.6;null;
2007-06-30;18;68.8;112.6;112.6;121.7;6.7;29;573.7;1014.8;28.6;25.4;22.5;85.3;null;null;59.4;null;
2007-07-31;14;95.4;113.4;113.4;179.2;5.7;23;143.8;1015.3;28.6;25.3;22;81;5.8;3.1;61.7;null;
2007-08-31;14;110;116.4;116.4;207.3;5.7;22;273.5;1015.5;28.3;25.1;22.2;79.2;7;3.8;58.7;null;
2007-09-30;14;121;117.8;117.8;214.1;6.1;18;73;1016.1;28.7;25.7;22.7;77.4;6.8;4.4;62.5;null;
2007-10-31;14;136.9;140.1;86.1;247.6;5.3;11;30.9;1014.1;29.5;26.6;23.8;73.2;6.3;3.8;62.8;null;
2007-11-30;14;126.3;149;34;273.8;5.2;12;34;1012.3;30;27.1;24.2;70.7;5.8;3.4;63.3;null;
2007-12-31;14;133.3;169.9;12.6;null;4.9;5;12.6;1012;30.6;27.7;24.9;69.8;6;3.4;62.4;null;
2008-01-31;14;122.4;171.6;80.6;246.6;5.8;10;80.6;1011.5;30.8;27.9;24.7;72.1;6;3.2;62.5;null;
2008-02-29;14;122.9;169.1;8.8;254.6;4.7;6;8.8;1012.2;31.6;28.4;24.6;69.4;5.1;3.1;63.3;null;
2008-03-31;14;95.5;167;167;212.8;5.5;16;299.3;1011.1;31.1;27.9;24;74.5;4.6;2.4;60.8;null;
2008-04-30;14;69.8;146.9;146.9;192.1;5.8;20;313.5;1010.9;30.5;27.3;23.2;77.9;4.1;2.2;59;null;
2008-05-31;18;71.4;132.7;132.7;179.6;5.8;24;335.9;1012.3;30;26.5;22.8;81.9;5.3;2.5;59.1;null;
2008-06-30;18;84;109.4;109.4;135.3;6.1;21;397.4;1014.1;28.9;25.3;21.5;79.6;5.6;3.2;57.6;null;
2008-07-31;18;90.5;107.1;107.1;152;6.1;24;294.1;1015.5;28.2;24.9;21.6;80.2;6.3;3.7;59.7;null;
2008-08-31;18;96;110;110;191;6.3;22;326.4;1014.6;28.5;25;20.9;78.4;6;3.6;58.8;null;
2008-09-30;14;107.7;129.9;121.8;231.5;5.6;15;86.8;1015;29.5;26.2;22.7;74.5;6.6;4;60.9;null;
2008-10-31;14;116.4;147.9;86.7;235.2;5.2;16;44.9;1014.4;30;26.9;23.7;72.6;6.6;3.8;62.6;null;
2008-11-30;14;125.4;159.2;24.7;278.1;4.8;6;6.6;1012.7;30.6;27.6;24.9;70.1;5.3;3.1;62.9;null;
2008-12-31;14;120.5;169.9;63.6;260;5.2;12;60.2;1011.6;30.7;27.8;24.8;70;5;2.6;63;null;
2009-01-31;14;117.9;176;58.9;250.1;5.5;6;57.7;1012;31;28;25.1;71.1;4.6;2.6;62.2;null;
2009-02-28;14;88.3;145.4;145.4;157.6;6;17;260.1;1011.3;30.6;27.6;24.2;75.2;4.1;2.1;60.7;null;
2009-03-31;14;102.5;171.4;166.6;239.2;5.1;17;138.8;1011.2;31.2;28.2;24.3;73.1;4.3;2.4;60.5;null;
2009-04-30;14;79.2;149;149;164.2;5.6;24;547.4;1012.2;30.7;27.4;23.5;80.2;4.6;1.8;58.4;null;
2009-05-31;14;51.8;132.8;132.8;144.7;6.8;26;521.2;1012.5;29.7;26.4;22.9;85;4.3;1.9;54.9;null;
2009-06-30;18;75.8;117.4;117.4;148.6;6;26;303.9;1015;29.5;25.8;22;84.5;4.6;2.3;47.8;null;
2009-07-31;18;66.5;113.4;113.4;141.9;6.3;28;419.8;1015.6;28.8;25;21;86.2;4.1;1.9;53.5;null;
2009-08-31;14;105.7;123.1;123.1;228.8;5.3;23;127.9;1015;29.5;25.8;21;76.5;5.6;2.8;61.5;null;
2009-09-30;14;112.3;135.2;121.2;210.9;5.5;9;77.1;1015.4;29.9;26.6;22.2;73.4;4.6;2.9;61.3;null;
2009-10-31;9;137.3;155.9;61;294.2;4.5;5;19.3;1013.4;30.6;27.3;23.3;68.8;5.3;2.8;61.8;null;
2009-11-30;14;127;157.1;55.4;282.8;4.8;10;45.8;1012.8;30.8;27.5;23.7;69.3;5;2.9;62.7;null;
2009-12-31;14;105.5;169.9;29.1;241.7;5.8;10;25.5;1012.6;31.1;27.8;23.9;73.8;5;2.7;62.3;null;
2010-01-31;9;99.1;167.2;111.4;206.8;7.1;16;110.9;1013;30.8;27.7;23.8;78;4;2.3;58.6;null;
2010-02-28;14;97;163.2;77.3;195.9;6.3;12;76.9;1012;31.7;28.4;24.7;74.6;4.1;2.6;61.7;null;
2010-03-31;9;109.7;187.3;31.1;248.5;5.5;9;30.9;1011.7;32.5;28.9;24.7;72.8;4.5;2.4;62.5;null;
2010-04-30;14;88.4;173.7;165.9;215.2;5.2;18;165.9;1011.6;31.8;28.6;25.6;77.4;4.6;2.5;61.2;null;
2010-05-31;14;102.4;161.9;111.7;239.3;4.8;15;111.7;1012.3;31.5;27.9;23.8;75;5.3;2.6;62.7;null;
2010-06-30;14;80.9;129.3;129.3;189.5;6;18;256.3;1014.5;30.3;26.3;22.1;79.5;5;2.5;59.2;null;
2010-07-31;18;92.1;113.4;113.4;164.3;6.3;20;222.4;1015;29.2;25.5;22.1;78.3;6;3;59.9;null;
2010-08-31;18;98.5;106.8;106.8;192.2;6.1;23;189;1015.8;29;24.7;21;78;7;3.3;60.3;null;
2010-09-30;14;127;122.8;118.6;216.2;5.3;19;92.4;1015;29.2;25.9;22.7;74.4;6.1;3.4;61.9;null;
2010-10-31;14;123.2;179.7;75.4;261.8;5.1;4;16;1013.2;30.5;27.5;25.1;73.2;5;2.8;63;null;
2010-11-30;14;131;167.6;21.5;286.5;4.6;7;10.1;1012;31;28;25.8;70.6;5;2.8;63.2;null;
2010-12-31;14;127.5;178.8;40.7;256.9;5.5;10;38.5;1010.7;31.2;28.1;25.7;73.4;4.1;2.6;62.2;null;
2011-01-31;14;103;171.6;171.6;216.8;5.8;18;223.4;1010.8;31;27.8;25.1;75.7;4.6;2.4;61.5;null;
2011-02-28;14;102.8;161.2;161.2;233.1;6;13;222;1011.5;31.3;28.3;25.3;74.3;5.3;2.3;62.9;null;
2011-03-31;14;103.5;184.9;135.7;257.4;5;13;66.2;1011.1;31.9;28.6;25.3;74;3.6;2;62.8;null;
2011-04-30;14;72.5;145.1;145.1;137.2;7.3;24;428;1011.3;30.5;27.2;24.1;82.5;4.6;2.1;58.1;null;
2011-05-31;18;74;134.7;134.7;145.3;7.3;26;484.7;1012.3;30;26.5;23.9;84.4;6.3;2.5;57.2;null;
2011-06-30;14;77.4;119.2;119.2;135.6;6.8;22;248.7;1014;29.2;25.9;23.3;82.3;6;2.5;60.7;null;
2011-07-31;14;80.9;108.9;108.9;146.2;6.8;26;425.8;1014.6;28.3;25;22.5;83.1;6.6;2.6;58.3;null;
2011-08-31;14;93.5;116.6;116.6;209.2;6.2;21;215.5;1015.3;29.1;25.4;22.4;78.5;6.3;2.7;60.9;null;
2011-09-30;14;136;129.9;97.2;243.7;5.4;16;36.5;1015.7;29.7;26.3;23.3;70.8;5.8;3.6;61.3;null;
2011-10-31;14;121.8;153.9;39.6;242.4;5.5;14;9.6;1012.5;30.2;27.2;24.9;71.9;5.3;2.7;61.8;null;
2011-11-30;14;111.7;153;51.3;262.9;5.4;13;45.2;1012.3;30.6;27.7;25.4;71.5;3.8;2.6;62;null;
2011-12-31;14;119.4;176.5;11;282.7;5.2;9;8.4;1012.5;31;28.1;26;70.3;5;2.7;62.2;null;
2012-01-31;14;98.3;162.9;162.9;221.8;6.5;15;206.4;1012.7;30.6;27.5;25.2;75.8;4.5;2.3;62.7;null;
2012-02-29;14;101;146.7;143.6;214.2;6.1;14;141.3;1012.2;30.8;27.6;24.9;74.7;5;2.9;61.7;null;
2012-03-31;14;121.6;167;96.8;246.3;5.4;13;71;1012.6;31.3;28.1;25;73.6;7.3;2.8;63.2;null;
2012-04-30;14;112.6;158.8;57.8;245.5;5;11;47;1012.5;31.3;27.9;24.3;73.3;4.3;2.8;63.1;null;
2012-05-31;14;94.8;143.9;143.9;213.6;5.7;17;216.5;1013.9;30.3;27;23.8;77.5;4.6;2.6;61.6;null;
2012-06-30;14;72.2;115.9;115.9;174.9;6.2;23;538.1;1015.2;29.4;25.7;22.6;81.5;5;2.6;61.8;null;
2012-07-31;14;90.9;121.9;121.9;204.7;5.7;23;290.5;1015.4;29.1;25.5;22.2;78;5.5;2.8;63.1;null;
2012-08-31;14;108.4;113.4;108.7;250.2;5.3;23;81.1;1016.5;29;25.2;21.8;75.9;6.3;3.3;62.3;null;
2012-09-30;14;119.3;124.8;79.1;217;5.9;1;36.7;1016.4;29.4;26;23.1;72.8;6;3.2;62.8;null;
2012-10-31;14;125.4;146;51.1;238;5.6;14;30.5;1014.2;29.9;26.8;24.4;71.5;5;3.2;63.2;null;
2012-11-30;14;116.3;161.2;9.5;270.7;4.8;5;2;1012.6;30.7;27.7;25.7;70.7;4.6;2.4;63.1;null;
2012-12-31;14;115.2;176.5;9.1;266.6;5.2;7;7.5;1012;30.9;28.1;26.3;72.4;4.6;2.6;63.1;null;
2013-01-31;14;111.4;178.2;51.6;268.8;5.5;16;51.3;1012.7;31.2;28.2;25.9;72.8;5;2.7;62.9;null;
2013-02-28;14;115.3;167.3;39.4;223.7;6;12;39.3;1011.9;31.7;28.6;26.1;71.3;5;3;62.6;null;
2013-03-31;14;121.1;189.4;17.5;246.9;5.5;7;17.5;1012.1;31.7;28.9;26.6;71.5;6;2.6;63;null;
2013-04-30;14;86.8;158.9;158.9;220.1;5.4;18;271.2;1012.4;31.3;27.9;24.6;76.6;4.3;2.3;62.9;null;
2013-05-31;14;87.2;170.3;170.3;216.6;5.7;16;185.7;1013.2;30.7;27.3;23.8;76.6;5.6;2.6;61.7;null;
2013-06-30;14;68.6;120.8;120.8;169.6;6;22;493.5;1014.2;29.6;26;22.9;83.3;4.5;2.3;59.7;null;
2013-07-31;18;66.3;108.9;108.9;135;7.1;28;481.5;1015.1;28.5;25;22.5;84.9;5;2.3;59;null;
2013-08-31;14;92.8;121.6;121.6;201.6;6.2;24;252.2;1015.1;29.1;25.7;22.6;79.6;5.3;3;61.6;null;
2013-09-30;14;92.5;128.2;128.2;215.6;5.2;21;286.9;1015.2;29.3;26.2;23.6;79.7;5.6;3;62.6;null;
2013-10-31;14;122.1;158;109.4;268.4;5;16;40.2;1014.2;30.3;27.4;25.1;74.3;5;2.7;63.2;null;
2013-11-30;14;113;157.1;55.3;241.7;5.7;11;33.4;1012.5;30.4;27.5;25.4;77.4;4.6;2.7;62.4;null;
2013-12-31;9;106.8;174.2;28.4;243.9;5.3;13;21.4;1012.4;30.7;28;25.8;73.3;4.5;2.5;63.3;null;
2014-01-31;14;113.8;167.2;86.9;258.4;5.8;2;85.8;1012.8;30.7;27.7;25.2;72.7;4.5;2.7;63.4;null;
2014-02-28;14;87.7;149.2;108.5;198;6.4;null;108.2;1011.6;30.6;27.7;24.9;74.6;4.1;2.2;61;null;
2014-03-31;9;97;171.4;150.6;233.8;5.4;null;150.5;1012;31.1;28.1;25.1;74.9;5;2.4;62.3;null;
2014-04-30;9;79;165.1;134.2;230.2;5.2;null;134.1;1012.2;31.3;28.2;24.9;75.6;4;2.2;62;null;
2014-05-31;14;71.8;138.4;138.4;193.4;6.1;null;265;1012.6;30.3;26.7;23.6;81.3;4.6;2.5;61.3;null;
2014-06-30;14;72;117.6;117.6;173.3;6.5;null;256.3;1014.1;29.5;25.8;22.1;81.2;5;2.7;60.4;null;
2014-07-31;14;86.7;113.6;113.6;189.8;6;null;153.1;1016.5;29;25.3;21.6;78.3;8.3;3.1;60.6;null;
2014-08-31;14;100.1;116.6;110.3;234.9;5.7;null;79;1016.2;29;25.4;21.2;74.1;8.8;3.5;62.5;null;
2014-09-30;14;92.7;124.7;124.7;196.3;5.9;null;199.2;1015.5;29;26;23.2;76;5.3;3.1;62.2;null;
2014-10-31;14;109.6;151.9;107.7;254.8;5.5;null;40.5;1014.6;30.2;27.1;24.7;72.9;6;3.2;62;null;
2014-11-30;9;109;157.1;38.3;263.2;5.1;null;13.3;1013.2;30.4;27.6;25.3;71.2;4.3;2.6;63.3;null;
2014-12-31;14;110.2;169.8;29.1;248.6;5.6;null;23.1;1013.4;30.7;27.8;25.4;72.8;4.3;2.7;63;null;
2015-01-31;14;117.1;169.3;56;252.8;5.3;null;54.8;1013.9;30.9;27.8;25.4;72.4;5;2.8;63.1;null;
2015-02-28;14;104.3;163.1;41.1;211.1;5.6;null;40.7;1013;31.5;28.4;26;73.7;5;2.7;62.7;null;
2015-03-31;14;91.3;164.9;164.9;181.5;6.1;null;406.6;1012.4;30.8;27.8;25;76.5;5;2.6;62;null;
2015-04-30;14;97.6;169.3;120.6;251.5;4.8;null;51.3;1012.6;31.5;28.4;24.7;72.8;4.1;2.4;63.3;null;
2015-05-31;14;92.3;159.8;103.1;231.1;5.8;null;87.2;1013.6;31.2;27.8;24.4;76.1;5;2.5;61.7;null;
2015-06-30;14;70.7;122.5;122.5;170.7;6.3;null;343.2;1015.2;29.7;26.1;22.8;80.7;5;2.3;61.7;null;
2015-07-31;14;68.6;115.2;115.2;153.9;6.8;null;381.4;1015.6;28.8;25.4;22.7;83.1;5;2.7;61.1;null;
2015-08-31;14;106.1;123.3;102.3;241.3;5.4;null;50.6;1015.7;29.2;25.8;22.5;74.8;5;2.8;63.3;null;
2015-09-30;14;110;137.1;83.6;239.8;5.1;null;56.9;1015.4;29.7;26.7;24.1;71.5;4.3;2.6;62.3;null;
2015-10-31;14;124.3;151.9;35.4;268.8;5.6;null;19.5;1015;30.2;27.1;24.6;70.6;4.6;2.7;62.4;null;
2015-11-30;9;114.5;161.2;9.4;279;4.9;null;4.8;1013;30.7;27.7;25.4;70.7;3.3;2.3;63.3;null;
2015-12-31;9;107.1;169.8;149.9;217.1;5.9;null;149.7;1014.2;31.1;27.8;25;74.4;4;2.5;62.7;null;
2016-01-31;9;83.4;173.7;101;184.5;6.4;null;100.5;1012.9;31.1;27.9;25.1;78.5;4.6;2;62.6;null;
2016-02-29;14;88.9;162.7;104.4;203.4;6;null;104.2;1013.1;31.5;28.1;24.3;74.9;4;2.5;61.8;null;
2016-03-31;14;90.2;175.7;145.2;221.6;5.8;null;145.1;1013.2;31.8;28.3;24.6;76.6;4.1;2.4;62.8;null;
2016-04-30;14;85.2;160.9;160.9;181.4;6.2;null;374.3;1012.6;31.3;27.9;24.6;78.5;4.3;2.5;61.1;null;
2016-05-31;14;70.8;134.6;134.6;194;6;null;359.7;1014.5;30.3;26.6;22.9;82;4.1;2.3;59.9;null;
2016-06-30;14;81.4;124.2;124.2;199.3;5.4;null;254.7;1016;29.9;26.2;22.4;78.9;5.3;2.3;61.3;null;
2016-07-31;14;94.2;123.5;99.8;200.6;5.9;null;45.8;1016;29.6;25.6;21.3;76.4;4.1;2.6;62.4;null;
2016-08-31;14;111.1;126.8;72.5;239.3;5.3;null;47.3;1016.1;29.9;25.9;21.6;73;5.3;2.7;62.2;null;
2016-09-30;14;113;137.2;64.6;252.5;5.1;null;52.8;1015.8;30.2;26.8;23.5;71.4;4.6;2.6;62.9;null;
2016-10-31;14;154.9;160.1;18.3;263.6;5.5;null;11.4;1013.7;31.1;27.5;24.3;72.5;5;2.7;63.3;null;
2016-11-30;14;191.6;167.6;10.2;246.6;5.7;null;8.6;1012.9;31.7;28;25.2;76.1;5;2.7;63.1;null;
2016-12-31;14;177;176.5;65.1;231;5.7;null;64.8;1012.5;32;28.1;24.7;75.2;5;2.6;63;null;
2017-01-31;14;176.8;175.9;57.2;234.2;5.9;null;57.1;1012.6;32;28.1;24.1;73.5;3.8;2.6;63.2;null;
2017-02-28;14;151.9;159.1;41.7;209.8;5.9;null;41.7;1012;32.3;28.2;23.8;74.6;4.6;2.7;63.3;null;
2017-03-31;14;136.1;173.6;145.5;201.9;5.9;null;145.5;1011.6;32.3;28.2;23.1;76.6;4.6;2.5;62.9;null;
2017-04-30;14;126.9;154.9;154.9;201.8;5.9;null;276.9;1012;32.1;27.7;22.4;77.4;4.6;2.3;62.2;null;
2017-05-31;14;88.2;144;144;180.2;6.2;null;493.8;1013.2;31.2;26.8;22.9;82.7;4.1;1.9;61;null;
2017-06-30;18;91.4;124.2;124.2;164.9;6.5;null;328.1;1014.4;30.3;26.2;23;83.9;4.6;2.4;62.6;null;
2017-07-31;18;87.6;102.8;102.8;93.3;7.3;null;442.8;1016.7;28.5;24.6;22.1;86.2;5;2.8;61.2;null;
2017-08-31;14;131.3;123.3;113.1;214.8;5.4;null;75.3;1015.8;29.8;25.8;22;76.7;5;2.8;63.1;null;
2017-09-30;14;144.5;124.7;123.1;225;6;null;120.6;1016;30;26;22.8;74.2;5;3.3;62.4;null;
2017-10-31;14;161.9;153.9;89.3;230.1;6.1;null;51.6;1014.3;30.7;27.1;24.5;74.2;5;3;63.1;null;
2017-11-30;9;182.4;167.5;27.8;262.3;5.2;null;11;1012.7;31.6;28;25.4;70.8;3.6;2.6;63.6;null;
2017-12-31;9;188.3;190.3;30.2;238.2;5.4;null;26.6;1012.4;32.2;28.7;26.2;72.4;5;2.9;63.3;null;
2018-01-31;14;151.8;180.5;101.2;215.6;6.4;14;100.7;1012.3;32;28.2;25.3;74.7;5;2.5;62.2;null;
2018-02-28;14;120.2;155.1;142.1;172.6;6.6;16;142.3;1011.4;31.7;28;24.8;76.7;4;2.5;62.5;null;
2018-03-31;14;128.7;175.8;175.8;217.4;5.8;13;204.4;1012;32.1;28.2;25;77;3.3;2.1;61.9;null;
2018-04-30;14;86.2;143.2;143.2;142.9;6.7;25;357.7;1012.7;31;27.1;24.1;83.7;5;2.1;61.1;null;
2018-05-31;14;100.8;136.5;136.5;164.9;6.7;24;245.8;1013.8;30.9;26.6;23.2;81.6;5;2.4;62;null;
2018-06-30;14;109.7;120.8;120.2;163;6;24;108.9;1015.7;30.3;25.9;22.2;78.6;4;2.5;63.2;null;
2018-07-31;14;113.9;118.5;118.5;181.8;5.3;18;198.8;1015.9;29.7;25.6;22.2;77.2;5.8;2.7;62.7;null;
2018-08-31;14;133.6;128.5;119.1;216.5;5.4;20;82.8;1016.4;30;26;22.6;75.4;5;2.7;63.2;null;
2018-09-30;14;152.5;137.1;75.9;215.1;5.6;18;36;1014.6;30.4;26.7;23.6;73.3;5;2.8;63.3;null;
2018-10-31;14;193.2;146;19.3;271.5;4.6;3;1.9;1013.6;31.7;28.1;25.5;69.8;3.6;2.2;63.5;null;
2018-11-30;14;177.5;185.2;22.2;233;5.4;11;17.8;1012.7;32.1;28.5;25.9;72.3;4.1;2.5;63.3;null;
2018-12-31;14;176.3;183.3;58.4;234.7;5.2;11;57.4;1013;32.2;28.4;25.3;72.3;3.6;2.2;63.3;null;
2019-01-31;14;162.3;185.1;72.8;231;5.4;8;72.6;1013.3;32.3;28.4;25;72.9;4.3;2.4;63.3;null;
2019-02-28;14;113.9;161.1;161.1;165.5;6.2;17;219.9;1012.2;31.8;28.2;24.7;78.4;5.8;2;62.7;null;
2019-03-31;14;115.7;173.6;173.6;156.8;5.8;20;240.2;1012.5;32.1;28.2;24.3;79.6;3.6;1.8;62.5;null;
2019-04-30;14;90;156.9;156.9;135.6;5.7;24;182.7;1012.4;32;28;23.5;80;4;2.1;62.9;null;
2019-05-31;14;103.2;164;164;163.1;5.4;21;204.5;1012.8;31.8;27.9;23.4;77.2;4.3;2;62.8;null;
2019-06-30;14;86.7;125.9;125.9;140;5.9;24;659.6;1015.4;30;25.9;21.4;81.3;4.3;1.8;61;null;
2019-07-31;14;87.5;116.8;116.8;154.6;5.7;25;354.7;1015.5;29.6;25.4;20.8;81.9;3.6;1.7;62.4;null;
2019-08-31;14;120.2;119.9;114.4;183.3;5.5;22;84.6;1016.9;29.7;25.6;20.8;79.7;4.3;2.1;62.8;null;
2019-09-30;14;null;129.9;97;174.8;5.1;16;62.6;1015.7;30.2;26.4;22;77.1;4;2.1;63.3;null;
2019-10-31;14;173.2;151.9;54.7;250.5;5.2;8;29.4;1014.1;31.1;27.1;22.7;73.4;4.6;2.3;63.5;null;
2019-11-30;14;192.4;167.5;8.6;251.5;4.6;0;0;1012.4;32.2;28;23.7;70.7;3.6;2.1;63.3;null;
2019-12-31;14;199.6;null;null;252.4;4.9;7;24.6;1012.4;32.4;28.2;23.5;73.1;6.3;1.9;63.4;null;
2020-01-31;14;120.9;null;null;160.1;5.3;10;28.1;1012.9;32.8;28.5;23.8;80;3.3;1.7;60;null;
2020-02-29;14;126.3;null;null;213.3;5.1;18;138.4;1012.3;32.9;28.5;22.7;75;3.3;1.5;62.5;null;
2020-03-31;14;120.1;null;null;183.6;5.5;16;247.4;1011.8;32.6;28.1;21.8;77.2;3.3;.9;63.1;null;
2020-04-30;14;103.5;null;null;161.2;5.8;25;240.2;1012.7;32;27.3;21;82.3;3;1.1;61.4;null;
2020-05-31;14;85.6;null;null;147.8;6.1;23;562.5;1014.5;31.2;26.5;20.1;85.9;2.6;.8;58.5;null;
2020-06-30;0;98.1;null;null;149.2;5.8;24;385.9;1015.1;30.3;25.4;19.3;84.9;3.3;.9;59.5;null;
2020-07-31;0;113.5;null;null;149.5;6.4;24;289.3;1015.5;29.5;25.1;20.9;84.6;3.6;.9;59.8;null;
2020-08-31;14;158.8;null;null;223.9;5.3;17;52.5;1016;29.9;25.9;22.1;77.3;3.3;1.6;60;null;
2020-09-30;14;170.1;null;null;221.8;5.2;14;34.5;1016;30.5;26.6;23.2;74.3;3.3;1.9;60;null;
2020-10-31;14;186.4;null;null;242.3;5.4;7;34.7;1014.6;31.3;27.6;24.1;75.7;3.3;1.5;60.2;null;
2020-11-30;14;185.2;null;null;243.4;5.5;9;29.2;1013.5;31.9;28.1;24.9;74.6;3;1.5;60;null;
2020-12-31;14;181.8;null;null;225.6;5.1;9;16.8;1013.6;32.1;28.3;24.6;73.4;3.3;1.8;60;null;
2021-01-31;14;187.6;null;null;184.4;5.4;13;20.4;1012.8;32.1;28.1;24.3;72.4;3.3;1.5;60;null;
2021-02-28;14;120.2;null;null;190.8;5.9;11;329.7;1012.5;32;28.2;23.9;77;3.3;1.3;58.9;null;
2021-03-31;14;124.5;null;null;202.6;5.7;18;165.9;1012.3;31.5;27.5;22.6;78.8;2.6;1;59.7;null;
2021-04-30;14;88;null;null;175.3;5.9;22;267.9;1012.7;31.3;27.2;22;83.2;3.3;1;59.5;null;
2021-05-31;14;76.6;null;null;167.1;5.9;21;438.2;1014.3;30.5;26.2;21;84.6;3.3;1.2;59.5;null;
2021-06-30;14;90.6;null;null;172.2;5.2;16;88.6;1015.2;30.3;25.6;20;82.5;3.3;1.4;60.2;null;
2021-07-31;14;86.7;null;null;141.7;5.7;24;141.8;1016.6;29.6;25.3;19.9;84.7;3.3;1.3;59.7;null;
2021-08-31;14;100.8;null;null;null;6.2;27;258.3;1016.4;29.3;24.9;19.8;82.2;3.6;1.6;59.4;null;
2021-09-30;14;null;null;null;207.2;5.2;17;25.1;1015.7;30.6;26.6;21.1;77.7;4.6;2;60;null;
2021-10-31;14;null;null;null;238.5;5.1;13;32.6;1014.6;31.7;27.4;22.1;75.8;3.6;1.7;96.2;null;
2021-11-30;9;null;null;null;241.5;5.1;12;46.4;1012.6;32.4;28.3;23;74.2;3.1;1.3;97;null;
2021-12-31;9;null;null;null;213.5;5.1;12;28.5;1011.6;32.8;28.6;23.4;71.7;3.1;1.5;97.3;null;
2022-01-31;14;null;null;null;181.8;5.8;18;218.2;1012.5;32.2;27.7;null;78.5;3.6;1.5;97;null;
2022-02-28;9;null;null;null;224.7;4.9;9;27.7;1012;32.7;28.3;null;70;3.1;1.1;97.3;null;
2022-03-31;14;null;null;null;175.2;5.4;18;400;1011.2;32.1;27.6;null;77.1;3.1;1.3;97.3;null;
2022-04-30;14;null;null;null;180.4;5.3;19;132.4;1011.6;32;27.3;null;77.4;3.1;1.4;97.4;null;
2022-05-31;18;null;null;null;109.3;6;26;654.2;1013.5;30.4;25.9;null;86.1;3.6;1;97.3;null;
2022-06-30;18;null;null;null;127.4;5.9;21;354.2;1014;29.7;24.7;null;87.9;3.6;1;97;null;
2022-07-31;14;null;null;null;114.4;6.3;21;509.5;1014.8;29;25.2;21.8;85;4.1;1.5;97.2;null;
2022-08-31;null;null;null;null;181.1;5.5;16;147.8;1015.4;29.9;25.7;22;76.3;null;null;97.3;null;
2022-09-30;null;null;null;null;202.6;5;12;47.8;1015.2;30.7;26.6;23;76.8;null;null;97.4;null;
2022-10-31;null;null;null;null;222.9;4.9;14;25.3;1014;31.6;27.7;24.4;73.8;null;null;97.3;null;
2022-11-30;null;null;null;null;210.1;4.9;10;83.4;1012.4;31.8;28.1;24.7;73.1;null;null;97.3;null;
2022-12-31;null;null;null;null;242.1;4.6;9;29.4;1012.1;32.4;28.4;24.7;71.4;null;null;97.3;null;
2023-01-31;null;null;null;null;189.4;5.7;14;120.5;1013;32.4;28.1;24.1;76.2;null;null;97;null;
2023-02-28;null;null;null;null;165.3;4.9;11;56.4;1012.4;32.8;28.6;24.4;74.4;null;null;97.3;null;
2023-03-31;null;null;null;null;143.6;5.5;18;169.1;1012.3;32.3;28.1;23.7;77.3;null;null;97.3;null;
2023-04-30;null;null;null;null;183.7;5.2;17;312.7;1011.7;32.5;28.1;23.4;78.3;null;null;97.3;null;
2023-05-31;null;null;null;null;182.8;5.3;19;238.6;1013.4;32.2;27.9;23.5;78.5;null;null;97.3;null;
2023-06-30;null;null;null;null;140.6;6.3;27;588;1015.4;30.7;26.3;22.6;86.8;null;null;97.1;null;
2023-07-31;null;null;null;null;158.8;5.8;25;312.8;1016;30.4;26.1;22.3;80.8;null;null;97.3;null;
2023-08-31;null;null;null;null;187;5.6;18;137.7;1015.4;30.5;26.4;22.6;77.8;null;null;97.3;null;
2023-09-30;null;null;null;null;158.3;5.6;18;121.8;1015.5;31;26.8;23.1;78.5;null;null;97.2;null;
2023-10-31;null;null;null;null;191;5.6;7;15.6;1014.1;32;27.7;24;72.7;null;null;97;null;
2023-11-30;null;null;null;null;193.4;5.6;4;29.4;1013.4;32.9;28.5;24.6;74.2;null;null;97;null;
2023-12-31;null;null;null;null;179.4;5.8;8;59.2;1012.8;32.8;28.6;24.7;75.9;null;null;96.9;null;
2024-01-31;null;null;null;null;199;6.2;11;174.4;1013.2;33.2;28.9;24.9;76.4;null;null;97;null;
2024-02-29;null;null;null;null;154.8;6.1;19;216.4;1012.9;33.3;29;24.4;77.6;null;null;97;null;
2024-03-31;null;null;null;null;155.8;6.2;18;194.8;1011.9;33.4;29.2;24.6;79.1;null;null;96.9;null;
2024-04-30;null;null;null;null;127.2;6.1;21;233.6;1012.1;33.1;28.8;23.9;80.2;null;null;97;null;
2024-05-31;null;null;null;null;113.5;6.4;19;328.1;1013;32.1;27.7;23.1;84.4;null;null;97;null;
2024-06-30;null;null;null;null;null;null;7;null;null;null;null;null;null;null;null;null;null;
2024-07-31;null;null;null;null;117.7;6.3;22;172.6;1016.2;30.4;26;21.5;82.5;null;null;97;null;
2024-08-31;null;null;null;null;165.1;5.9;17;71.2;1016.6;30.5;26.2;21.3;76.5;null;null;97;null;
2024-09-30;null;null;null;null;164.4;5.7;11;48.2;1015.9;30.9;26.6;21.8;70.7;null;null;96.9;null;
2024-10-31;null;null;null;null;191.6;5.7;4;6.8;1014.7;31.7;27.4;23.1;70.6;null;null;97;null;
2024-11-30;null;null;null;null;185.4;5.7;3;4.8;1013.1;32.3;27.9;23.2;69.7;null;null;97;null;

