Nome: PORTO DE PEDRAS
Codigo Estacao: 82996
Latitude: -9.162012
Longitude: -35.299881
Altitude: 42.21
Situacao: Operante
Data Inicial: 1970-01-01
Data Final: 2024-11-30
Periodicidade da Medicao: Mensal

Data Medicao;DIRECAO PREDOMINANTE DO VENTO, MENSAL(° (gr));EVAPORACAO DO PICHE, MENSAL(mm);EVAPOTRANSPIRACAO POTENCIAL, BH MENSAL(mm);EVAPOTRANSPIRACAO REAL, BH MENSAL(mm);INSOLACAO TOTAL, MENSAL(h);NEBULOSIDADE, MEDIA MENSAL(décimos);NUMERO DE DIAS COM PRECIP. PLUV, MENSAL(número);PRECIPITACAO TOTAL, MENSAL(mm);PRESSAO ATMOSFERICA, MEDIA MENSAL(mB);TEMPERATURA MAXIMA MEDIA, MENSAL(°C);TEMPERATURA MEDIA COMPENSADA, MENSAL(°C);TEMPERATURA MINIMA MEDIA, MENSAL(°C);UMIDADE RELATIVA DO AR, MEDIA MENSAL(%);VENTO, VELOCIDADE MAXIMA MENSAL(m/s);VENTO, VELOCIDADE MEDIA MENSAL(m/s);VISIBILIDADE, MEDIA MENSAL(codigo);
1970-01-31;null;null;null;null;null;null;null;null;null;null;null;null;null;null;null;null;null;
1970-02-28;null;null;null;null;null;null;null;null;null;null;null;null;null;null;null;null;null;
1970-03-31;null;null;null;null;null;null;null;null;null;null;null;null;null;null;null;null;null;
1970-04-30;null;null;null;null;null;null;null;null;null;null;null;null;null;null;null;null;null;
1970-05-31;null;null;null;null;null;null;null;null;null;null;null;null;null;null;null;null;null;
1970-06-30;null;null;null;null;null;null;null;null;null;null;null;null;null;null;null;null;null;
1970-07-31;null;null;null;null;null;null;null;null;null;null;null;null;null;null;null;null;null;
1970-08-31;null;null;null;null;null;null;null;null;null;null;null;null;null;null;null;null;null;
1970-09-30;null;null;null;null;null;null;null;null;null;null;null;null;null;null;null;null;null;
1970-10-31;null;null;null;null;null;null;null;null;null;null;null;null;null;null;null;null;null;
1970-11-30;null;null;null;null;null;null;null;null;null;null;null;null;null;null;null;null;null;
1970-12-31;null;null;null;null;null;null;null;null;null;null;null;null;null;null;null;null;null;
1971-01-31;null;null;null;null;null;null;null;null;null;null;null;null;null;null;null;null;null;
1971-02-28;null;null;null;null;null;null;null;null;null;null;null;null;null;null;null;null;null;
1971-03-31;null;null;null;null;null;null;null;null;null;null;null;null;null;null;null;null;null;
1971-04-30;null;null;null;null;null;null;null;null;null;null;null;null;null;null;null;null;null;
1971-05-31;null;null;null;null;null;null;null;null;null;null;null;null;null;null;null;null;null;
1971-06-30;null;null;null;null;null;null;null;null;null;null;null;null;null;null;null;null;null;
1971-07-31;null;null;null;null;null;null;null;null;null;null;null;null;null;null;null;null;null;
1971-08-31;null;null;null;null;null;null;null;null;null;null;null;null;null;null;null;null;null;
1971-09-30;null;null;null;null;null;null;null;null;null;null;null;null;null;null;null;null;null;
1971-10-31;null;null;null;null;null;null;null;null;null;null;null;null;null;null;null;null;null;
1971-11-30;null;null;null;null;null;null;null;null;null;null;null;null;null;null;null;null;null;
1971-12-31;null;null;null;null;null;null;null;null;null;null;null;null;null;null;null;null;null;
1972-01-31;null;null;null;null;null;null;null;null;null;null;null;null;null;null;null;null;null;
1972-02-29;null;null;null;null;null;null;null;null;null;null;null;null;null;null;null;null;null;
1972-03-31;null;null;null;null;null;null;null;null;null;null;null;null;null;null;null;null;null;
1972-04-30;null;null;null;null;null;null;null;null;null;null;null;null;null;null;null;null;null;
1972-05-31;null;null;null;null;null;null;null;null;null;null;null;null;null;null;null;null;null;
1972-06-30;null;null;null;null;null;null;null;null;null;null;null;null;null;null;null;null;null;
1972-07-31;null;null;null;null;null;null;null;null;null;null;null;null;null;null;null;null;null;
1972-08-31;null;null;null;null;null;null;null;null;null;null;null;null;null;null;null;null;null;
1972-09-30;null;null;null;null;null;null;null;null;null;null;null;null;null;null;null;null;null;
1972-10-31;null;null;null;null;null;null;null;null;null;null;null;null;null;null;null;null;null;
1972-11-30;null;null;null;null;null;null;null;null;null;null;null;null;null;null;null;null;null;
1972-12-31;null;null;null;null;null;null;null;null;null;null;null;null;null;null;null;null;null;
1973-01-31;null;null;null;null;null;null;null;null;null;null;null;null;null;null;null;null;null;
1973-02-28;null;null;null;null;null;null;null;null;null;null;null;null;null;null;null;null;null;
1973-03-31;null;null;null;null;null;null;7;null;null;30.6;null;19.8;null;null;null;null;null;
1973-04-30;null;null;null;null;192.5;null;24;383.6;null;29.2;null;18.9;null;null;null;null;null;
1973-05-31;null;null;null;null;254.1;null;20;118.9;null;29;null;17.8;null;null;null;null;null;
1973-06-30;null;null;null;null;195.6;null;26;325.5;null;27.7;null;17.3;null;null;null;null;null;
1973-07-31;null;null;null;null;232.3;5.2;24;196.5;null;27.5;null;17.2;null;null;null;null;null;
1973-08-31;null;null;null;null;249.4;4.3;23;335.5;null;27.4;null;17.1;null;null;null;null;null;
1973-09-30;null;null;null;null;241.6;4.4;23;219.6;null;27.3;null;17.4;null;null;null;null;null;
1973-10-31;null;null;null;null;290.8;3.6;10;113.5;null;28.7;null;18;null;null;null;null;null;
1973-11-30;null;null;null;null;329.2;null;5;26.4;null;29.5;null;18.4;null;null;null;null;null;
1973-12-31;null;null;null;null;311.6;null;7;27.2;null;29.7;null;18.7;null;null;null;null;null;
1974-01-31;null;null;null;null;283.6;null;13;183.2;null;29.7;null;18.3;null;null;null;null;null;
1974-02-28;null;null;null;null;235.8;null;15;70;null;29.2;null;18.3;null;null;null;null;null;
1974-03-31;null;null;null;null;212.9;null;18;310.7;null;29.1;null;18.3;null;null;null;null;null;
1974-04-30;null;null;null;null;204.6;null;19;314.6;null;28.8;null;18.3;null;null;null;null;null;
1974-05-31;null;null;null;null;220.2;null;24;137.5;null;28.4;null;18.1;null;null;null;null;null;
1974-06-30;null;null;null;null;160.4;6.5;24;362.4;null;27.1;null;17.8;null;null;null;null;null;
1974-07-31;null;null;null;null;188.3;6.2;26;191;null;26.4;null;17;null;null;null;null;null;
1974-08-31;null;null;null;null;236.1;4.5;16;54.4;null;26.7;null;17;null;null;null;null;null;
1974-09-30;null;null;null;null;null;null;null;null;null;null;null;null;null;null;null;null;null;
1974-10-31;null;null;null;null;299.9;2.6;10;8;null;28.8;null;22.5;null;null;null;null;null;
1974-11-30;null;null;null;null;299.2;3.5;11;31.8;null;29.5;null;22.5;null;null;null;null;null;
1974-12-31;5;null;null;null;307.1;4.1;12;41.9;null;29.7;null;23.2;null;null;null;8.2;null;
1975-01-31;null;null;null;null;null;null;null;null;null;null;null;null;null;null;null;null;null;
1975-02-28;null;null;null;null;null;null;null;null;null;null;null;null;null;null;null;null;null;
1975-03-31;null;null;null;null;null;null;null;null;null;null;null;null;null;null;null;null;null;
1975-04-30;null;null;null;null;null;null;null;null;null;null;null;null;null;null;null;null;null;
1975-05-31;null;null;null;null;null;null;null;null;null;null;null;null;null;null;null;null;null;
1975-06-30;null;null;null;null;null;null;null;null;null;null;null;null;null;null;null;null;null;
1975-07-31;null;null;null;null;null;null;null;null;null;null;null;null;null;null;null;null;null;
1975-08-31;null;null;null;null;null;null;null;null;null;null;null;null;null;null;null;null;null;
1975-09-30;null;null;null;null;null;null;null;null;null;null;null;null;null;null;null;null;null;
1975-10-31;null;null;null;null;null;null;null;null;null;null;null;null;null;null;null;null;null;
1975-11-30;null;null;null;null;null;null;null;null;null;null;null;null;null;null;null;null;null;
1975-12-31;null;null;null;null;null;null;null;null;null;null;null;null;null;null;null;null;null;
1976-01-31;null;null;null;null;null;null;null;null;null;null;null;null;null;null;null;null;null;
1976-02-29;null;null;null;null;null;null;null;null;null;null;null;null;null;null;null;null;null;
1976-03-31;null;null;null;null;null;null;null;null;null;null;null;null;null;null;null;null;null;
1976-04-30;null;null;null;null;null;null;null;null;null;null;null;null;null;null;null;null;null;
1976-05-31;null;null;null;null;null;null;null;null;null;null;null;null;null;null;null;null;null;
1976-06-30;null;null;null;null;null;null;null;null;null;null;null;null;null;null;null;null;null;
1976-07-31;null;null;null;null;null;null;null;null;null;null;null;null;null;null;null;null;null;
1976-08-31;null;null;null;null;null;null;null;null;null;null;null;null;null;null;null;null;null;
1976-09-30;null;null;null;null;null;null;null;null;null;null;null;null;null;null;null;null;null;
1976-10-31;null;null;null;null;null;null;null;null;null;null;null;null;null;null;null;null;null;
1976-11-30;null;null;null;null;null;null;null;null;null;null;null;null;null;null;null;null;null;
1976-12-31;null;null;null;null;null;null;null;null;null;null;null;null;null;null;null;null;null;
1977-01-31;5;174.4;null;null;240.3;6.8;14;91.4;1006.2;29.2;26.6;23.6;77.4;12.3;4;45.5;null;
1977-02-28;9;147;null;null;238.2;5.2;18;93.5;1007.4;29.3;26.7;23.6;76.4;6.7;2.4;48;null;
1977-03-31;9;150.8;null;null;252;4.9;20;125.6;1006.4;29.7;27;23.4;77;9.3;2.6;48.8;null;
1977-04-30;5;100.7;null;null;203.6;6.3;20;258.5;1005.9;29.2;26.5;23.1;81.9;6.7;2.6;47;null;
1977-05-31;18;74.6;null;null;152.1;7.2;25;508.5;1007.5;27.8;25.2;22.5;85.3;9.3;2.5;43.2;null;
1977-06-30;14;75.1;null;null;149.2;6.8;27;460.4;1009.1;27.3;24.8;22.4;86;12.3;3.2;42.5;null;
1977-07-31;14;114.4;null;null;132.6;6.6;29;427.6;1010.3;26.6;24.4;21.6;80.5;12.3;3.7;42.7;null;
1977-08-31;9;135.8;null;null;225.8;5.7;22;80.1;1010.2;27.1;24.5;21.2;77.1;12.3;3.1;47.4;null;
1977-09-30;9;151.8;null;null;243.3;5;21;95.4;1010.2;27.6;25.2;22.6;77.6;9.3;3.6;46.9;null;
1977-10-31;5;164.2;null;null;247.7;5.5;23;134.4;1009;27.8;25.5;22.7;77.7;9.4;3.3;46.9;null;
1977-11-30;5;201.7;null;null;295.7;4.1;12;13.6;1007.3;29.3;26.6;23.5;74.8;9.3;4.1;48.8;null;
1977-12-31;5;193.2;null;null;275;5.7;9;30.3;1006.8;29.7;26.9;23.5;75.4;12.3;3.9;45.8;null;
1978-01-31;9;221.8;null;null;303.3;4.7;10;13.1;1007.8;30.2;27.2;23.5;71.8;9.3;3.6;48.7;null;
1978-02-28;9;110.2;null;null;157.9;7;15;270.5;1006.9;29.3;26.4;23.5;80.2;6.9;2.5;42.3;null;
1978-03-31;9;112.8;null;null;191.8;7;22;270.8;1007.3;28.7;26;22.5;79.9;12.3;2.6;43.5;null;
1978-04-30;9;113.1;null;null;212.6;5.9;19;317.9;1006.4;28.9;26.4;23.1;79.5;12.3;3.2;44;null;
1978-05-31;9;84.6;null;null;204.9;5.9;20;217.7;1007;28.3;25.8;22.5;81.9;12.3;2.1;44.5;null;
1978-06-30;14;110.6;null;null;171.9;5.7;22;321.3;1010.1;27.2;25;21.9;78.8;12.3;3.1;43.3;null;
1978-07-31;14;94.5;null;null;156;6.6;29;322;1009.3;26.9;24.4;21.5;83.5;12.3;2.9;44.2;null;
1978-08-31;14;134.8;null;null;201.9;5.7;16;165.1;1011.3;26.7;24.3;21.3;77.3;12.3;3.5;45.8;null;
1978-09-30;9;150.4;null;null;173.5;6.2;23;236.5;1010.6;26.9;24.5;21.9;78.1;9.3;3.9;44.9;null;
1978-10-31;5;180.6;null;null;267.1;4.6;10;14;1008.6;28.3;25.7;22.8;75.3;12.3;4.1;51.2;null;
1978-11-30;5;196.7;null;null;280.5;4.8;19;58.6;1007.8;28.8;26.1;23.3;74.4;12.3;3.8;49.6;null;
1978-12-31;5;180.4;null;null;255.7;5.8;null;112.8;1007.2;29.1;26.2;22.6;75.4;12.3;3.4;50.2;null;
1979-01-31;9;160;null;null;247;5.2;null;33.9;999;29.4;26.7;23.8;76;9.3;3.3;null;null;
1979-02-28;null;136.7;null;null;208.1;null;16;86.7;1000.2;29.6;null;23.2;null;6.7;null;null;null;
1979-03-31;9;137.9;null;null;237.4;5.8;18;308.2;999.6;29.4;26.7;23.2;76.6;6.7;2.4;null;null;
1979-04-30;null;124.9;null;null;215.7;null;21;224.1;1000.2;29.2;null;23;null;9.3;null;null;null;
1979-05-31;null;96.3;null;null;159.8;null;24;232.2;1001.8;28.1;null;22.8;null;6.7;null;null;null;
1979-06-30;null;null;null;null;149.1;null;21;128.9;1004.2;27;24.8;23;82.3;9.3;null;null;null;
1979-07-31;14;98.8;null;null;155.5;6.2;23;187.4;1011.7;26.4;23.8;20.9;80.7;9;3.5;64.5;null;
1979-08-31;14;136.8;null;null;195.3;5.8;21;85.8;1009.6;26.9;24.4;21.3;75.4;9;4.3;64.8;null;
1979-09-30;14;null;null;null;214.2;5.5;20;61.9;1009.7;27.5;null;22.7;null;9;null;36.4;null;
1979-10-31;9;171.7;null;null;284.6;3.8;19;34.8;1008.9;28.9;null;23.2;null;9;null;37.3;null;
1979-11-30;9;null;null;null;261.2;4.4;13;61;1006.3;29.3;26.2;22.9;77.1;9;null;41.4;null;
1979-12-31;9;226.2;null;null;298;4;null;3.6;null;30.2;null;23.8;null;null;null;17.5;null;
1980-01-31;9;200.2;null;null;231.6;5.7;14;28.2;1006.6;30.3;27.5;24.8;74.5;9;5.6;70;null;
1980-02-29;9;null;null;null;139.3;8;19;322.4;1005.7;29.3;26.4;23.6;79.6;9;4.4;65.3;null;
1980-03-31;14;null;null;null;212.4;6;21;363.9;1007.1;28.8;26.4;23.4;76.2;9;4;63.2;null;
1980-04-30;14;106.7;null;null;177.8;6.1;23;149.6;1007.2;28.5;25.9;22.7;79;9;4.1;63.2;null;
1980-05-31;14;122.7;null;null;206.2;5.3;24;190.8;1009;28.2;25.8;22.7;77.3;9;3.9;71;null;
1980-06-30;14;85.5;null;null;158.8;6.3;21;366.6;1010.3;27.3;24.9;22.1;81.1;9;3.7;64.4;null;
1980-07-31;14;120.1;null;null;229;4.6;19;86.7;1010.9;27.1;24.6;21.5;74.2;9;3.5;68.8;null;
1980-08-31;14;149.4;null;null;210;5.1;19;116;1011.2;27;24.4;21.1;74;9;4;74.7;null;
1980-09-30;14;150.7;null;null;236.4;4.1;14;107.5;1009.7;27.9;25.2;21.9;75.6;9;3.9;74.5;null;
1980-10-31;9;147.1;null;null;237.4;5;19;121.2;1009.3;28.2;25.7;22.7;74.7;9;4.6;68.1;null;
1980-11-30;5;166.7;null;null;250.8;4.9;19;79.9;1006.9;28.9;26.2;22.9;75.6;9;4.7;74.2;null;
1980-12-31;5;157.3;null;null;268.5;5;17;91.7;1006.3;29.2;26.3;22.7;76;9;4.9;73.3;null;
1981-01-31;9;null;null;null;202.7;5.8;16;173;null;29.3;null;23.3;null;null;null;8.2;null;
1981-02-28;null;null;null;null;null;null;null;null;null;null;null;null;null;null;null;null;null;
1981-03-31;9;null;null;null;180.7;6.3;18;99.5;null;29.2;null;23.3;null;null;null;8.3;null;
1981-04-30;14;null;null;null;260.3;4.5;21;106.8;null;29.2;null;22.9;null;null;null;8.7;null;
1981-05-31;14;null;null;null;146.9;6.4;22;63.1;null;28.2;null;22.4;null;null;null;8.3;null;
1981-06-30;14;null;null;null;183;5.3;21;152.8;null;27.4;null;22.3;null;null;null;8.3;null;
1981-07-31;14;null;null;null;195.9;4.7;24;110.6;null;26.6;null;21.1;null;null;null;8.4;null;
1981-08-31;14;null;null;null;181;5.3;22;69.7;null;26.6;null;21.1;null;null;null;8;null;
1981-09-30;14;null;null;null;225.8;4.9;18;34.6;null;27.4;null;22.2;null;null;null;8.4;null;
1981-10-31;9;null;null;null;285;3.9;10;11;null;28.8;null;23.3;null;null;null;8.7;null;
1981-11-30;9;null;null;null;288.3;4.6;13;67.5;null;29;null;24;null;null;null;8.7;null;
1981-12-31;9;null;null;null;212;6.2;23;162.2;null;28.9;null;23.8;null;null;null;8.2;null;
1982-01-31;9;null;null;null;281.5;4.4;10;41.6;null;29.4;null;23.6;null;null;null;8.4;null;
1982-02-28;14;null;null;null;198.6;6.6;21;141;null;29.2;null;23.5;null;null;null;8.2;null;
1982-03-31;9;null;null;null;286.1;3.8;8;113.6;null;29.7;null;23.4;null;null;null;8.6;null;
1982-04-30;14;null;null;null;181.8;6.3;25;317;null;28.8;null;23.1;null;null;null;8;null;
1982-05-31;14;null;null;null;163.1;6.4;26;424.1;null;28.1;null;22.7;null;null;null;7.8;null;
1982-06-30;null;null;null;null;null;null;null;null;null;null;null;null;null;null;null;null;null;
1982-07-31;14;null;null;null;197.9;5.7;25;136.6;null;27.1;null;21.6;null;null;null;8.1;null;
1982-08-31;14;null;null;null;222.5;5.4;23;143.5;null;27;null;21.5;null;null;null;8.1;null;
1982-09-30;14;null;null;null;216;5;16;102.2;null;27.6;null;22.1;null;null;null;8.2;null;
1982-10-31;9;null;null;null;301;3;8;17.6;null;28.6;null;22.7;null;null;null;8.6;null;
1982-11-30;9;null;null;null;294.5;3.4;8;9.7;null;29.2;null;23.4;null;null;null;8.7;null;
1982-12-31;9;null;null;null;295.4;4.2;16;33.9;null;29.4;null;23.6;null;null;null;8.4;null;
1983-01-31;5;null;null;null;271.3;4.6;11;40.1;null;30.1;null;24.3;null;null;null;8.3;null;
1983-02-28;9;null;null;null;194.7;6;20;177.9;null;29.5;null;24.2;null;null;null;8.2;null;
1983-03-31;9;null;null;null;206.5;5.7;23;288.2;null;29.8;null;24.2;null;null;null;7.8;null;
1983-04-30;14;null;null;null;244.6;4.2;20;129.5;null;29.7;null;23.9;null;null;null;8.6;null;
1983-05-31;14;null;null;null;227.9;5.1;24;147.8;null;28.9;null;22.7;null;null;null;8.3;null;
1983-06-30;14;null;null;null;203.5;5;22;171.5;null;28;null;22.2;null;null;null;8.2;null;
1983-07-31;9;null;null;null;218.8;4.4;19;191.1;null;27.4;null;20.9;null;null;null;8.1;null;
1983-08-31;14;null;null;null;228.8;5;21;106.2;null;27.4;null;21.6;null;null;null;8.3;null;
1983-09-30;9;null;null;null;243.6;3.6;13;28.5;null;28.5;null;22.7;null;null;null;8.3;null;
1983-10-31;9;null;null;null;256.8;4.7;21;186.1;null;28.3;null;22.5;null;null;null;8;null;
1983-11-30;5;null;null;null;290.9;2.9;10;84.8;null;28.9;null;21.8;null;null;null;8.6;null;
1983-12-31;5;null;null;null;288.4;4.2;10;45.1;null;29.5;null;23.1;null;null;null;8.5;null;
1984-01-31;9;null;null;null;310.9;3.3;14;60.1;null;30.1;null;23.5;null;null;null;8.6;null;
1984-02-29;9;null;null;null;296.1;4.1;11;49.7;null;30.9;null;24.3;null;null;null;8.8;null;
1984-03-31;9;null;null;null;255.1;4.7;14;120;null;30.4;null;23.8;null;null;null;8.3;null;
1984-04-30;14;null;null;null;186.2;6.3;23;339.7;null;29.9;null;23.2;null;null;null;8;null;
1984-05-31;14;null;null;null;178.7;6.2;28;385;null;28.6;null;22.5;null;null;null;7.6;null;
1984-06-30;14;null;null;null;216;4.7;23;262.2;null;28;null;22;null;null;null;8.4;null;
1984-07-31;14;null;null;null;182.9;5.7;28;503.9;null;26.8;null;21.7;null;null;null;7.8;null;
1984-08-31;14;null;null;null;208.2;5.5;26;323.8;null;27.1;null;21.6;null;null;null;8;null;
1984-09-30;9;null;null;null;256;3.9;17;89.2;null;27.8;null;22;null;null;null;8.4;null;
1984-10-31;9;null;null;null;281.4;3.8;19;40.8;null;28.8;null;23.1;null;null;null;8.6;null;
1984-11-30;9;null;null;null;286;3.6;13;44.1;null;29.5;null;23.2;null;null;null;8.6;null;
1984-12-31;9;null;null;null;328.4;2.5;4;1.7;null;30.3;null;23.3;null;null;null;8.6;null;
1985-01-31;5;null;null;null;269.4;3.8;11;58.3;null;30.6;null;24;null;null;null;8.6;null;
1985-02-28;9;null;null;null;218;5;18;298.7;null;30;null;23.1;null;null;null;8.2;null;
1985-03-31;9;null;null;null;244.5;5.2;16;207.7;null;30;null;23.7;null;null;null;8.2;null;
1985-04-30;null;null;null;null;null;null;null;null;null;null;null;null;null;null;null;null;null;
1985-05-31;14;null;null;null;241.4;4.3;24;299.4;null;29;null;22.5;null;null;null;8.5;null;
1985-06-30;14;null;null;null;170.7;6;24;334.1;null;27.8;null;22.2;null;null;null;7.9;null;
1985-07-31;14;null;null;null;164.1;6.2;27;469.6;null;27.2;null;21.7;null;null;null;7.6;null;
1985-08-31;14;null;null;null;222;4.9;24;236.2;null;27.1;null;21.6;null;null;null;8.3;null;
1985-09-30;14;null;null;null;245.8;4.4;16;58.4;null;28;null;22.1;null;null;null;8.7;null;
1985-10-31;5;null;null;null;308.7;2.9;10;7.9;null;29.1;null;22.3;null;null;null;8.8;null;
1985-11-30;9;null;null;null;300.8;3.3;9;15.8;null;29.7;null;23.3;null;null;null;8.7;null;
1985-12-31;9;null;null;null;228.8;5.4;9;25;null;29.8;null;23.5;null;null;null;8.5;null;
1986-01-31;9;190.1;null;null;288.1;3.7;17;44;1006.5;30.3;27.3;23.9;73.3;9;4.5;80.7;null;
1986-02-28;9;144.2;null;null;246.8;4.1;16;94.1;1005.7;30.2;27.2;23.6;75.2;9;3.7;79.4;null;
1986-03-31;9;89.4;null;null;197.2;6;30;300.9;1005.8;29.3;26.5;23;80.4;9;2.5;71.7;null;
1986-04-30;14;111.7;null;null;183.7;6;24;467.1;1005.6;29;26.6;23.3;80.6;9;2.7;71.6;null;
1986-05-31;14;103.3;null;null;183.9;5.5;26;361.5;1006.9;28.5;25.9;22.8;81.7;9;2.5;71.3;null;
1986-06-30;14;null;null;null;158.1;5.9;26;166.9;null;27.4;null;22.2;null;null;null;8.1;null;
1986-07-31;14;96.7;null;null;167.9;6.5;23;376.7;1011.2;26.8;24.2;21.3;81.9;9;2.8;68.3;null;
1986-08-31;9;126;null;null;206.5;4.7;20;188.6;1009.5;27.2;24.7;21.5;79.8;9;3.5;72.1;null;
1986-09-30;14;null;null;null;194.3;5.4;20;154.9;null;27.5;null;22.1;null;null;null;8.3;null;
1986-10-31;9;155.3;null;null;265.9;3.7;20;81.2;1008.2;28.5;25.7;22.3;76.2;9;3.8;78.6;null;
1986-11-30;9;null;null;null;231.9;4.7;18;308.7;null;28.7;null;23.3;null;null;null;8.3;null;
1986-12-31;9;160.1;null;null;226.9;5;20;192.5;1007.1;28.8;26.4;23.1;78.3;9;3.6;76.4;null;
1987-01-31;9;178.9;null;null;281.9;4.2;null;94.8;1007;29.4;26.9;23.8;77;9;4.3;79.3;null;
1987-02-28;9;149.2;null;null;241.8;4.7;16;79.6;1007.2;29.7;27.1;24.2;76.7;9;4.4;82.3;null;
1987-03-31;9;129.2;null;null;228.7;5.6;23;525.5;1005.3;29.7;27.1;23.9;79.3;7;3.3;78.5;null;
1987-04-30;9;106.9;null;null;209.6;5.5;25;227.6;1006.6;29.2;26.8;23.8;82.3;9;4;71.2;null;
1987-05-31;9;119.3;null;null;267.4;3.5;16;91.3;1006.6;29.5;26.8;23.2;78;9;3.6;78.6;null;
1987-06-30;14;96.3;null;null;194;5.3;25;263.7;1009.2;28.3;25.7;22.7;80.6;9;3.8;72.1;null;
1987-07-31;14;96.8;null;null;177.8;4.9;20;199.4;1008.9;27.7;25.1;21.8;79.6;9;4.2;63.2;null;
1987-08-31;14;148.3;null;null;251.4;4.3;17;77.8;1009.2;28;25.4;22.1;77.5;9;4.4;77.3;null;
1987-09-30;9;186.5;null;null;267.4;3.6;null;36.2;1010.1;28.8;26.1;22.9;null;9;5.5;79.4;null;
1987-10-31;9;200.6;null;null;298;3.9;null;21.9;1007.9;29.5;26.5;22.7;null;9;5.3;81.9;null;
1987-11-30;5;221.9;null;null;304;3.2;6;3.9;1007.4;30.2;27.3;24;null;9;6.3;75.1;null;
1987-12-31;9;260.5;null;null;305.2;3.9;9;8.6;1007.3;30.4;27.7;25.1;null;9;6.1;75.2;null;
1988-01-31;9;225.9;null;null;303.3;4.5;9;19.6;1006.8;30.7;27.7;24.7;null;9;4.7;76.8;null;
1988-02-29;9;214.5;null;null;275;4.4;null;64.2;1005.3;30.6;28;24.8;null;9;5.3;76.5;null;
1988-03-31;9;170.6;null;null;272.9;5.2;null;98.9;1006.1;30.7;27.9;24.3;null;9;3.6;76.1;null;
1988-04-30;9;105.2;null;null;178.7;6;27;369.4;1006.1;29.3;26.8;23.5;null;9;2.8;71.2;null;
1988-05-31;14;133.8;null;null;236.2;4.9;16;333.4;1007.6;28.8;26.4;22.7;null;9;3;71.8;null;
1988-06-30;14;150.5;null;null;210.6;5.2;19;181;1009.2;27.9;25.5;22.5;null;9;4.4;69.1;null;
1988-07-31;18;null;null;null;158.1;7.1;28;650.9;null;26.7;null;21.3;null;null;null;7.4;null;
1988-08-31;14;122.5;null;null;203.4;6.1;24;136.8;1010.2;26.3;24;21.1;null;9;4.6;71.5;null;
1988-09-30;14;173.3;null;null;240.7;4.6;18;53;1010.2;27.5;25.2;22.4;null;9;5;74.8;null;
1988-10-31;9;195.5;null;null;273.3;4.1;null;42.6;1007.7;28.7;26.3;23.5;null;9;5.4;80.8;null;
1988-11-30;9;202.6;null;null;292.7;4.3;16;39.4;1007.6;29.4;26.7;23.9;null;9;5.8;81.2;null;
1988-12-31;9;157.5;null;null;268.7;4.8;null;159.7;1005.8;29.2;26.5;23;null;9;4.2;78.7;null;
1989-01-31;9;159.9;null;null;262.2;4.5;16;107.9;1006.2;29.3;26.5;22.6;null;9;4;79.7;null;
1989-02-28;9;180;null;null;280.9;3.7;null;17.8;1006.5;30.3;27.4;23.2;null;9;5.3;82;null;
1989-03-31;9;180.2;null;null;293.6;4;null;142;1005.4;30.6;27.5;23.2;null;9;4.2;81.5;null;
1989-04-30;14;null;null;null;149.4;7.1;26;499.1;null;29;null;23.1;null;null;null;7.9;null;
1989-05-31;14;null;null;null;190.6;6.8;26;501.6;null;28.4;null;22.8;null;null;null;8.1;null;
1989-06-30;14;null;null;null;176.7;6;25;325;null;27.7;null;22.3;null;null;null;8.1;null;
1989-07-31;14;null;null;null;169.6;6.5;26;610.3;null;27;null;21.5;null;null;null;8;null;
1989-08-31;14;null;null;null;229.5;5.3;20;204.7;null;27.4;null;21.7;null;null;null;8.5;null;
1989-09-30;9;null;null;null;266.9;5.4;11;50.9;null;28.4;null;22.6;null;null;null;8.8;null;
1989-10-31;9;null;null;null;290.2;4.5;12;114.9;null;29.1;null;23;null;null;null;8.7;null;
1989-11-30;9;null;null;null;262;5.5;16;64.2;null;29.4;null;23.5;null;null;null;8.3;null;
1989-12-31;5;null;null;null;180;6.8;17;122.1;null;29.7;null;24;null;null;null;8.7;null;
1990-01-31;9;null;null;null;282;4.5;14;56.2;null;29.9;null;23.7;null;null;null;8.8;null;
1990-02-28;5;null;null;null;225.5;6.2;14;21.1;null;30.5;null;23.3;null;null;null;8.7;null;
1990-03-31;9;null;null;null;283.7;4.2;13;43.4;null;30.9;null;24.2;null;null;null;8.7;null;
1990-04-30;9;null;null;null;192;6.1;25;173.5;null;30.5;null;23.8;null;null;null;8.3;null;
1990-05-31;14;null;null;null;242.6;4.5;19;266.2;null;29.2;null;22.7;null;null;null;8.2;null;
1990-06-30;14;null;null;null;202.4;5.3;23;197.7;null;28;null;22.3;null;null;null;8.3;null;
1990-07-31;14;null;null;null;154;7;26;521;null;27.3;null;21.7;null;null;null;7.9;null;
1990-08-31;14;null;null;null;187;5.5;23;169;null;27.4;null;21.9;null;null;null;8.3;null;
1990-09-30;9;null;null;null;249.4;5.7;15;128;null;28.3;null;22;null;null;null;8.6;null;
1990-10-31;9;null;null;null;270.2;4.9;19;63.5;null;28.8;null;23;null;null;null;8.5;null;
1990-11-30;9;null;null;null;280.8;5.2;18;43.2;null;29.8;null;23.7;null;null;null;8.8;null;
1990-12-31;9;null;null;null;295.3;5.6;12;51.6;null;30.2;null;22.9;null;null;null;8.9;null;
1991-01-31;9;null;null;null;285.4;5.5;9;13.4;null;30.9;null;24.3;null;null;null;8.5;null;
1991-02-28;9;null;null;null;241.8;5.2;9;40.6;null;31.2;null;24.5;null;null;null;8.8;null;
1991-03-31;9;null;null;null;245.2;5.5;16;90.2;null;30.5;null;23.9;null;null;null;8.5;null;
1991-04-30;9;null;null;null;261.3;3.9;16;120.9;null;30.5;null;23;null;null;null;8.8;null;
1991-05-31;14;null;null;null;113.1;6.9;28;630;null;28.4;null;23.3;null;null;null;7.4;null;
1991-06-30;14;null;null;null;191.1;5.9;28;187.3;null;28;null;22.5;null;null;null;8;null;
1991-07-31;14;null;null;null;138.3;6.9;29;211;null;27;null;21.4;null;null;null;7.9;null;
1991-08-31;14;null;null;null;158.4;6.1;20;221.6;null;26.8;null;21;null;null;null;8.1;null;
1991-09-30;9;null;null;null;197.9;5.7;16;58.9;null;27.5;null;22.1;null;null;null;8;null;
1991-10-31;9;null;null;null;228.4;4.8;14;55.4;null;28.5;null;22.5;null;null;null;8.6;null;
1991-11-30;5;null;null;null;265.5;4.3;10;61.6;null;29.1;null;22.7;null;null;null;8.2;null;
1991-12-31;5;null;null;null;315.4;3.3;4;1.1;null;30.2;null;23;null;null;null;8.7;null;
1992-01-31;5;null;null;null;224.8;5.3;19;127.8;null;30.4;null;23.8;null;null;null;8.1;null;
1992-02-29;null;null;null;null;null;null;null;null;null;null;null;null;null;null;null;null;null;
1992-03-31;null;null;null;null;null;null;null;null;null;null;null;null;null;null;null;null;null;
1992-04-30;null;null;null;null;null;null;null;null;null;null;null;null;null;null;null;null;null;
1992-05-31;9;null;null;null;248.7;4.7;18;157.9;null;29;null;22.3;null;null;null;8.6;null;
1992-06-30;14;null;null;null;151.5;6.1;27;581;null;27.4;null;21.6;null;null;null;7.7;null;
1992-07-31;14;null;null;null;null;6;27;190;null;26.9;null;21.1;null;null;null;8.1;null;
1992-08-31;14;null;null;null;183.8;5.2;22;123.3;null;27.1;null;21.5;null;null;null;8.1;null;
1992-09-30;9;null;null;null;194.9;5.6;18;145;null;27.6;null;22.1;null;null;null;7.9;null;
1992-10-31;9;null;null;null;277;3.7;8;22.6;null;28.8;null;22.2;null;null;null;8.6;null;
1992-11-30;9;null;null;null;244.9;4.7;13;27.7;null;29.2;null;22.9;null;null;null;8.5;null;
1992-12-31;9;null;null;null;271.1;4.8;4;13;null;29.9;null;23.8;null;null;null;8.5;null;
1993-01-31;9;195.6;null;null;273.8;4.9;null;9.3;1008;30.5;27.2;24.3;null;9;5.9;81.3;null;
1993-02-28;null;null;null;null;null;null;null;5.2;null;null;null;null;null;null;null;null;null;
1993-03-31;9;200.2;null;null;null;3.8;null;38.6;1007.7;31.2;27.8;24.6;null;12;5.5;77.2;null;
1993-04-30;9;167.9;null;null;null;4.7;null;102.2;1008.6;30.7;27.5;24.5;null;12;5.5;77.4;null;
1993-05-31;14;116.6;null;null;232;5.4;21;172.8;1007.7;28.9;26.3;23.3;null;9;4.6;73;null;
1993-06-30;14;116.1;null;null;219.1;5.1;23;120.8;1010.1;27.9;25.3;22;null;12;4.8;75.6;null;
1993-07-31;14;114.7;null;null;193;5.1;21;214.6;1010.7;27.3;24.7;21.4;null;9;4.5;76.3;null;
1993-08-31;14;127.8;null;null;246.6;4.6;null;97.8;1011.1;27.7;25;21.7;null;12;4.9;78.1;null;
1993-09-30;null;null;null;null;null;null;null;null;null;null;null;null;null;null;null;null;null;
1993-10-31;null;null;null;null;null;null;null;null;null;null;null;null;null;null;null;null;null;
1993-11-30;0;168.1;null;null;260;3.5;null;102.8;1006.7;29.9;26.9;24.1;null;12;4.3;26.2;null;
1993-12-31;null;null;null;null;null;null;null;0;null;null;null;null;null;null;null;null;null;
1994-01-31;null;null;null;null;null;null;null;null;null;null;null;null;null;null;null;null;null;
1994-02-28;9;149.6;null;null;203.8;3.7;17;115.5;1006.2;30.6;27.4;23.3;null;9;3.1;25.8;null;
1994-03-31;0;140.7;null;null;246.2;3.5;null;113.8;1006.3;30.9;27.7;23.5;null;9;3.3;26.4;null;
1994-04-30;0;116.9;null;null;211.6;3.4;20;186.8;1006.6;30.2;27.1;22.9;null;7;2.4;26;null;
1994-05-31;14;84.4;null;null;174.4;6.5;29;511.4;1008.1;28.5;25.6;22.4;null;9;4.1;67.8;null;
1994-06-30;14;83.6;null;null;182;6;25;349.5;1009.2;28.2;25.5;22.3;null;9;4.5;74.2;null;
1994-07-31;14;116.9;null;null;null;5.3;29;351.2;1010.8;27.7;25;21.7;null;12;6.1;70.8;null;
1994-08-31;14;120.7;null;null;null;5.3;18;108.2;1011.1;27.5;24.6;21.3;null;12;5.1;78.5;null;
1994-09-30;14;145.1;null;null;231.7;5.8;19;204;1010.8;27.7;25.1;22.3;null;12;5.9;73.5;null;
1994-10-31;null;null;null;null;null;null;null;.4;null;null;null;null;null;null;null;null;null;
1994-11-30;null;null;null;null;null;null;null;null;null;null;null;null;null;null;null;null;null;
1994-12-31;null;null;null;null;null;null;null;null;null;null;null;null;null;null;null;null;null;
1995-01-31;null;null;null;null;null;null;null;18;null;null;null;null;null;null;null;null;null;
1995-02-28;0;153.5;null;null;254.7;3.5;null;26.4;1007.1;31.2;27.6;23;null;9;2.9;27.8;null;
1995-03-31;9;187.2;null;null;286.2;3;null;62.8;1006.1;31.4;28;23.6;null;9;3.5;27.6;null;
1995-04-30;0;120.1;null;null;221.3;3.8;null;315;1005.5;30.2;27.1;22.8;null;9;2.4;25.7;null;
1995-05-31;0;98.8;null;null;225.6;3.8;null;287.1;1006.9;29.4;26.4;22.1;null;9;2.4;24.7;null;
1995-06-30;0;107.2;null;null;145.9;4.3;26;226.1;1009.1;27.6;25.1;21.5;null;10;3.7;22.7;null;
1995-07-31;14;135.4;null;null;183;4;30;278.4;1009.5;27.4;24.7;21;null;10;3.9;23.8;null;
1995-08-31;0;145.7;null;null;232.3;3.4;null;109.6;1010.4;27.5;24.7;20.7;null;10.8;4;24.5;null;
1995-09-30;9;151.6;null;null;230;3.5;null;40.9;1011.4;28.1;25.1;21.3;null;12;4;24.5;null;
1995-10-31;0;181.1;null;null;159.3;2.9;null;24.5;1008;29.6;26.1;21.9;null;9;4.3;26.6;null;
1995-11-30;0;144.1;null;null;195.6;4.2;null;107.5;1007.2;29.4;26.1;22.5;null;9;3.9;24.4;null;
1995-12-31;5;165.2;null;null;294.3;3.1;null;2.9;1006.7;30.3;26.9;22.6;null;9;4.2;27.4;null;
1996-01-31;null;null;null;null;null;null;null;0;null;null;null;null;null;null;null;null;null;
1996-02-29;0;164.5;null;null;290.7;2.8;14;23;1005.8;31.6;27.9;23.3;null;9;3.3;27.4;null;
1996-03-31;9;127.8;null;null;243.6;6;null;148.8;1005.7;30.8;27.5;23.2;null;12;3.6;72.7;null;
1996-04-30;14;73.3;null;null;157.5;7;28;520.7;1006.5;29.6;26.5;22.7;null;9;3.6;66.6;null;
1996-05-31;14;97.7;null;null;225.8;5.7;20;99.3;1008;29.3;26;21.8;null;12;4;75.1;null;
1996-06-30;14;109.3;null;null;180.8;6.4;23;254.7;1009.7;28;25.5;22.1;null;12;6.3;70.7;null;
1996-07-31;14;106.2;null;null;161.2;7.1;28;286.8;1011.1;27.2;24.6;21.9;null;12;6;64.9;null;
1996-08-31;14;107.3;null;null;189;6.5;null;187;1010.9;27.3;24.7;22.1;null;12;6.4;68.7;null;
1996-09-30;14;143.7;null;null;239.3;5.6;15;88;1010.2;28.1;25.5;23;null;12;6;77;null;
1996-10-31;9;171.8;null;null;290.5;4.7;null;92;1008.3;29.3;26.6;23.8;null;12;6.3;80.1;null;
1996-11-30;5;157.7;null;null;288.2;5.3;null;56.5;1006.1;29.7;27;23.8;null;12;6.2;77.4;null;
1996-12-31;0;164.7;null;null;330.8;2.6;null;20.3;1006.4;30.6;27.5;23.9;null;9;3.8;26.9;null;
1997-01-31;null;null;null;null;null;null;null;0;null;null;null;null;null;null;null;null;null;
1997-02-28;9;141.7;null;null;200.3;5.5;null;180.3;1007.3;29.8;27.1;24.1;null;12;6.1;66;null;
1997-03-31;9;133.5;null;null;203.6;6.7;24;254.9;1006.4;29.5;27;24;null;12;5.4;69;null;
1997-04-30;9;95.3;null;null;207.7;6.4;22;177.2;1007.5;29.3;26.6;23.2;null;9;4.1;70.3;null;
1997-05-31;14;111.2;null;null;173.5;6.8;28;352.6;1008.8;28.2;25.8;23.1;null;14;5.9;67.2;null;
1997-06-30;14;104.1;null;null;204.5;6;null;182;1009;27.7;24.9;21.5;null;12;3.9;72.8;null;
1997-07-31;14;114.6;null;null;182.9;6.3;null;207.6;1011.8;27;24.3;21.3;null;14;5.1;68.6;null;
1997-08-31;14;122.6;null;null;190.5;6.3;null;115.3;1012.4;27.1;24.4;21.5;null;12;4.9;71.1;null;
1997-09-30;9;140.1;null;null;285.8;3.8;null;3.3;1009.3;28.5;25.5;21.8;null;12;5.4;81.2;null;
1997-10-31;5;181.3;null;null;305.7;3.7;null;6;1007.8;29.8;26.7;23;null;12;7.2;74.3;null;
1997-11-30;5;189.8;null;null;309.4;2.9;null;16.1;1007.3;30.3;null;23.3;null;12;4;27.1;null;
1997-12-31;0;160.8;null;null;293.7;3.1;null;75.6;1007;30.6;null;23.7;null;9;3.1;25.5;null;
1998-01-31;null;null;null;null;null;null;null;.2;null;null;null;null;null;null;null;null;null;
1998-02-28;9;173.4;null;null;249.1;3.1;null;17;1007.4;31.8;28.4;25.8;null;9;4;26.1;null;
1998-03-31;9;186.6;null;null;296.7;5.3;null;64.4;1006.3;32.2;29;25.7;null;12;5.1;76.9;null;
1998-04-30;9;170.7;null;null;275.5;5;18;76;1006.8;31.6;28.6;25.4;null;12;4.8;78.1;null;
1998-05-31;14;153.4;null;null;220;5.7;null;96.3;1008.7;30.2;27.2;23.7;null;12;5.5;74.6;null;
1998-06-30;14;134.6;null;null;219.5;6;null;108.1;1010.8;28.9;26;23;null;12;5.2;76.5;null;
1998-07-31;14;101.6;null;null;211;5.8;27;272.8;1010.6;28.2;25.4;22.4;null;12;5;68.6;null;
1998-08-31;14;130;null;null;216.9;6.2;25;178.8;1010.4;28;25.2;22.4;null;12;5.6;69.7;null;
1998-09-30;9;173.4;null;null;279.1;5.4;null;28.3;1010.3;29.1;26.1;23.3;null;9;5.9;76.1;null;
1998-10-31;9;195.7;null;null;295.9;4.3;null;32.2;1009.4;29.7;26.7;23.5;null;12;6.5;76.3;null;
1998-11-30;5;211.5;null;null;281.7;4.8;null;3.5;1006.5;30.3;27.4;24.2;null;9;7.5;76.3;null;
1998-12-31;5;226;null;null;313.5;5.1;null;5.8;1007;30.8;27.7;24.7;null;12;7.4;80.1;null;
1999-01-31;null;null;null;null;null;null;null;0;null;null;null;null;null;null;null;null;null;
1999-02-28;9;177.3;null;null;242.7;6;null;201.9;1007;30.6;27.5;24.4;null;12;5.2;76.8;null;
1999-03-31;9;183;null;null;294.4;5.1;15;141;1006;30.4;27.4;24.3;null;12;5.2;79.6;null;
1999-04-30;14;163.8;null;null;260;5.1;null;31.1;1007.9;30.5;27.6;24.5;null;9;4;80.5;null;
1999-05-31;14;128.8;null;null;239.2;6;21;128.9;1008.5;29.4;26.4;23.2;null;12;4.3;77.6;null;
1999-06-30;14;120.3;null;null;235.6;5.1;null;168.9;1009.5;28.5;25.5;22.2;null;12;4.2;75.7;null;
1999-07-31;14;156.1;null;null;212.6;6.1;null;230.2;1011.5;27.6;24.8;21.9;null;12;5.6;72.9;null;
1999-08-31;14;149.2;null;null;228.4;6.2;null;91.1;1011.9;27.4;24.5;21.4;null;14;5.6;72.5;null;
1999-09-30;9;154.7;null;null;216.5;5.9;null;65.9;1010.2;27.9;25.2;22.6;null;12;5.8;73.1;null;
1999-10-31;9;170.6;null;null;278.9;5.4;null;68.2;1009.3;28.8;25.8;22.9;null;12;5.8;79.3;null;
1999-11-30;5;187.5;null;null;300.5;4.5;11;11.2;1007.4;30.1;26.9;23.5;null;9;6.2;80.4;null;
1999-12-31;9;179.3;null;null;265.1;6.2;null;45.8;1006.8;30.5;27.2;24.2;null;12;6;79.4;null;
2000-01-31;null;null;null;null;null;null;1;null;null;null;null;null;null;null;null;null;null;
2000-02-29;9;102.4;null;null;233;6;14;185.7;1006.9;29.7;26.8;23.3;null;9;3.5;76.5;null;
2000-03-31;9;137.5;null;null;264.6;5.5;17;149.4;1006;30.2;27.2;23.9;null;9;4.4;75.6;null;
2000-04-30;14;93.7;null;null;219.2;6.2;22;356.5;1007;29.4;26.6;23.7;null;12;3.6;72.5;null;
2000-05-31;14;109;null;null;235.6;6;18;159.6;1008.5;29.2;26.2;22.9;null;9;4.2;67;null;
2000-06-30;14;103.9;null;null;150.4;6.6;26;324.9;1010.9;28;25.5;23;null;9;4.9;20.8;null;
2000-07-31;14;101.7;null;null;171.3;7.1;26;344.3;1010.9;27.2;24.5;22;null;9;4.9;23.5;null;
2000-08-31;14;104.9;null;null;215.3;6.1;23;381.7;1012.1;27.4;24.7;22;null;9;4.4;25.1;null;
2000-09-30;14;115.5;null;null;201.3;6.1;23;420.1;1011.1;28;25.2;22.7;null;9;5.4;27.1;null;
2000-10-31;9;153.7;null;null;269.3;5.5;13;27.4;1011.1;29.2;26.2;23.6;null;9;6.4;28.8;null;
2000-11-30;9;134.6;null;null;273.1;5.6;12;10.5;1008;30.1;26.7;23.3;null;9;5.7;29.5;null;
2000-12-31;5;116;null;null;264.7;5.4;11;79.1;1008.8;29.6;26.3;22.6;null;9;4.5;29.4;null;
2001-01-31;null;null;null;null;null;null;null;null;null;null;null;null;null;null;null;null;null;
2001-02-28;9;149.1;null;null;245.2;5.9;9;24.2;1008;31;27.7;24.5;null;9;4.2;29.6;null;
2001-03-31;9;138.6;null;null;254.9;6.2;12;156.4;1008.5;31;27.5;24;null;12;3.9;28.9;null;
2001-04-30;14;128.5;null;null;205.2;6.3;22;108.3;1009.1;30.2;27;23.5;null;9;4.5;27.6;null;
2001-05-31;9;125.2;null;null;287.6;4.3;10;22.9;1009.4;30;26.7;22.6;null;7;3.6;29;null;
2001-06-30;14;90.4;null;null;178;7;27;487.2;1011.4;28.1;25;22.2;null;12;4.7;24.6;null;
2001-07-31;14;93.3;null;null;191.5;6.8;28;274.4;1012.1;27.8;24.7;21.9;null;12;4.5;26.6;null;
2001-08-31;14;127.3;null;null;218.3;5.7;25;206.3;1014.3;27.3;24.4;21.7;null;12;5.2;27.7;null;
2001-09-30;9;133.9;null;null;257.2;5.8;16;64.9;1011.3;28.2;25.3;22.3;null;9;4.7;29.3;null;
2001-10-31;9;143.6;null;null;250;6.1;14;132.9;1010.3;29.1;26;23.2;null;9;5.2;29;null;
2001-11-30;5;172.8;null;null;299.7;4.8;16;19.1;1008.9;29.8;26.8;23.8;null;9;5.8;30;null;
2001-12-31;9;172.2;null;null;266.5;5.8;19;46.2;1008.2;30.3;27.3;24.9;null;9;5.6;29.5;null;
2002-01-31;null;null;null;null;null;null;0;0;null;null;null;null;null;null;null;null;null;
2002-02-28;9;136.1;null;null;null;6.1;14;130.6;1008.9;29.9;26.9;23.8;null;9;4.8;30;null;
2002-03-31;9;126.6;null;null;240.7;6.3;19;376.6;1008.6;29.5;26.8;23.6;null;9;4.5;27.4;null;
2002-04-30;14;114;null;null;200.1;6.9;17;133.4;1008.1;29.4;26.7;23.5;null;9;3.5;28;null;
2002-05-31;9;94.9;null;null;178.8;6.9;25;226.9;1009.2;28.8;26;23;86.4;12;4;28.1;null;
2002-06-30;14;89.7;null;null;152.4;7.1;30;489;1011.5;27.6;24.9;22.3;86.6;12;4.8;24.9;null;
2002-07-31;14;104.2;null;null;201;6.1;23;156.2;1012.3;27.7;24.8;22.1;83.6;9;4.3;28.8;null;
2002-08-31;14;127.7;null;null;194.1;6.3;25;122.3;1012.5;27.5;24.7;21.8;79.9;12;5.6;28.4;null;
2002-09-30;9;141.4;null;null;275;4.8;13;62.6;1011.3;28.6;25.4;21.9;76.9;9;5.5;30;null;
2002-10-31;9;198.9;null;null;277.1;5.8;15;20.4;1010.2;29.4;26.3;23.8;79.4;9;6.4;29.5;null;
2002-11-30;9;null;null;null;null;5.9;12;null;1009.6;30;26.9;24.3;78.2;9;6.2;30;null;
2002-12-31;9;180.7;null;null;314.2;5.5;10;6.1;1008.7;30.7;27.5;24.5;79.3;9;6.1;28.7;null;
2003-01-31;null;null;149.8;149.8;null;null;null;null;null;null;null;null;null;null;null;null;null;
2003-02-28;9;163.3;135.5;135.5;212.4;6.5;18;80.9;1008.3;30.9;27.6;24.7;79;9;4.2;29.7;null;
2003-03-31;9;150.7;147.2;147.2;254.7;6.9;21;182;1007.8;30.7;27.5;24.3;82.3;9;3.5;29.9;null;
2003-04-30;14;143;139.2;139.2;265.4;5.5;17;75.5;1008.3;30.4;27.4;23.6;80.3;12;3.9;28.8;null;
2003-05-31;14;111.9;138.1;138.1;245.8;5.8;20;121.2;1009.3;29.6;26.6;23;83.6;12;3.6;29.5;null;
2003-06-30;14;113.9;128.4;128.4;190.6;6.8;23;272.8;1010.3;28.1;25.2;21.9;84.3;12;4.8;26.6;null;
2003-07-31;14;138.7;132.3;132.3;207.1;6.6;26;113.1;1012.4;27.7;24.8;21.8;83.9;12;5.8;27.8;null;
2003-08-31;14;132.3;134.7;134.7;241.7;6.1;21;127.3;1012.4;27.8;24.9;22;81.4;9;4.7;29.8;null;
2003-09-30;14;146.7;133.5;133.5;251.9;5.7;19;147.2;1011.8;28.4;25.5;22.7;79.6;12;5.9;29.7;null;
2003-10-31;9;189.9;143.4;143.4;277.8;5.6;21;74.2;1010.1;29.6;26.3;23.5;76.8;9;5.8;30;null;
2003-11-30;9;198.8;143.1;36.6;301.1;5;16;15.6;1008.3;30.5;27.2;24;77.3;9;5.7;29.9;null;
2003-12-31;9;217.1;150.1;150.1;302.3;5.2;13;15.5;1008.6;31.1;27.6;24.4;76.5;9;6.5;30;null;
2004-01-31;null;null;null;null;null;null;null;null;null;null;null;null;null;null;null;null;null;
2004-02-29;9;133.1;138.6;138.6;223;6.2;13;142.7;1008.5;30.5;27.2;24;82;9;4.3;29.5;null;
2004-03-31;9;166.6;145.2;145.2;277.5;5.9;21;88.7;1008.2;30.7;27.4;24.1;80.2;9;4.8;28.5;null;
2004-04-30;9;131.7;136.2;136.2;227.6;6.5;23;215.6;1008.9;30.1;27;23.8;82.1;9;4.4;30.2;null;
2004-05-31;14;125.8;136;136;220.4;5.6;23;127.6;1010.3;29.5;26.4;23.4;83.1;9;4.2;30;null;
2004-06-30;14;107.4;127.8;127.8;139.1;7.5;27;641.1;1012.6;27.6;24.9;22.4;85;12;5.8;23.7;null;
2004-07-31;14;103.3;131;131;131.8;7.4;30;202.6;1011.8;27.2;24.2;21.4;83.4;12;4.8;27.2;null;
2004-08-31;14;110;134.8;134.8;223.9;5.9;23;247.7;1013.6;27.5;24.5;21.4;84.2;12;4.7;26.9;null;
2004-09-30;14;145.5;129.3;129.3;226.7;6.5;20;127.5;1012.3;28.1;25.3;22.4;79.4;9;6;28.8;null;
2004-10-31;9;193.7;144.4;127.6;283.3;5.5;10;30.9;1010.2;29.3;26.2;23.2;78.8;9;5.9;29.5;null;
2004-11-30;9;212.4;144.5;20.7;316.2;4.6;12;20.7;1009;30.2;26.9;24;76.9;9;6.4;30;null;
2004-12-31;9;228.9;null;null;324.1;4.6;6;5.7;1008.7;30.8;27.3;24;76.3;9;6;30;null;
2005-01-31;9;208.1;null;null;314.8;4.8;6;9.3;1007.6;31.2;27.8;24.7;79;9;5.5;28.5;null;
2005-02-28;9;156.5;null;null;231.1;6.1;16;69.2;1007.5;31;27.9;24.8;83.1;9;5.4;29.5;null;
2005-03-31;null;null;null;null;null;null;null;null;null;null;null;null;null;null;null;null;null;
2005-04-30;9;160.8;null;null;263.4;5.7;20;87.6;1009.1;30.8;27.7;24.5;81.2;9;4.7;29.8;null;
2005-05-31;14;90.6;null;null;142.5;6.9;24;287.6;1010.1;29;26;23.1;90.4;9;3.9;24.5;null;
2005-06-30;14;111.4;null;null;141.6;7.6;28;465.4;1011.5;27.9;25.4;22.9;91.5;12;5.7;25;null;
2005-07-31;14;158.4;null;null;null;6;23;141.3;1013.7;27.5;24.9;22.4;89.9;12;5.9;27.1;null;
2005-08-31;14;146.3;null;null;195.8;7;23;202.1;1011.7;27.2;24.4;21.5;84.3;12;4.5;33;null;
2005-09-30;14;163.1;null;null;234.4;5.4;20;59;1011.4;28.2;25.4;22.1;79.6;12;4.8;36;null;
2005-10-31;9;199.8;null;null;310.7;4.8;6;19.3;1010.2;29.5;26.2;23.1;77.1;9;5.7;36.7;null;
2005-11-30;9;213.6;null;null;308.6;5.4;6;9.3;1007.9;30.5;27;23.7;76.7;12;6.8;36.7;null;
2005-12-31;9;188.4;null;null;297.6;5.6;13;33.2;1007;30.5;26.9;23.4;78.3;12;5.9;36.7;null;
2006-01-31;9;207.9;null;null;304.1;5.6;14;53.7;1007.3;30.4;27.1;23.9;75;9;4.4;36.7;null;
2006-02-28;5;161.9;null;null;261.8;5.3;5;42.6;1007;31.4;27.6;23.6;77.2;9;5.9;36.7;null;
2006-03-31;9;141.1;null;null;280.5;5.3;12;178.7;1007.4;30.7;27.4;23.4;81.9;12;4.6;35.3;null;
2006-04-30;9;104.1;null;null;230.2;6.2;20;191.4;1006.9;30;26.9;22.8;83.7;9;3.3;34.2;null;
2006-05-31;14;89.5;null;null;180.7;7.2;27;260.2;1009.3;28.7;25.6;22;86;9;3.2;32.6;null;
2006-06-30;14;117.9;127;127;156;7;24;170.3;1010.9;27.7;24.8;21.5;85.1;12;5.1;34.4;null;
2006-07-31;14;109.2;130.1;130.1;199.4;6.3;27;222.1;1012;27.1;24.2;20.7;83.6;12;4.4;35.7;null;
2006-08-31;14;143;133.6;133.6;223.4;6.3;21;82.6;1011.8;27.7;24.6;21.1;80;9;4.8;36;null;
2006-09-30;9;160.1;135.1;107.2;285.2;5;16;58.4;1011.5;28.8;25.6;22.8;78.1;12;5.3;36.7;null;
2006-10-31;9;179;145;32.9;301.2;4.9;9;32.9;1009.3;29.8;26.4;22.9;78;9;6;36;null;
2006-11-30;5;159;143.2;106.4;310.9;4.7;11;106.4;1007.8;30;26.6;23.1;79.9;12;6.4;36.3;null;
2006-12-31;9;177.1;151.4;25.6;321.2;5.3;11;25.6;1009.8;30.6;27.2;23.6;79.5;9;5.7;32;null;
2007-01-31;9;159;150.8;150.8;287.4;5.8;11;178.7;1008.4;30.4;27.2;23.9;79.8;9;5.3;37.1;null;
2007-02-28;9;139;134.4;134.4;226.6;6;15;135.6;1007.8;30.8;27.4;23.9;80.2;9;4.7;35.1;null;
2007-03-31;14;134.9;143.8;143.8;235.1;6.1;20;258.9;1008.4;29.7;26.7;23.3;83.6;9;3.1;31.7;null;
2007-04-30;14;119.5;135.9;135.9;227.3;6.6;19;206.2;1008.4;29.7;26.6;23.2;83.6;9;3.7;36.5;null;
2007-05-31;14;103.5;135.5;135.5;220.1;6.2;23;236.3;1009;28.8;25.7;22.4;85.4;9;3.1;35;null;
2007-06-30;14;123.6;127.7;127.7;172.3;6.9;27;288.4;1011.1;27.9;25;22;84.3;12;4.9;33.4;null;
2007-07-31;14;102.1;129.7;129.7;165.9;6.8;27;243.4;1011.7;27.1;24.1;20.7;85.8;12;3.8;34.1;null;
2007-08-31;14;151;131.3;131.3;182.2;6.9;28;252.6;1012.1;26.8;24.1;21.3;82.3;12;6;33;null;
2007-09-30;14;166.9;131.8;131.8;240.4;6;19;61.3;1012.6;27.6;24.7;21.8;78.5;12;6.1;35.3;null;
2007-10-31;9;200.5;141.9;67.9;273.6;5.9;18;38.4;1010.5;28.6;25.6;23;78.8;9;5.5;36;null;
2007-11-30;9;213.7;142.1;22;289.8;5.5;12;22;1008.4;29.5;26.3;23.7;79.2;9;6;36.7;null;
2007-12-31;9;213.4;148.7;24.1;285.2;5.8;12;24.1;1009.3;29.7;26.6;23.9;80.5;9;6;28.4;null;
2008-01-31;9;213.3;150.4;28.9;288;5.2;10;28.9;1007.7;30.5;27.2;24.3;79.4;9;4;29.5;null;
2008-02-29;9;199.4;140.7;19.6;272.7;5.4;6;19.6;1008;31.1;27.6;24.1;77.9;9;4.7;34.3;null;
2008-03-31;9;130.3;143.7;143.7;209.5;6.4;20;580.9;1007;29.9;26.8;23.5;84.3;7;3.3;33.1;null;
2008-04-30;9;115.8;136.2;136.2;260.5;5.8;22;241;1006.7;29.7;26.7;23.4;83.9;7;2.9;36.3;null;
2008-05-31;14;105.6;135.4;135.4;204.4;6.5;26;476.8;1008.5;28.7;25.8;23.4;86.7;12;3.6;35.1;null;
2008-06-30;14;122.4;127.8;127.8;160.3;6.5;27;259.3;1010.7;27.4;24.9;22.5;83.7;9;4.6;33.7;null;
2008-07-31;14;139.8;130.6;130.6;167.1;6.6;27;301.8;1012.3;26.8;24.4;21.9;81.6;12;5.4;34.8;null;
2008-08-31;14;127.2;132.7;132.7;213.4;6.5;23;209.6;1011;27.1;24.4;21.7;83;9;4.5;34.6;null;
2008-09-30;14;154.4;135;100.7;224.6;5.4;11;39;1011.5;28.3;25.5;23.4;81.9;9;4.4;36.3;null;
2008-10-31;9;181.6;143.7;70.8;261;5.9;16;47.1;1010.8;29.3;26;23.4;81.1;9;5.1;36.7;null;
2008-11-30;9;224.6;144.5;24.3;308.1;4.7;8;13.7;1008.4;30.1;26.9;24.3;77.9;9;6.3;36.7;null;
2008-12-31;9;215.1;151.1;20.6;313.6;5.2;7;17.7;1008.5;30.4;27.2;24.4;79.2;9;5.6;33.5;null;
2009-01-31;9;197.6;150.9;99.3;290.5;4.9;10;98.9;1008.4;30.5;27.2;23.6;81.7;9;4;29.5;null;
2009-02-28;9;151.2;133.4;133.4;222.1;6.4;17;191.9;1007.5;30;27;24.1;82.2;9;4;36.3;null;
2009-03-31;5;154.2;146.1;146.1;287.2;5.3;10;149.6;1006.9;30.3;27.3;23.6;80.4;9;3.7;36.7;null;
2009-04-30;9;107.6;137.8;137.8;240.6;5.7;20;303.6;1007.9;30;27.1;23.8;84.3;12;3;35.4;null;
2009-05-31;14;76;135.9;135.9;156.2;7.5;26;436.1;1008.6;28.5;25.9;23.5;89.5;9;2.6;34.1;null;
2009-06-30;14;125.9;128.9;128.9;187.2;7.1;26;400.1;1010.6;28;25.3;22.8;86.6;9;3.4;34.2;null;
2009-07-31;14;157.8;132.4;132.4;203;6.1;29;250.5;1011.5;27.5;24.8;22.2;85.6;9;3.8;35.3;null;
2009-08-31;14;196.7;134.8;134.8;205.3;5.9;28;251.4;1011.4;27.4;24.9;22.6;83.1;9;4.5;35.3;null;
2009-09-30;9;277.5;135.9;110.8;269.8;5.1;14;55.5;1011.8;28.4;25.9;23.3;78.8;9;5.5;35.7;null;
2009-10-31;5;314.5;144.3;47.8;314;4.6;10;15.4;1009.1;29.1;26.3;22.5;76.4;9;6.1;35.2;null;
2009-11-30;9;369.6;144;29.5;294.5;4.8;11;20.8;1008.7;29.4;26.8;24.4;76.4;9;6.3;36.3;null;
2009-12-31;9;337.9;151.5;28.4;287.6;5.5;13;25.8;1008.5;29.9;27.2;24.7;78.8;9;5.6;36.8;null;
2010-01-31;9;237.2;148.9;148.9;217.2;6.1;19;177;1008.5;29.4;26.8;24;83;9;3.8;28.4;null;
2010-02-28;9;215.6;135.5;81.8;212.9;5.8;16;67.4;1008;30.2;27.6;25;81.8;9;4.3;35.2;null;
2010-03-31;5;225.4;147.6;147.6;259.4;5.3;12;209.7;1007.7;30.7;27.7;24.1;81.5;9;4;35.7;null;
2010-04-30;14;166.2;138.8;138.8;258.8;5.7;22;208.4;1007.8;30.1;27.5;24.5;83.7;9;3.4;36.3;null;
2010-05-31;14;155.3;139.6;131.5;241.5;5.6;22;96.4;1008.6;29.5;26.9;23.7;83.7;9;3;35.6;null;
2010-06-30;14;146.9;130.2;130.2;195;6.7;24;460.3;1011;28.2;25.7;23;85.7;9;4.5;33.3;null;
2010-07-31;14;193.4;133.1;133.1;207;6.5;24;142.7;1011.7;27.7;25;22.3;82.8;9;5.1;35.6;null;
2010-08-31;14;204.6;133.3;131.7;198.8;6.5;25;115;1012.6;27.2;24.5;21.8;79.9;12;5;35;null;
2010-09-30;14;233.7;133.4;120.1;223.8;6;19;91.7;1011.6;27.6;25.1;22.8;79.2;9;4.8;35.3;null;
2010-10-31;9;232.1;144.7;56.9;258.7;5.7;11;17.4;1010.3;29.2;26.3;23.4;81.7;9;4.9;30.2;null;
2010-11-30;9;308.9;144.4;18.9;318.3;4.5;5;7.4;1007.7;29.7;26.9;24;76.5;9;6.2;36.7;null;
2010-12-31;9;276.8;151.1;25.5;298;5.1;10;22.7;1006.1;30;27.1;24.6;79.2;9;5.1;36.3;null;
2011-01-31;9;245.3;150.1;101;259.8;5.8;18;100.6;1006.9;30;27;24.1;82.2;7;3.7;29;null;
2011-02-28;9;216.6;133.8;133.8;229.2;6.2;20;150.2;1007.4;29.9;27.2;24.3;80.1;9;4.3;36.2;null;
2011-03-31;9;219.5;147.2;76.8;313.2;5;12;67.4;1006.6;30.4;27.5;23.9;80.4;9;3.8;36.3;null;
2011-04-30;14;158.8;136.3;136.3;182.2;6.5;26;513.5;1007.4;29.5;26.7;23.7;84.8;9;3.2;34.7;null;
2011-05-31;14;129.9;135.2;135.2;134.1;7.4;27;418;1008.7;28.1;25.7;23.3;87.5;9;4;34;null;
2011-06-30;14;146.1;128.5;128.5;207;6.2;23;138.2;1010.6;27.7;25.2;22.7;85.8;9;3.4;27.9;null;
2011-07-31;14;146.9;130.9;130.9;156.2;6.7;28;357.3;1011.4;26.9;24.3;21.8;87.7;9;4.7;25.2;null;
2011-08-31;14;207.2;134.4;134.4;232.5;5.5;19;178.9;1012.2;27.5;24.9;22;81.7;9;3.7;27.4;null;
2011-09-30;14;229.9;133.4;95.8;234;5.5;18;32.1;1012.9;28.1;25.1;22.5;80.1;9;4.6;28.3;null;
2011-10-31;9;250.3;143.6;76.2;262.4;5;17;54.9;1009;28.8;26;23.6;81.8;9;4;29.4;null;
2011-11-30;9;274.2;142.1;103;279.1;5.7;15;97.6;1008.9;29.1;26.4;23.8;82.9;9;4.5;28.4;null;
2011-12-31;null;null;null;null;null;null;null;null;null;null;null;null;null;null;null;null;null;
2012-01-31;9;250.3;148.5;89.1;231.4;5.9;19;86.3;1008.7;29.7;26.6;23.9;82.1;9;4.2;27.7;null;
2012-02-29;9;255.3;137.4;105.8;269.9;5.6;17;105.2;1008.4;29.7;26.8;24.4;80.8;9;4.6;30.4;null;
2012-03-31;9;231.5;144.1;144.1;287.1;5.5;15;148.4;1009.1;29.6;26.8;24.2;81.9;9;4.1;28.2;null;
2012-04-30;14;215.5;137;59.4;282.3;5.3;7;39.9;1009;29.9;26.9;23.7;82.2;7;3.5;30.4;null;
2012-05-31;14;222.7;137.7;121.6;279.6;5.4;14;119.6;1010.3;29.5;26.4;23.1;81.4;9;3.6;29.8;null;
2012-06-30;14;151.9;128.1;128.1;173.5;6.2;26;228;1011.7;27.9;25.1;22.3;85.9;9;3.6;27.3;null;
2012-07-31;14;167;131.3;131.3;183.2;6.7;29;214.3;1012.3;27.2;24.5;21.6;83.9;9;3.6;26.6;null;
2012-08-31;14;201.7;132.6;126.4;227.1;5.9;21;95.1;1013.4;27.1;24.3;21.5;80.8;14;5.4;28.8;null;
2012-09-30;14;228.8;133.5;62.8;240.6;5.3;1;15.1;1013.1;28.2;25.1;22.4;78.9;9;5.1;30.4;null;
2012-10-31;9;267.5;142.9;47;263.9;5.3;16;33;1011;29;25.8;23.1;79.2;9;4.7;28;null;
2012-11-30;5;273.5;143;9.5;302.7;4.8;2;4.2;1008.6;29.7;26.5;23.5;81.5;9;5.1;29.9;null;
2012-12-31;null;null;null;null;null;null;3;null;null;null;null;null;null;null;null;null;null;
2013-01-31;null;null;null;null;null;null;null;null;null;null;null;null;null;null;null;null;null;
2013-02-28;null;null;null;null;null;null;null;null;null;null;null;null;null;null;null;null;null;
2013-03-31;null;null;null;null;null;null;1;null;1008.6;31.4;28.1;25.1;80;9;null;null;null;
2013-04-30;9;204.8;138.8;138.8;253.3;5.2;14;148.5;1008.9;30.5;27.4;24.1;84.8;7;2.6;30.1;null;
2013-05-31;14;147.5;138.1;138.1;196.7;5.8;21;167.6;1009.7;29.3;26.5;23.7;85.9;9;2.7;27.8;null;
2013-06-30;14;130.9;130.2;130.2;195.8;6.1;24;264.8;1010.7;28.3;25.6;22.6;88.5;9;2.6;28.8;null;
2013-07-31;14;175.3;133;133;192.1;6.3;26;344.1;1011.9;27.6;25.1;22.1;85.6;10;3.8;26.4;null;
2013-08-31;14;177.8;135.1;135.1;218.9;6.1;22;150.9;1012;27.4;25;22.2;86.3;10;4.6;28.6;null;
2013-09-30;14;237.6;134.8;115.5;243.6;5.4;17;65.5;1011.9;28.2;25.5;23.2;81.9;12;5.6;29.4;null;
2013-10-31;9;215.1;143.9;139.2;269.4;5.6;13;137.5;1010.7;29.2;26.1;23.6;83.9;9;4.7;29.5;null;
2013-11-30;9;227.3;142.1;86.5;257.1;5.5;9;61.1;1008.7;29;26.3;24.2;79.7;9;4.7;28.4;null;
2013-12-31;null;null;null;null;null;null;2;null;null;null;null;null;null;null;null;null;null;
2014-01-31;9;241.3;150.1;28.9;286.4;5.2;null;28.9;1009.4;30.3;27;24;79.8;9;3.5;31.4;null;
2014-02-28;9;189.5;132.4;94.6;213.7;5.6;null;94.6;1008.2;29.8;26.7;23.5;83.3;9;2.8;27.9;null;
2014-03-31;14;204.5;144.9;135.7;250.4;5.7;null;115.7;1008.6;30.1;27;23.6;83.3;9;3.3;29.4;null;
2014-04-30;14;152.2;137.4;137.4;270.5;5.7;null;307.7;1008.7;29.9;27;23.6;87;12;2.5;28.9;null;
2014-05-31;14;119.8;135.5;135.5;206.5;6.4;null;372.5;1009.2;28.6;25.8;22.9;89.2;7;2.1;27.1;null;
2014-06-30;14;179.1;129.8;128.7;236.6;5.7;null;114.7;1011;28.2;25.6;22.6;83.5;9;3.5;29.2;null;
2014-07-31;14;180;132.3;132.3;217.9;6.3;null;169.4;1013.4;27.4;24.8;22;89.9;10;3.6;27.8;null;
2014-08-31;14;201.9;133.6;133.6;218.5;6.1;null;157.9;1013;27.4;24.6;21.5;84.5;10;4;27;null;
2014-09-30;14;190.1;133.7;128;232.2;5.6;null;97.8;1012.3;27.8;25.2;22.4;87.6;12;4.5;28.8;null;
2014-10-31;14;214.9;142.4;141.5;255.3;5.3;null;139.5;1011.4;28.5;25.7;23.2;87.2;12;5.4;28.4;null;
2014-11-30;5;190.8;141.4;98.5;256.5;5.5;null;61.1;1009.3;29.2;26.1;23;84.5;9;4.4;28.8;null;
2014-12-31;null;null;null;null;null;null;null;null;null;null;null;null;null;null;null;null;null;
2015-01-31;null;null;null;null;null;null;null;null;null;null;null;null;null;null;null;null;null;
2015-02-28;9;null;133.8;73.1;217.8;5.7;null;71.7;1009.1;30.5;27.1;23.9;81.3;9;4.1;30.9;null;
2015-03-31;9;221.9;146.1;146.1;264.1;5.1;null;150.6;1008.6;30.3;27.2;24;80.8;9;3.8;28.4;null;
2015-04-30;5;201.1;139.2;31;288.4;4.9;null;26.9;1008.5;30.8;27.5;23.5;79.8;7;2.5;29.5;null;
2015-05-31;14;169.5;139.2;139.2;238.3;5.5;null;161.2;1009.7;29.8;26.8;23.3;82.3;8;2.9;29.4;null;
2015-06-30;14;160.3;130.5;130.5;171;6.2;null;287.1;1011.6;28.4;25.8;23;86.2;10;4;27.8;null;
2015-07-31;14;160.4;133.4;133.4;175.5;6.4;null;341.4;1012.2;27.4;25.1;22.3;86.9;10;4.2;26.2;null;
2015-08-31;14;189.6;135.1;105.9;227.4;5.3;null;47.6;1012.7;27.8;25;22.1;81;12;5.2;29;null;
2015-09-30;9;217.3;135.2;67.4;251.6;5;null;42.2;1011.6;28.6;25.6;22.7;80.2;9;5.3;29.4;null;
2015-10-31;14;249.4;143.9;49.5;291.2;5.2;null;38.8;1011.4;29.3;26.1;23.3;77.3;10;5.4;29;null;
2015-11-30;5;235.2;143.3;16.4;314.3;4.9;null;12.2;1009.2;29.9;26.6;23.3;79.5;10;5.5;29.6;null;
2015-12-31;9;239.4;150.3;62.9;263.1;5.6;null;62;1010.2;30.1;26.9;23.9;80.9;12;5;28.5;null;
2016-01-31;5;159;150.5;150.5;212;5.8;null;215.7;1008.7;29.9;27.1;24.1;85.5;9;3.8;27.8;null;
2016-02-29;14;207.5;139.6;88.1;250.5;5.6;null;48.8;1009.2;30.3;27.4;24.1;79.7;9;4.1;29.9;null;
2016-03-31;9;195.4;146.7;146.7;242.9;5.8;null;264.6;1009.5;30.5;27.5;24.3;82.9;9;3.2;28.5;null;
2016-04-30;14;191.1;138;132.1;236.9;5.3;null;101.6;1009.2;30;27.2;24.2;82.4;10;3.8;30;null;
2016-05-31;14;149.7;137.3;137.3;211.6;5.7;null;221.9;1011;28.8;26.3;23.3;87.5;10;3.3;29.4;null;
2016-06-30;14;145.8;129.8;129.8;239.4;5.4;null;171;1012.4;28.4;25.6;22.5;87.9;12;3.1;30.1;null;
2016-07-31;14;206.4;133.8;109.2;249.9;5.1;null;54.5;1012.6;27.9;25.2;22;82.8;10;4.6;29.8;null;
2016-08-31;14;232.2;136.3;59.5;253.8;5.5;null;29.9;1012.7;28.5;25.3;22.3;81.2;9;4.7;30.2;null;
2016-09-30;14;241.5;136;26.1;270.3;4.8;null;15.1;1012.4;29.1;25.8;22.8;81.8;9;4.4;30;null;
2016-10-31;14;253;145.9;31.4;303.6;5.3;null;28.2;1010.3;30;26.6;23.7;81;9;5.2;30.2;null;
2016-11-30;null;null;null;null;null;null;null;null;null;null;null;null;null;null;null;null;null;
2016-12-31;14;264.4;151.5;15.1;273.1;5.1;null;15.1;1008.7;30.6;27.2;24;79.3;10;5.5;29.8;null;
2017-01-31;9;299.1;151.7;35.2;279.9;5.1;null;35.2;1008.8;30.7;27.4;24.6;77.5;9;5.6;30;null;
2017-02-28;9;266;135.9;9;258.3;5.2;null;9;1008.3;31;27.7;24.6;77.4;10;4.9;30;null;
2017-03-31;14;250.5;148;32.6;264.1;5.4;null;22.6;1007.9;31.1;27.8;24.6;79.6;9;3.6;30;null;
2017-04-30;14;201.2;138.8;138.8;242.4;4.8;null;140.7;1008.7;30.6;27.4;24.3;83.2;9;3.4;28.5;null;
2017-05-31;14;148.6;137;137;167.6;6.9;null;585.5;1009.6;28.9;26.1;23.5;86;7;2.4;24.6;null;
2017-06-30;14;156.4;129.1;129.1;150.7;6.7;null;366.3;1011;27.9;25.4;23.2;89.1;12;3.8;26.5;null;
2017-07-31;14;182.1;129.7;129.7;126.8;7.4;null;272.6;1013.5;26.7;24.4;22;84.9;17;6.8;23.4;null;
2017-08-31;14;146.6;133.2;133.2;228.8;5.5;null;151.3;1012.4;27.2;24.5;21.5;84.2;10;2.9;28;null;
2017-09-30;14;221.9;133;125.9;221.5;5.1;null;92.7;1012.9;27.5;24.9;22.4;80.8;12;4.8;28.5;null;
2017-10-31;14;233.9;143.5;67.5;249.8;5;null;20;1010.7;28.9;26;23.9;81.1;12;4.8;28.1;null;
2017-11-30;9;224.1;143.3;36.1;272;4.6;null;22.5;1008.4;29.8;26.6;23.5;79.8;12;5.1;30;null;
2017-12-31;null;null;null;null;null;null;null;null;null;null;null;null;null;null;null;null;null;
2018-01-31;14;190.8;149.7;122.6;241.8;5.3;20;111.1;1008.5;29.9;26.9;24;83.6;9;3.5;29.3;null;
2018-02-28;9;182.3;134.1;125.6;238.2;5.3;16;125.2;1007.4;30.3;27.3;24.3;82.7;10;3.6;28.9;null;
2018-03-31;5;148.5;144.6;144.6;221.7;5.5;18;227.5;1007.8;29.8;26.9;23.7;85.4;9;2.9;25.9;null;
2018-04-30;14;112.9;133.8;133.8;156;6.7;27;321.4;1008.9;28.7;26;23.4;89.8;9;1.8;25.4;null;
2018-05-31;14;161.4;136.6;136.6;204.3;5.8;19;154.8;1010.1;28.7;26.1;23.2;85.7;12;2.8;28.1;null;
2018-06-30;14;189.8;129.1;127;208.6;5.3;24;108;1012;28.2;25.5;22.5;82.9;10;3.4;28.8;null;
2018-07-31;14;217.8;null;null;221.9;5.2;15;178.8;1012.4;27.7;24.8;22;79.6;10;3.5;28.9;null;
2018-08-31;14;209.3;135.4;76.9;250.8;4.6;16;76.9;1012.9;28;25.1;22.4;80.2;10;4.3;29.3;null;
2018-09-30;14;237.4;135.1;35.6;237.4;4.9;11;35.6;1011;28.6;25.6;23;79.7;12;5;28.6;null;
2018-10-31;14;251.2;145.4;9.7;278.4;4.5;6;9.7;1009.7;29.6;26.5;24;79.9;10;5.5;30;null;
2018-11-30;null;null;null;null;null;null;null;null;null;null;null;null;null;null;null;null;null;
2018-12-31;14;228.9;151.5;28.5;255.3;5.3;9;28.5;1009.9;30.6;27.2;23.9;78.8;9;4.6;28.2;null;
2019-01-31;14;null;150.5;91.4;188;5.5;14;91.4;1009.6;30.5;27.2;24.1;80.4;9;3.5;27.6;null;
2019-02-28;14;null;135.5;76.3;191.1;5.5;15;76.3;1008.2;30.7;27.6;24.5;83.4;9;3.1;28.8;null;
2019-03-31;14;null;148.4;117.5;194.9;5.4;11;117.5;1008.7;31.4;27.8;24.6;83.8;10;2.6;28.6;null;
2019-04-30;9;null;138.8;132.4;188.9;5.6;18;135.5;1008.3;30.5;27.4;24.1;84.4;10;2.2;29.8;null;
2019-05-31;14;158.5;139.9;118.1;210;5;11;118.1;1009;29.9;26.9;23.3;82.7;5;1.9;29.4;null;
2019-06-30;14;null;130.8;130.8;151.6;5.8;19;303.2;1011.7;28.6;25.9;22.6;82.3;12;3.4;27.2;null;
2019-07-31;14;null;133;133;172.6;6.1;24;178.3;1011.9;27.9;25;22.3;85.2;10;3;27.4;null;
2019-08-31;14;null;134.3;134.3;163.4;5.6;13;155.6;1013.6;27.6;24.8;22;81.4;9;2.9;26.9;null;
2019-09-30;null;null;null;null;null;null;null;null;null;null;null;null;null;null;null;null;null;
2019-10-31;14;null;null;null;239.9;4.7;5;23.5;1010.1;29.7;26.5;23.6;77.7;9;4.2;29.4;null;
2019-11-30;9;null;null;null;268.7;4.4;3;5.8;1008.4;30.6;27.2;24.3;76.7;9;5.3;30;null;
2019-12-31;9;null;null;null;253.9;4.5;6;22.6;1008.1;31.2;27.5;24.3;77.4;9;4.3;30;null;
2020-01-31;5;201.7;null;null;226.6;5.1;8;8.1;1008.1;31.4;27.9;24.6;78.9;9;3.3;29.4;null;
2020-02-29;14;176.4;null;null;204.6;5.2;11;172.3;1008;31.5;28;24.7;81.6;9;3.1;28.9;null;
2020-03-31;14;147.2;null;null;208.8;4.8;6;145.2;1007.6;31.3;27.8;24.4;83.9;9;2.2;28.3;null;
2020-04-30;14;145.3;null;null;191.3;4.6;10;95.4;1008.5;30.6;27.4;24.1;85.9;5;1.6;28.2;null;
2020-05-31;14;125;null;null;183.3;5.3;13;218.4;1009.6;29.7;26.9;24.1;87.6;9;2.3;27.7;null;
2020-06-30;14;156.7;null;null;174.5;4.7;18;357.6;1010.5;28.5;25.9;23.1;85.1;10;2.6;29.1;null;
2020-07-31;14;191.8;null;null;201.7;5;13;69.5;1011.1;27.9;25.1;22.1;81.1;10;2.9;29.4;null;
2020-08-31;14;253.9;null;null;215.5;4.9;12;72.7;1011.4;28;24.8;21.5;79.8;9;3.4;29.9;null;
2020-09-30;14;197.7;null;null;205.2;4.9;11;58.9;1011.4;28.7;25.5;22.4;78.8;9;4;28.8;null;
2020-10-31;14;185.1;null;null;234.2;5.4;4;8.1;1009.8;30.2;26.7;23.7;78.8;10;3.8;27.8;null;
2020-11-30;14;229.2;null;null;227.7;5.1;8;21.2;1008.5;30.8;27.3;24.3;78.5;9;5.3;29.4;null;
2020-12-31;14;211.1;null;null;232.2;5.4;4;9;1008.6;30.9;27.5;24.8;77.3;9;4.1;31.1;null;
2021-01-31;14;186.5;null;null;183.3;5.9;13;160.2;1008;30.4;26.9;23.8;80.6;9;3.4;29;null;
2021-02-28;5;182.5;null;null;216.4;5.4;7;29.5;1007.8;30.6;27.2;23.7;80.4;9;3.5;29.4;null;
2021-03-31;14;210.6;null;null;215.3;5.7;12;115.4;1007.8;30.8;27.2;23.8;83;8;2.7;28.7;null;
2021-04-30;14;141;null;null;200.1;5.4;14;322.6;1008.1;30.1;26.9;23.7;82.7;9;2;30.3;null;
2021-05-31;14;144.5;null;null;147.3;5.6;16;327.1;1009.6;29.1;26;23.2;87.7;9;2.3;28.3;null;
2021-06-30;14;133.7;null;null;122.8;6.3;21;354.3;1010.3;28;24.7;21.9;89;10;1.7;25.8;null;
2021-07-31;14;152.1;null;null;185;5.5;15;176.7;1012;28.1;25;22;83.8;9;2.3;27.6;null;
2021-08-31;14;163.3;null;null;148.8;6.3;22;270.8;1012.1;27.8;24.7;22.2;83.9;10;3.5;26.9;null;
2021-09-30;14;null;null;null;203.8;4.8;12;48.8;1011.2;29.1;25.9;23.2;83.2;9;3.4;29;null;
2021-10-31;14;null;null;null;217;5.2;10;44.7;1009.3;30;26.7;23.7;82.3;7.2;3.6;93.4;null;
2021-11-30;5;null;null;null;230.5;4.6;3;10.2;1007.2;31;27.6;24.6;81.8;8.7;5.2;95;null;
2021-12-31;5;null;null;null;223.5;5.2;11;101.6;1006.9;30.9;27.6;24.5;82.4;8.7;4.8;94.9;null;
2022-01-31;14;null;null;null;190.7;5;8;71.8;1007.9;30.8;27.3;23.7;82.6;8.7;2.6;95;null;
2022-02-28;5;null;null;null;228.9;4.8;4;null;1007.5;31.6;27.8;23.9;80.8;7.2;2.4;95;null;
2022-03-31;14;null;null;null;173.7;5.5;14;369.6;1007.2;30.6;27.1;23.8;87.3;5.1;1.8;95;null;
2022-04-30;14;null;null;null;207.4;5.1;10;158.4;1007.5;30.6;27.1;23.5;87;5.1;1.9;95;null;
2022-05-31;null;null;null;null;null;null;null;null;null;null;null;null;null;null;null;null;null;
2022-06-30;14;null;null;null;null;6.6;22;524.9;1009.4;28.4;25.1;22.1;89;5.1;2;94.9;null;
2022-07-31;14;null;null;null;129.4;6.7;20;300.9;1011;28;24.7;21.9;87.1;11.8;4;94.7;null;
2022-08-31;14;null;null;null;149.6;5.2;18;210.3;1011.9;28.2;24.8;22;82.7;9.8;4;94.9;null;
2022-09-30;14;null;null;null;196.3;4.9;7;67.3;1011.5;28.5;25.3;22.3;81.6;8.7;3.1;95;null;
2022-10-31;14;null;null;null;null;5;7;19;1010.4;30.1;26.4;23.4;81.6;8.7;3.9;95;null;
2022-11-30;5;null;null;null;219.6;5;7;86.4;1008.1;29.9;26.4;23.1;85.1;8.7;4.2;95;null;
2022-12-31;5;null;null;null;234.8;5.5;8;123.8;1008.1;30.4;26.8;23.3;83;8.7;3.4;95;null;
2023-01-31;9;null;null;null;249;4.4;8;43.5;1008.3;30.8;27.3;23.8;80.8;8.7;4.2;95;null;
2023-02-28;14;null;null;null;null;5.3;13;null;1008.5;31.2;27.4;23.9;81.6;8.7;2.8;94.9;null;
2023-03-31;14;null;null;null;209.2;5;17;151.6;1008.6;31.3;27.6;24.3;82.3;9.8;2.5;94.9;null;
2023-04-30;14;null;null;null;190.7;5.1;12;null;1007.9;30.5;27.2;23.9;86.7;8.7;2;94.9;null;
2023-05-31;14;null;null;null;173.2;5.9;17;336;1009.3;29.6;26.5;23.8;87.5;5.1;1.7;95;null;
2023-06-30;14;null;null;null;115.9;6.5;25;283.6;1011.1;28.3;25.4;23;90.5;8.7;2.1;94.9;null;
2023-07-31;null;null;null;null;null;null;1;null;null;null;null;null;null;null;null;null;null;
2023-08-31;null;null;null;null;179.6;5.6;17;132.6;1011.5;28.4;25.3;22.5;83.9;null;null;95;null;
2023-09-30;null;null;null;null;167.5;6.1;15;93.9;1011.3;28.6;25.5;23;84.3;null;null;95;null;
2023-10-31;null;null;null;null;229.7;5.4;8;64.4;1010.2;29.9;26.3;23.1;80.7;null;null;95;null;
2023-11-30;null;null;null;null;258.9;4.5;null;0;1008.8;31;27.4;24.3;79.5;null;null;95;null;
2023-12-31;null;null;null;null;208.5;5.5;9;56;1008.5;31.1;27.4;24.6;82.7;null;null;94.9;null;
2024-01-31;null;null;null;null;244.1;4.6;3;8.6;1008.7;31.9;28;24.2;82.1;null;null;95;null;
2024-02-29;null;null;null;null;189.7;5.5;11;103.6;1008.5;31.8;28.1;24.8;86.1;null;null;94.9;null;
2024-03-31;null;null;null;null;217.7;5;12;116.3;1007.9;31.9;28.5;25;85.8;null;null;95;null;
2024-04-30;null;null;null;null;187.7;6.1;15;284.3;1007.7;31.1;27.6;24.7;90.1;null;null;95;null;
2024-05-31;null;null;null;null;137;6.5;15;396.7;1008.9;29.8;26.6;24;89.4;null;null;94.9;null;
2024-06-30;null;null;null;null;140.1;6.2;19;242.5;1010.9;29;25.7;22.9;88.4;null;null;95;null;
2024-07-31;null;null;null;null;143.4;6.2;16;133.6;1012.9;28.4;25.3;22.9;83.1;null;null;95;null;
2024-08-31;null;null;null;null;199.3;4.8;10;48.5;1012.6;28.7;25.2;22;80.3;null;null;95.1;null;
2024-09-30;null;null;null;null;191.1;5.2;7;28.8;1011.5;29.4;25.5;22.8;79.2;null;null;95;null;
2024-10-31;null;null;null;null;null;4.6;6;10.2;1009.6;30.2;25.9;22.8;82;null;null;95.1;null;
2024-11-30;null;null;null;null;252.4;4.3;3;3.6;1007.7;30.6;26.3;24;83.4;null;null;95;null;

