Nome: MACEIO
Codigo Estacao: 82994
Latitude: -9.55138888
Longitude: -35.77083332
Altitude: 84.12
Situacao: Fechada
Data Inicial: 1970-01-01
Data Final: 2021-04-07
Periodicidade da Medicao: Mensal

Data Medicao;DIRECAO PREDOMINANTE DO VENTO, MENSAL(° (gr));EVAPORACAO DO PICHE, MENSAL(mm);EVAPOTRANSPIRACAO POTENCIAL, BH MENSAL(mm);EVAPOTRANSPIRACAO REAL, BH MENSAL(mm);INSOLACAO TOTAL, MENSAL(h);NEBULOSIDADE, MEDIA MENSAL(décimos);NUMERO DE DIAS COM PRECIP. PLUV, MENSAL(número);PRECIPITACAO TOTAL, MENSAL(mm);PRESSAO ATMOSFERICA, MEDIA MENSAL(mB);TEMPERATURA MAXIMA MEDIA, MENSAL(°C);TEMPERATURA MEDIA COMPENSADA, MENSAL(°C);TEMPERATURA MINIMA MEDIA, MENSAL(°C);UMIDADE RELATIVA DO AR, MEDIA MENSAL(%);VENTO, VELOCIDADE MAXIMA MENSAL(m/s);VENTO, VELOCIDADE MEDIA MENSAL(m/s);VISIBILIDADE, MEDIA MENSAL(codigo);
1970-01-31;9;127.2;null;null;282.4;6.2;14;46.4;1007.2;30.8;27.5;23.7;73.1;9;4.5;29.6;null;
1970-02-28;9;123.6;null;null;209.2;7;17;72;1007.2;30.8;27.5;23.6;72.3;7;3.5;29.8;null;
1970-03-31;9;92.4;null;null;169.2;7.2;22;372.4;1007;29.9;26.8;23.6;77.8;7;3.1;27.2;null;
1970-04-30;9;92.9;null;null;178.1;7;17;330.6;1007.4;29.8;26.7;23.3;77.5;6;3.1;26;null;
1970-05-31;null;null;null;null;null;null;null;null;null;null;null;null;null;null;null;null;null;
1970-06-30;null;null;null;null;null;null;null;null;null;null;null;null;null;null;null;null;null;
1970-07-31;null;null;null;null;null;null;null;null;null;null;null;null;null;null;null;null;null;
1970-08-31;null;null;null;null;null;null;null;null;null;null;null;null;null;null;null;null;null;
1970-09-30;null;null;null;null;null;null;null;null;null;null;null;null;null;null;null;null;null;
1970-10-31;null;null;null;null;null;null;null;null;null;null;null;null;null;null;null;null;null;
1970-11-30;null;null;null;null;null;null;null;null;null;null;null;null;null;null;null;null;null;
1970-12-31;null;null;null;null;null;null;null;null;null;null;null;null;null;null;null;null;null;
1971-01-31;null;null;null;null;null;null;null;null;null;null;null;null;null;null;null;null;null;
1971-02-28;null;null;null;null;null;null;null;null;null;null;null;null;null;null;null;null;null;
1971-03-31;null;null;null;null;null;null;null;null;null;null;null;null;null;null;null;null;null;
1971-04-30;null;null;null;null;null;null;null;null;null;null;null;null;null;null;null;null;null;
1971-05-31;null;null;null;null;null;null;null;null;null;null;null;null;null;null;null;null;null;
1971-06-30;null;null;null;null;null;null;null;null;null;null;null;null;null;null;null;null;null;
1971-07-31;null;null;null;null;null;null;null;null;null;null;null;null;null;null;null;null;null;
1971-08-31;null;null;null;null;null;null;null;null;null;null;null;null;null;null;null;null;null;
1971-09-30;null;null;null;null;null;null;null;null;null;null;null;null;null;null;null;null;null;
1971-10-31;null;null;null;null;null;null;null;null;null;null;null;null;null;null;null;null;null;
1971-11-30;null;null;null;null;null;null;null;null;null;null;null;null;null;null;null;null;null;
1971-12-31;null;null;null;null;null;null;null;null;null;null;null;null;null;null;null;null;null;
1972-01-31;null;null;null;null;null;null;null;null;null;null;null;null;null;null;null;null;null;
1972-02-29;null;null;null;null;null;null;null;null;null;null;null;null;null;null;null;null;null;
1972-03-31;null;null;null;null;null;null;null;null;null;null;null;null;null;null;null;null;null;
1972-04-30;null;null;null;null;null;null;null;null;null;null;null;null;null;null;null;null;null;
1972-05-31;null;null;null;null;null;null;null;null;null;null;null;null;null;null;null;null;null;
1972-06-30;null;null;null;null;null;null;null;null;null;null;null;null;null;null;null;null;null;
1972-07-31;null;null;null;null;null;null;null;null;null;null;null;null;null;null;null;null;null;
1972-08-31;null;null;null;null;null;null;null;null;null;null;null;null;null;null;null;null;null;
1972-09-30;null;null;null;null;null;null;null;null;null;null;null;null;null;null;null;null;null;
1972-10-31;null;null;null;null;null;null;null;null;null;null;null;null;null;null;null;null;null;
1972-11-30;null;null;null;null;null;null;null;null;null;null;null;null;null;null;null;null;null;
1972-12-31;null;null;null;null;null;null;null;null;null;null;null;null;null;null;null;null;null;
1973-01-31;null;null;null;null;null;null;null;null;null;null;null;null;null;null;null;null;null;
1973-02-28;null;null;null;null;null;null;null;null;null;null;null;null;null;null;null;null;null;
1973-03-31;null;null;null;null;null;null;null;null;null;null;null;null;null;null;null;null;null;
1973-04-30;null;null;null;null;null;null;null;null;null;null;null;null;null;null;null;null;null;
1973-05-31;null;null;null;null;null;null;null;null;null;null;null;null;null;null;null;null;null;
1973-06-30;null;null;null;null;null;null;null;null;null;null;null;null;null;null;null;null;null;
1973-07-31;null;null;null;null;null;null;null;null;null;null;null;null;null;null;null;null;null;
1973-08-31;null;null;null;null;null;null;null;null;null;null;null;null;null;null;null;null;null;
1973-09-30;null;null;null;null;null;null;null;null;null;null;null;null;null;null;null;null;null;
1973-10-31;null;null;null;null;null;null;null;null;null;null;null;null;null;null;null;null;null;
1973-11-30;null;null;null;null;null;null;null;null;null;null;null;null;null;null;null;null;null;
1973-12-31;null;null;null;null;null;null;null;null;null;null;null;null;null;null;null;null;null;
1974-01-31;null;null;null;null;null;null;null;null;null;null;null;null;null;null;null;null;null;
1974-02-28;null;null;null;null;null;null;null;null;null;null;null;null;null;null;null;null;null;
1974-03-31;null;null;null;null;null;null;null;null;null;null;null;null;null;null;null;null;null;
1974-04-30;null;null;null;null;null;null;null;null;null;null;null;null;null;null;null;null;null;
1974-05-31;null;null;null;null;null;null;null;null;null;null;null;null;null;null;null;null;null;
1974-06-30;null;null;null;null;null;null;null;null;null;null;null;null;null;null;null;null;null;
1974-07-31;14;73.9;null;null;189.1;7.2;29;225.9;null;26.4;23.1;19.4;83.5;10;3.5;46.5;null;
1974-08-31;14;74.9;null;null;254.7;6.3;21;104.6;null;27;23.1;18.9;81;7;3.5;49.2;null;
1974-09-30;14;69;null;null;243.5;6.6;19;80.5;null;27.5;23.9;20.1;79.4;9;3.8;50.7;null;
1974-10-31;5;70.9;null;null;330.5;5.1;6;10.5;null;29.6;25.1;20;76.3;12;5.3;55.6;null;
1974-11-30;5;104.5;null;null;294;5.7;11;52.3;null;29.8;25.5;20.7;76.9;12;5;54.4;null;
1974-12-31;5;113.8;null;null;324.9;4.8;9;26.8;null;30.6;26.2;21.4;77;8;4.4;55.2;null;
1975-01-31;5;94.9;null;null;254.6;6.2;17;106.9;null;29.9;26;21.5;78.9;8;4.1;54.5;null;
1975-02-28;5;81.4;null;null;270.4;5.3;6;15.2;null;31;26.4;21.3;76;9;4.1;54.9;null;
1975-03-31;5;82.8;null;null;253.5;6.8;15;107;null;30.2;26.1;21.8;80.3;7;3.4;50.2;null;
1975-04-30;5;80.3;null;null;241.8;6.8;13;230.3;null;30.6;26.3;21.9;81.3;7;3.5;51;null;
1975-05-31;14;54.9;null;null;173.4;7.5;25;660.6;null;27.7;24.4;21;87.3;12;3.3;47.2;null;
1975-06-30;14;46.9;null;null;169.4;7;25;438.6;null;27.1;23.7;20.4;87.4;9;3.5;50.6;null;
1975-07-31;14;64.6;null;null;129.7;7.9;28;437.3;null;26.4;23.3;20.1;85.3;7;3.9;50.7;null;
1975-08-31;14;71.8;null;null;234.1;6.8;25;116.3;null;27;23.2;19.6;82.5;9;3.8;53.5;null;
1975-09-30;14;81.7;null;null;224.6;6.4;25;245.5;null;27.1;23.8;20.2;80.1;9;4.3;53.4;null;
1975-10-31;5;101.1;null;null;318.2;5.2;7;16.1;null;29.1;25.1;20.5;77.5;12;5.1;54.8;null;
1975-11-30;5;114;null;null;317.5;5.6;8;16.9;null;29.5;25.6;20.7;75.3;12;5.7;56;null;
1975-12-31;5;89.4;null;null;266.4;6.5;21;146.2;null;28.6;25;20.9;79.9;9;4.7;55;null;
1976-01-31;5;115.9;null;null;314.1;6;11;35.9;null;29.5;25.8;21.2;74.9;9;4.7;55.7;null;
1976-02-29;5;80.8;null;null;236;6.4;17;117.6;null;29.3;25.4;21.1;79.4;9;3.9;54.6;null;
1976-03-31;14;69.8;null;null;220;6.8;26;307;null;29;25.2;21.4;83;7;3.2;55.1;null;
1976-04-30;5;61.5;null;null;218.9;7;25;267.8;null;28.4;24.7;21.1;84.7;8;3.4;54.5;null;
1976-05-31;14;55.4;null;null;244.1;6.6;24;212.2;null;28.1;24.1;20.4;85.8;6;3.1;54.8;null;
1976-06-30;14;61.1;null;null;210.5;6.4;23;312.5;null;27.2;23.5;19.7;82.9;8;3.4;53.7;null;
1976-07-31;14;74.7;null;null;224.4;6.5;24;154.6;null;26.5;22.6;18.8;82.5;8;3.5;54.9;null;
1976-08-31;14;79.8;null;null;269.3;5.4;20;98.4;null;26.9;22.8;18.4;79.9;9;3.5;55.6;null;
1976-09-30;5;83.9;null;null;251.6;5.3;14;49.4;null;27.8;24.1;20.2;79.5;9;4.1;55.7;null;
1976-10-31;5;66.1;null;null;232.8;6.7;23;282.8;null;27.9;24.3;20.5;83.5;8;4;54.2;null;
1976-11-30;5;90.3;null;null;294.7;5.2;8;90.7;null;29.3;25.2;20.8;80.1;9;4.8;55.5;null;
1976-12-31;5;86.9;null;null;319.9;5.2;14;101.3;null;29.1;25.5;21.1;79.3;7;4;55.8;null;
1977-01-31;5;102.4;null;null;252.7;6.6;8;47.8;null;29.7;26;22.1;79;8;4.9;55.2;null;
1977-02-28;14;70.5;null;null;251.6;5.9;22;240.8;null;29.2;25.7;21.4;80;7;3.4;55.3;null;
1977-03-31;14;81.8;null;null;268.8;5.4;20;90.2;null;29.7;25.9;21.8;81.3;7;3.4;55.6;null;
1977-04-30;5;63.7;null;null;208.7;6.7;19;221;null;29.5;25.8;22.2;85.3;7;3.3;55.3;null;
1977-05-31;14;47.3;null;null;166.8;7.4;25;706.1;null;27.8;24.7;21.7;88.3;8;3.1;53.4;null;
1977-06-30;14;45.5;null;null;149.3;7.5;28;539.3;null;27.2;24.1;21.1;88.2;7;3.1;53.4;null;
1977-07-31;14;67.4;null;null;159.6;7.2;30;403.4;null;26.6;23.4;20.3;84.6;9;3.1;54.3;null;
1977-08-31;14;69.2;null;null;243.1;6;21;148.9;null;27.1;23.3;19.5;83.2;7;2.8;55.5;null;
1977-09-30;14;71.8;null;null;234.2;6;18;204.1;null;27.4;24;20.4;82.2;7;3.3;55.3;null;
1977-10-31;5;70.4;null;null;241.7;5.8;21;206.2;null;27.9;24.3;20.4;82.8;7;3.2;55.4;null;
1977-11-30;5;99.3;null;null;318.3;4.3;8;8.9;null;29.6;25.6;21.1;77.2;5;3.3;56;null;
1977-12-31;5;94.2;null;null;247.7;5.5;11;72.1;null;29.9;26;21.6;79.8;7;3.3;56;null;
1978-01-31;14;115.6;null;null;276.8;5.2;5;6.1;null;30.4;26.3;21.3;75.3;9;2.9;56;null;
1978-02-28;5;77.1;null;null;149.1;6.6;14;214.9;null;29.8;25.9;22.1;81.4;7;3.3;55.8;null;
1978-03-31;5;67;null;null;161.8;6.9;16;176;null;29;25.3;21.3;83.8;5;2.4;55.5;null;
1978-04-30;14;65.1;null;null;185;5.8;19;297.6;null;29.2;25.5;21.6;83.4;7;2.5;55.1;null;
1978-05-31;14;53.5;null;null;189.9;6.1;22;456.3;null;28.6;24.8;21.2;86.9;5;2.2;55.1;null;
1978-06-30;14;70.9;null;null;162.3;6.4;24;304.8;null;27.3;24.2;21;82.7;9;3.2;54.5;null;
1978-07-31;14;55.7;null;null;152.9;7;26;365.4;null;26.9;23.7;20.5;86.6;5;2.3;55.8;null;
1978-08-31;14;79.9;null;null;194.3;5.8;20;217;null;26.7;23.3;20.1;81.7;7;2.9;55.4;null;
1978-09-30;14;74.1;null;null;155.5;6.7;21;308.6;null;26.8;23.6;20.2;82.6;12;3.4;56;null;
1978-10-31;14;87.4;null;null;243.7;5;14;31.7;null;28.3;24.8;20.8;78.4;9;3.8;56;null;
1978-11-30;14;97.9;null;null;270.4;4.8;9;22.1;null;29;25.2;20.6;75.9;7;3.6;56;null;
1978-12-31;5;85.4;null;null;220.4;5.8;9;95.4;1006.8;29.2;25.4;21.1;79;12;3.5;55.7;null;
1979-01-31;5;87.2;null;null;240.1;5.5;13;52.4;1006;30.1;26.2;21.8;79;9;3.3;82.4;null;
1979-02-28;14;null;null;null;184.1;5.8;18;135.7;1006.4;29.9;26.2;22;80;7;3.3;83.2;null;
1979-03-31;14;74.1;null;null;213.4;5.4;20;509;1006.4;29.7;26.2;21.7;81.4;7;2.6;82.8;null;
1979-04-30;14;66.7;null;null;212.9;5.6;20;616.1;1006.9;29.4;26;22.1;82.6;7;3.1;83.3;null;
1979-05-31;14;45.8;null;null;142.5;6.6;26;336.5;1008;27.9;24.7;21.4;87.5;7;2.3;82.2;null;
1979-06-30;14;79.7;null;null;163.9;5.8;24;285.6;1010.8;27.3;24.4;21.2;82.4;9;3.1;82.5;null;
1979-07-31;14;57.4;null;null;140.1;6.4;26;243.8;1012.2;26.1;23;19.8;86.9;4.8;2.1;81;null;
1979-08-31;14;72.9;null;null;201.6;5.9;19;74.3;1009.9;27;23.5;19.5;82.7;4.6;2.1;82.3;null;
1979-09-30;14;73.4;null;null;186.7;5.8;17;126.2;1010.1;27.4;24.3;21.1;83.8;6.8;2.8;81.9;null;
1979-10-31;14;92.6;null;null;267.6;4.4;14;35.2;1008.8;28.9;25.2;21.1;80.5;6.3;2.9;82.8;null;
1979-11-30;5;91;null;null;269.4;4.3;9;31.2;1006.6;29.9;25.7;21.4;80.9;6.6;3;84;null;
1979-12-31;5;107.4;null;null;288.3;4.2;4;2.2;1007.2;30.8;26.5;21.5;78.1;5.6;3;84;null;
1980-01-31;5;97.2;null;null;219.5;5.8;15;40;1005.2;30.6;26.8;22.6;79.6;8;3.2;73.7;null;
1980-02-29;5;null;null;null;109.9;7.5;20;297.5;1004.5;29.5;25.5;22.1;86.6;5;2.1;67.6;null;
1980-03-31;14;73.4;null;null;182.9;6.4;22;241.3;1005.6;28.7;25.3;21.7;85.5;5;2.2;77.6;null;
1980-04-30;14;74.8;null;null;171.8;6.1;23;89.6;1005.1;null;null;21.8;84.3;5.5;2.3;81.2;null;
1980-05-31;14;69.8;null;null;198.4;5.6;27;136.4;1006.8;null;null;21.4;86.7;5.1;1.9;80.3;null;
1980-06-30;null;null;null;null;null;null;27;357.8;1005.2;27.5;23.6;20.3;86.9;4.8;null;null;null;
1980-07-31;14;89.8;null;null;211.8;5.3;22;151.1;1004.3;27.1;23;19;83.3;6.6;2.5;77.4;null;
1980-08-31;14;106.9;null;null;202.8;5.6;22;108.8;1004.6;27.4;22.9;18.7;82;6.6;2.9;73.3;null;
1980-09-30;14;127.8;null;null;211;5.6;16;119.5;1002.8;28.6;23.9;19.9;81.7;9.3;3.6;74.5;null;
1980-10-31;14;140;null;null;209.8;5.7;20;199.3;1002.6;28.5;24.3;20.4;80.5;8.3;4;76.5;null;
1980-11-30;5;145.9;null;null;230.7;5.2;14;80.3;1000.2;29.8;25.1;21;79.6;8.3;4.3;79.6;null;
1980-12-31;9;173.3;null;null;264.8;5.3;10;44.2;999.5;30.3;25.4;21.4;79.9;10.3;4.4;81.5;null;
1981-01-31;14;null;null;null;202.7;6.8;21;110.1;null;29.3;null;21.4;null;null;null;8.7;null;
1981-02-28;14;null;null;null;224.4;6.1;18;66.3;null;29.8;null;21.3;null;null;null;8.8;null;
1981-03-31;5;null;null;null;160.6;6.8;14;158.2;null;30.2;null;21.7;null;null;null;8.5;null;
1981-04-30;14;null;null;null;201.8;5.8;23;112.9;null;29.4;null;21.4;null;null;null;8.7;null;
1981-05-31;14;null;null;null;162.7;6.6;25;169;null;28;null;20.2;null;null;null;8.7;null;
1981-06-30;18;null;null;null;180.8;6.1;26;254.5;null;27.4;null;19.9;null;null;null;8.6;null;
1981-07-31;14;null;null;null;190.1;6.1;26;161.2;null;26.6;null;18.9;null;null;null;8.7;null;
1981-08-31;14;null;null;null;170.5;6;21;127.7;null;26.6;null;18.7;null;null;null;8.7;null;
1981-09-30;14;null;null;null;189.3;5.7;18;49.5;null;27.4;null;19.6;null;null;null;8.8;null;
1981-10-31;14;null;null;null;279.1;4.4;7;3.3;null;29.6;null;20.6;null;null;null;9;null;
1981-11-30;null;null;null;null;null;null;null;null;null;null;null;null;null;null;null;null;null;
1981-12-31;14;null;null;null;206.7;6.4;19;187.1;null;29.2;null;22;null;null;null;8.8;null;
1982-01-31;14;null;null;null;243.6;5.4;12;53.7;null;29.8;null;21.6;null;null;null;8.9;null;
1982-02-28;14;null;null;null;161.6;6.6;18;187.8;null;29.4;null;21.6;null;null;null;8.8;null;
1982-03-31;9;null;null;null;276.1;6;6;83.7;null;30.8;null;21.3;null;null;null;8.8;null;
1982-04-30;14;null;null;null;140.2;7.4;16;744.6;null;29.4;null;21;null;null;null;8.4;null;
1982-05-31;14;null;null;null;137.4;7.4;25;399.7;null;28.2;null;20.6;null;null;null;8.7;null;
1982-06-30;14;null;null;null;172.1;7.5;23;225.7;null;27.7;null;null;null;null;null;8.9;null;
1982-07-31;14;null;null;null;170.2;7.1;26;169.9;null;27.5;null;null;null;null;null;8.5;null;
1982-08-31;14;null;null;null;174.4;6.8;26;227.1;null;27.3;null;null;null;null;null;8.8;null;
1982-09-30;14;null;null;null;158.2;7.2;19;159.9;null;27.7;null;null;null;null;null;8.6;null;
1982-10-31;14;null;null;null;254.5;5.9;8;18.5;null;29.2;null;null;null;null;null;9;null;
1982-11-30;14;null;null;null;293.9;5.9;5;4.6;null;30.1;null;21.2;null;null;null;9;null;
1982-12-31;14;null;null;null;269.9;5.8;12;26.6;null;30.3;null;null;null;null;null;8.9;null;
1983-01-31;9;null;null;null;269.9;5.8;10;22.3;null;31.2;null;null;null;null;null;8.9;null;
1983-02-28;9;null;null;null;184.2;6.8;17;106.9;null;30.3;null;null;null;null;null;8.7;null;
1983-03-31;9;null;null;null;184.6;7;21;290.2;null;30.2;null;null;null;null;null;8.5;null;
1983-04-30;14;null;null;null;221.4;6.6;17;73.7;null;30.3;null;21.6;null;null;null;8.8;null;
1983-05-31;14;null;null;null;218.5;6.4;22;208;null;29.3;null;21.6;null;null;null;8.6;null;
1983-06-30;14;null;null;null;191.2;6.5;25;238.4;null;28.2;null;20.7;null;null;null;8.6;null;
1983-07-31;14;null;null;null;202.2;6.6;20;179.2;null;27.7;null;19.8;null;null;null;8.4;null;
1983-08-31;14;null;null;null;198.8;6.7;22;121.1;null;27.4;null;19.9;null;null;null;8.4;null;
1983-09-30;14;null;null;null;231.8;5.6;14;35.5;null;28.8;null;20.4;null;null;null;8.8;null;
1983-10-31;9;null;null;null;223.4;6.3;20;103.3;null;28.8;null;20.8;null;null;null;8.6;null;
1983-11-30;9;null;null;null;281.4;4.9;7;22.4;null;30.5;null;21.2;null;null;null;8.9;null;
1983-12-31;14;null;null;null;291.5;6;3;1.3;null;30.9;null;21.8;null;null;null;8.9;null;
1984-01-31;14;null;null;null;275.2;5.1;12;58.7;null;30.6;null;21.8;null;null;null;8.8;null;
1984-02-29;14;null;null;null;280.8;5.7;6;27;null;31.7;null;22.7;null;null;null;8.7;null;
1984-03-31;14;null;null;null;252.7;5.6;11;88.7;null;31.7;null;23.1;null;null;null;8.7;null;
1984-04-30;14;null;null;null;171.7;6.7;22;292.6;null;30.2;null;22.7;null;null;null;8.2;null;
1984-05-31;14;null;null;null;167.9;6.4;28;407.1;null;null;null;21.8;null;null;null;8.2;null;
1984-06-30;14;null;null;null;180.9;6.1;26;274;null;null;null;20.6;null;null;null;8.4;null;
1984-07-31;14;null;null;null;157.8;6.6;28;423.4;null;null;null;20.2;null;null;null;8.2;null;
1984-08-31;14;null;null;null;166.7;6.8;25;245;null;null;null;20.3;null;null;null;8.3;null;
1984-09-30;14;null;null;null;219.5;6.3;14;164.5;null;null;null;20.3;null;null;null;8.6;null;
1984-10-31;14;null;null;null;null;6;16;57.6;null;null;null;21.3;null;null;null;8.8;null;
1984-11-30;9;null;null;null;285;6.2;10;23.4;null;null;null;21.4;null;null;null;8.8;null;
1984-12-31;null;null;null;null;null;null;null;null;null;null;null;null;null;null;null;null;null;
1985-01-31;9;null;null;null;266.1;5.4;6;30.9;null;null;null;22.3;null;null;null;8.9;null;
1985-02-28;9;null;null;null;216.3;6.2;15;335.6;null;null;null;22.7;null;null;null;8.4;null;
1985-03-31;9;null;null;null;216.9;5.8;15;161.9;null;null;null;22.8;null;null;null;8.6;null;
1985-04-30;18;null;null;null;131.7;6.9;25;384.2;null;null;null;22.6;null;null;null;8.2;null;
1985-05-31;14;null;null;null;221.9;6.8;26;71.6;null;null;null;21.9;null;null;null;8.6;null;
1985-06-30;14;null;null;null;148.3;6.9;25;345.6;null;null;null;21.2;null;null;null;8.2;null;
1985-07-31;14;null;null;null;153.5;7.8;29;475.7;null;null;null;20.3;null;null;null;8.2;null;
1985-08-31;14;null;null;null;208.2;6.7;23;332.7;null;null;null;20.1;null;null;null;8.4;null;
1985-09-30;14;null;null;null;199.9;6.5;21;121.1;null;null;null;20.2;null;null;null;8.5;null;
1985-10-31;9;null;null;null;277.2;5.9;4;1.3;null;null;null;20.7;null;null;null;8.9;null;
1985-11-30;9;null;null;null;311.4;5.5;10;38.1;null;null;null;21.4;null;null;null;8.9;null;
1985-12-31;9;null;null;null;223.6;6.9;10;26.5;null;null;null;21.9;null;null;null;8.4;null;
1986-01-31;9;160.9;null;null;256.1;6.4;14;60.3;1002;null;null;22.1;73.8;8;3.5;78.1;null;
1986-02-28;9;137;null;null;241.3;6.2;12;27.4;1001;null;null;22.6;73.1;7;3.2;80.1;null;
1986-03-31;9;97.6;null;null;162.5;7.4;27;269.5;1001.6;null;null;22.6;80.2;5.8;2.1;73.1;null;
1986-04-30;9;84.2;null;null;155.8;7.3;18;403.5;1001.3;null;null;22.4;81.5;5;2;75.7;null;
1986-05-31;14;73.4;null;null;158.3;7.4;25;485.7;1002.5;null;null;22.2;84.3;6.3;2.1;74.1;null;
1986-06-30;14;null;null;null;148.2;7;24;274.3;null;null;null;21.2;null;null;null;8.2;null;
1986-07-31;14;82.9;null;null;159.2;7.3;23;335.6;1006.5;27;23.1;20.1;84;6.3;2.6;71.3;null;
1986-08-31;14;99.7;null;null;201.3;6.7;20;216.3;1005;27.7;23.6;19.8;81.7;6.3;2.8;77.3;null;
1986-09-30;14;null;null;null;152.3;7.5;26;275;null;27.9;null;19.8;null;null;null;8.2;null;
1986-10-31;9;93.9;null;null;207.1;6.1;15;69;1004.1;null;null;20.6;76;7.3;3.2;79.1;null;
1986-11-30;9;null;null;null;220.3;6.8;20;272.6;null;null;null;20.5;null;null;null;8.5;null;
1986-12-31;9;91;null;null;211.9;6.4;17;88.5;1002.9;null;null;21;78.5;7;3.3;77.6;null;
1987-01-31;9;115.3;null;null;254.8;6.1;12;134.2;1002.6;null;null;21.2;76.3;7.3;3.3;79.2;null;
1987-02-28;9;85.2;null;null;203.2;6.4;19;102.5;1002.5;null;null;22;77;6.6;3.2;80.5;null;
1987-03-31;9;99.6;null;null;156.2;6.7;19;168.6;1001.1;null;null;22.7;78.2;6.6;2.9;77.4;null;
1987-04-30;9;80.6;null;null;170.9;6.7;25;344.3;1002.1;null;null;22;79.7;6;2.5;73.5;null;
1987-05-31;9;78.6;null;null;203.7;6;12;56.4;1001.2;30.6;25.9;22.2;75;6.1;2.5;81.5;null;
1987-06-30;14;54.9;null;null;149.6;7.5;26;371.2;1003.9;28.6;24.7;21.4;82;4.6;2.1;71;null;
1987-07-31;14;78.1;null;null;175.4;6.7;28;257.5;1003.7;27.6;24;20.9;81.1;6.6;2.3;70.7;null;
1987-08-31;9;83.2;null;null;195.4;5.7;20;228;1004.4;28.3;24.1;20.6;81;6.6;2.6;76.6;null;
1987-09-30;9;97.1;null;null;233.1;5.3;16;34.6;1004.1;29.3;24.7;20.9;76.2;8.5;3.2;81.3;null;
1987-10-31;9;105.5;null;null;242.6;6.1;8;24;1003.1;30.5;25.3;20.8;74.5;7;3.5;80.8;null;
1987-11-30;9;139.9;null;null;288.3;5.3;2;.2;1001.9;32;26.3;21.7;71.5;8.3;4.4;83.5;null;
1987-12-31;9;null;null;null;280.6;5.8;4;9.5;null;31.9;null;22.5;null;null;null;8.9;null;
1988-01-31;9;139.4;null;null;298.9;6.3;12;36.7;1002.1;32.2;26.7;22.1;71.4;6.6;3.7;81.6;null;
1988-02-29;9;147;null;null;254;6.6;9;59.8;1001.6;32;26.6;22.1;71.9;6.6;3.5;80.9;null;
1988-03-31;9;120.8;null;null;223.7;6.1;13;79.9;1000.9;32;27.2;23.2;75.6;6.6;2.8;79;null;
1988-04-30;9;78.4;null;null;null;7.3;25;246.5;1001.2;30;25.9;22.9;82.6;5.3;2;75.1;null;
1988-05-31;9;80.1;null;null;236;6.2;15;238.7;1002.6;29.7;25.6;22;78.8;5;1.8;78.6;null;
1988-06-30;9;62.9;null;null;191.1;7;20;323.9;1004;28.4;24.5;21;82.3;5;2.2;76.2;null;
1988-07-31;14;null;null;null;129.9;8.1;27;675.6;null;26.6;null;19.9;null;null;null;7.9;null;
1988-08-31;14;99.6;null;null;166;7.3;28;178.7;1005.2;26.8;22.9;19.7;82;5.6;2.7;73.2;null;
1988-09-30;14;110.5;null;null;187.6;6.5;18;101.9;1005.6;27.7;23.7;19.9;77.2;6.1;2.9;77.5;null;
1988-10-31;9;null;null;null;221.9;6.2;16;80.7;null;29.2;null;20.3;null;null;null;8.8;null;
1988-11-30;9;97.2;null;null;256.4;6.2;17;88.5;1002.4;30;25.2;21.2;75.4;6.6;3.4;80.1;null;
1988-12-31;9;94.4;null;null;244;5.9;11;73;1001.4;30.3;25.8;22.1;77.5;8.3;2.9;79.7;null;
1989-01-31;9;98;null;null;null;5.7;16;99.2;1002.1;30.5;25.7;22.1;78.1;6.5;2.9;75.8;null;
1989-02-28;9;121.3;null;null;267.2;5;3;15;1001.8;32.7;26.7;22.5;71.5;7;3.2;82.6;null;
1989-03-31;9;146.5;null;null;244.2;6;15;139.7;1000.4;31.7;26.7;22.6;73.4;6.3;2.9;79.6;null;
1989-04-30;14;null;null;null;139.8;7.7;26;415.1;null;29.1;null;22.3;null;null;null;8.1;null;
1989-05-31;9;null;null;null;157.8;7.3;26;630.8;null;28.5;null;22;null;null;null;8.2;null;
1989-06-30;14;null;null;null;161;7;25;356;null;28;null;21.6;null;null;null;8.3;null;
1989-07-31;18;null;null;null;126.8;7.5;24;799.9;null;26.8;null;20.5;null;null;null;7.8;null;
1989-08-31;14;null;null;null;190.3;6.5;22;155.6;null;27.5;null;20;null;null;null;8.5;null;
1989-09-30;9;null;null;null;203;5.8;16;150.2;null;28.5;null;20.4;null;null;null;8.7;null;
1989-10-31;9;null;null;null;230.8;5.5;11;125.2;null;29.2;null;20.7;null;null;null;8.8;null;
1989-11-30;9;null;null;null;237.3;6;11;65.3;null;30.4;null;22.1;null;null;null;8.8;null;
1989-12-31;9;null;null;null;134.8;7.4;23;195.4;null;29.5;null;22.6;null;null;null;8.4;null;
1990-01-31;14;null;null;null;245.9;6.1;15;79.1;null;30;null;22.1;null;null;null;8.7;null;
1990-02-28;14;null;null;null;201.8;5.9;7;16.1;null;31;null;22.2;null;null;null;8.8;null;
1990-03-31;null;null;null;null;224.4;5.2;10;64.4;null;30.9;null;22.3;null;null;null;8.7;null;
1990-04-30;9;null;null;null;176.6;6.7;22;253.6;null;29.9;null;22.6;null;null;null;8.3;null;
1990-05-31;9;null;null;null;240.4;6;19;125.5;null;29.5;null;22;null;null;null;8.6;null;
1990-06-30;null;null;null;null;null;null;null;null;null;null;null;null;null;null;null;null;null;
1990-07-31;null;null;null;null;null;7.7;26;378.7;null;27.1;null;20.7;null;null;null;8;null;
1990-08-31;null;null;null;null;null;6.5;23;219;null;27.4;null;19.9;null;null;null;8.4;null;
1990-09-30;null;null;null;null;null;6.5;16;146.9;null;28.2;null;20.1;null;null;null;8.6;null;
1990-10-31;null;null;null;null;null;6.1;18;90;null;null;null;null;null;null;null;8.4;null;
1990-11-30;null;null;null;null;null;6.3;10;40.2;null;null;null;null;null;null;null;8.7;null;
1990-12-31;null;null;null;null;null;5.9;6;35.7;null;null;null;null;null;null;null;8.8;null;
1991-01-31;null;null;null;null;null;6.1;4;35.4;null;null;null;null;null;null;null;8.7;null;
1991-02-28;null;null;null;null;null;6.2;4;null;null;null;null;null;null;null;null;8.5;null;
1991-03-31;null;null;null;null;204.7;6.6;13;83.4;null;null;null;null;null;null;null;8.6;null;
1991-04-30;null;null;null;null;229.1;6;15;102.3;null;null;null;null;null;null;null;8.6;null;
1991-05-31;null;null;null;null;null;null;null;null;null;null;null;null;null;null;null;null;null;
1991-06-30;null;null;null;null;null;null;null;null;null;null;null;null;null;null;null;null;null;
1991-07-31;null;null;null;null;null;null;null;null;null;null;null;null;null;null;null;null;null;
1991-08-31;null;null;null;null;112.5;7.6;18;288.4;null;null;null;null;null;null;null;8.4;null;
1991-09-30;null;null;null;null;95.3;7.1;19;82.8;null;null;null;null;null;null;null;8.6;null;
1991-10-31;null;null;null;null;null;6.7;11;37.6;null;null;null;null;null;null;null;8.6;null;
1991-11-30;9;null;null;null;241.5;5.9;5;46.2;null;29.6;null;21;null;null;null;8.8;null;
1991-12-31;9;null;null;null;311.7;5.1;1;null;null;31.2;null;21.2;null;null;null;8.9;null;
1992-01-31;14;null;null;null;221.4;6.8;11;89.9;null;30.7;null;20.6;null;null;null;8.4;null;
1992-02-29;null;null;null;null;null;null;null;null;null;null;null;null;null;null;null;null;null;
1992-03-31;null;null;null;null;null;null;null;null;null;null;null;null;null;null;null;null;null;
1992-04-30;null;null;null;null;null;null;1;null;null;null;null;null;null;null;null;null;null;
1992-05-31;9;null;null;null;185.5;6.8;11;151.5;null;29.2;null;20.1;null;null;null;8.6;null;
1992-06-30;9;null;null;null;null;7.8;25;572.5;null;27.6;null;18.8;null;null;null;8.2;null;
1992-07-31;14;null;null;null;null;7.6;16;null;null;27.9;null;18.5;null;null;null;8.3;null;
1992-08-31;null;null;null;null;null;null;null;null;null;null;null;null;null;null;null;null;null;
1992-09-30;14;null;null;null;null;7.6;18;160.8;null;27;null;18.4;null;null;null;8.4;null;
1992-10-31;9;null;null;null;276.8;5.9;10;14.2;null;28.4;null;19.7;null;null;null;8.9;null;
1992-11-30;9;null;null;null;239.9;6.2;16;33.3;null;29.3;null;20.9;null;null;null;8.8;null;
1992-12-31;9;null;null;null;259.6;6;7;23.9;null;30.6;null;21.6;null;null;null;8.8;null;
1993-01-31;9;null;null;null;260.6;5.8;null;11;1004.1;31.1;26.2;21.5;72.4;7.7;3.4;54.7;null;
1993-02-28;9;null;null;null;228.8;6.1;null;.3;1003.4;32.1;26.4;22.5;70.3;6.8;3.1;54.9;null;
1993-03-31;9;null;null;null;null;4.1;null;65.6;1004.1;32.4;27.1;22.2;68;7.6;3.7;54.9;null;
1993-04-30;9;null;null;null;null;4.3;null;50.4;1003.3;31.7;26.6;21.8;72;6.2;2.9;54;null;
1993-05-31;9;null;null;null;null;5.7;null;216.2;1004.1;29;25;20.8;77.9;7;2;50.8;null;
1993-06-30;9;null;null;null;null;6.7;22;170.4;null;28.2;null;19.9;null;null;null;8.5;null;
1993-07-31;9;null;null;null;null;7;23;172.6;null;27.5;null;19.1;null;null;null;8.4;null;
1993-08-31;9;null;null;null;null;6.9;21;121.4;null;27.9;null;19.4;null;null;null;8.6;null;
1993-09-30;9;null;null;null;null;5.2;9;10.9;null;29.8;null;20.4;null;null;null;9;null;
1993-10-31;9;null;null;null;244.6;6.3;13;76.6;null;30.1;null;20.8;null;null;null;8.8;null;
1993-11-30;9;null;null;null;233.7;6.2;null;126;1003.2;29.6;25;20.5;73.2;7;3.1;54.5;null;
1993-12-31;9;.1;null;null;307.9;5.8;null;40.5;1003.1;31.2;25.7;21.2;70.6;6.8;3.6;55.8;null;
1994-01-31;9;null;null;null;293.7;5.7;null;38.5;1002.3;31.6;26;21.5;70.6;6;3.2;55.1;null;
1994-02-28;9;null;null;null;null;4.1;null;73.1;1002.6;31.5;26.1;21.9;72.1;7.2;3.1;52.7;null;
1994-03-31;9;null;null;null;211.8;6.5;null;98.8;1002.7;31.4;26.1;21.6;71.3;8;3.3;54.9;null;
1994-04-30;9;null;null;null;204;7;null;161.4;1003.4;30.5;25.7;21.2;72.7;6;2.3;53;null;
1994-05-31;9;null;null;null;162;7.6;25;349.1;null;28.5;null;20.4;null;null;null;8.1;null;
1994-06-30;9;7.6;null;null;149.2;3.1;24;408;1005.7;28.6;24.3;20.5;79;8.5;2;49.5;null;
1994-07-31;9;null;null;null;null;7.7;24;281.5;1007.1;27.9;23.7;19.6;80.8;4.2;1.8;76.6;null;
1994-08-31;9;null;null;null;170.7;7.4;25;351.1;1007.4;27.4;23.5;19.5;81.3;4.2;1.6;76.3;null;
1994-09-30;9;null;null;null;182.7;7;17;401.8;1007.1;27.7;23.9;19.8;78.1;6.5;2.4;77.2;null;
1994-10-31;9;null;null;null;235.1;6;null;38.6;1004.7;29.5;25;20.2;72.7;7;3.5;83.1;null;
1994-11-30;9;null;null;null;264.4;6.3;null;45.1;1003.9;29.9;24.9;20;71.1;9;4.2;80.8;null;
1994-12-31;9;null;null;null;254.2;6.3;null;35.9;1003.7;30.4;25.4;20.5;70.5;7.4;4;81.9;null;
1995-01-31;9;null;null;null;265.9;6;null;22.5;1003.8;31;25.4;21.1;73.4;7.9;3.5;54.7;null;
1995-02-28;9;null;null;null;247.1;6.1;null;10.2;1003.7;31.8;26;22.1;73.3;7.6;3.6;55.2;null;
1995-03-31;9;null;null;null;270.1;6.2;null;46.5;1002.7;32.2;26.5;22.5;71;8.4;3.9;55;null;
1995-04-30;9;null;null;null;193.2;7.4;24;274.7;1002.3;null;null;null;78.7;7.5;2.4;51.8;null;
1995-05-31;9;null;null;null;202.6;5;null;259;1003.8;null;null;null;79.7;8;2.4;52.5;null;
1995-06-30;9;null;null;null;154.4;7.9;null;317.9;1006;28.2;24.2;21.3;81.1;8.4;2.9;51.8;null;
1995-07-31;9;null;null;null;166.3;7.7;null;368;1006.3;27.1;23.6;20.5;81.2;7.4;2.9;51.7;null;
1995-08-31;9;null;null;null;190;7.3;null;92.8;1007.2;27.4;23.8;20.3;78.9;6.4;2.8;54.8;null;
1995-09-30;9;null;null;null;186.8;6.6;null;44.9;1007.8;27.7;23.9;20.2;75.8;7.6;3.2;54.1;null;
1995-10-31;9;null;null;null;275.7;6.5;null;17.1;1004.2;30;25.2;20.8;71.9;9.5;3.7;54.8;null;
1995-11-30;9;null;null;null;207.2;7.2;null;62.1;1003.5;29.6;25.2;21.7;73.7;9.9;3.9;53.1;null;
1995-12-31;14;null;null;null;301.7;6.4;null;5;1002.8;32.7;26.7;22.7;68.3;8.3;4.4;55.6;null;
1996-01-31;9;null;null;null;261.5;6.9;null;56.3;1002.4;31.7;26.3;22.1;72.8;8;4;81;null;
1996-02-29;14;null;null;null;270.6;6.9;9;23.8;1002.3;32.3;27;22.4;68.1;7.9;3.7;56.5;null;
1996-03-31;9;null;null;null;230.3;7.2;23;98.1;1001.4;32.1;26.5;22.2;69.8;7.6;3.4;81.3;null;
1996-04-30;14;null;null;null;130.2;8.3;29;438.6;1001.9;30.2;25.4;21.9;79.5;7.1;2.4;80.1;null;
1996-05-31;9;null;null;null;179.7;7.4;25;156.4;1003.7;30;25;20.8;78.7;5.6;2.2;81.9;null;
1996-06-30;14;null;null;null;166.3;7.9;25;178.9;1005.7;28.2;24;19.8;78.6;6.9;2.4;80.3;null;
1996-07-31;14;null;null;null;112.7;8.1;26;283.3;1007.5;27.4;22.6;18;81.5;8.4;2.1;75.4;null;
1996-08-31;14;73.6;null;null;144.2;8.2;29;250.2;1007;27;22.8;17.7;81.4;8;2.7;76.4;null;
1996-09-30;14;90.6;null;null;160.5;7.9;28;68.3;1006.1;28.1;23.5;18.6;76.8;7.8;3.2;81.5;null;
1996-10-31;14;118.5;null;null;258.4;6.7;17;79.7;1004.3;29.5;24.9;20.2;72.6;7;3.5;83.4;null;
1996-11-30;9;127.5;null;null;243.8;6.8;null;114.6;1002.2;30.2;25.2;20.4;73.8;9.8;3.5;83.1;null;
1996-12-31;9;137.2;null;null;294.1;6.4;null;39.3;1002.7;31.3;25.8;21.6;73.9;7.4;3.6;55.9;null;
1997-01-31;9;131.7;null;null;236.4;6.7;null;66.5;1002.4;30.9;26.2;22.8;75.9;8.3;3.9;77.1;null;
1997-02-28;14;null;null;null;184.3;7.5;16;139.1;1003.5;30.1;25.4;22.2;77.9;7.8;2.8;77.3;null;
1997-03-31;14;123.2;null;null;181.4;7.1;16;116.9;1002.5;30.3;25.9;22.6;79.1;9.9;3.1;80.7;null;
1997-04-30;14;83;null;null;null;7.4;26;349.8;1003.8;29.5;25.5;22.2;81.7;5.8;2.5;76.5;null;
1997-05-31;14;95.5;null;null;171.8;7.6;25;261.2;1005.4;28.6;24.6;21.4;83.3;8.8;2.3;73.5;null;
1997-06-30;14;78.5;null;null;189.5;7;16;168.7;1005.2;28.5;24.2;20.7;83;7.6;2.4;79.1;null;
1997-07-31;14;74.2;null;null;159.9;7.7;24;309.4;1008.3;26.9;23.1;19.5;83.6;5.9;2.2;75.6;null;
1997-08-31;14;87.3;null;null;142.7;7.8;22;128.6;1008.7;27.1;23.3;20;82.2;7;2.2;67.6;null;
1997-09-30;14;108.1;null;null;null;6.1;null;2.3;1005.2;29.6;24.6;20.4;76.6;8.4;3.3;73.1;null;
1997-10-31;14;132.8;null;null;288.5;5.8;null;39.7;1003.7;31;25.5;21.3;74.7;8.2;3.9;81.6;null;
1997-11-30;14;129.6;null;null;257.7;6.1;null;12.7;1003.8;31.3;25.9;21.7;73.3;9.5;3.7;74.7;null;
1997-12-31;9;120;null;null;307.6;6.3;null;29.6;1003.2;31.5;26.5;22.5;74.6;9;3.7;80.1;null;
1998-01-31;9;120.7;null;null;234.2;6.6;null;71.3;1002.4;31.3;26.9;23.1;78;7.6;3.2;54.2;null;
1998-02-28;14;107.8;null;null;261.3;6.6;null;17.6;1003.8;31.7;26.7;22.7;77.3;8.3;3.3;56.2;null;
1998-03-31;14;109.4;null;null;290.4;6.2;null;23.8;1002.5;32.2;27.3;22.9;75.1;8.1;3.4;55.3;null;
1998-04-30;9;127.6;null;null;273.3;6.7;null;101.3;1003.2;31.6;26.8;22.7;75.4;6.9;2.8;54.9;null;
1998-05-31;14;108.3;null;null;219.5;7.3;21;241;1005.2;29.7;25.7;22.5;80.5;6.4;2.5;75.3;null;
1998-06-30;14;91.2;null;null;197.6;7.1;20;162.2;1007.3;28.7;24.7;21.8;80.4;6.3;2.2;79.3;null;
1998-07-31;14;99.1;null;null;193.4;7.3;23;193.1;1007.2;28.1;24;20.7;81.7;5.6;2.3;76.5;null;
1998-08-31;14;97;null;null;196.8;7.2;29;181.5;1007;27.7;23.9;20.7;81.5;6.8;2.9;77.7;null;
1998-09-30;14;100;null;null;236.6;6.7;18;44.4;1006.5;28.4;24.5;20.8;76.7;8.1;3;80.8;null;
1998-10-31;14;93.7;null;null;278.6;6.3;null;36.6;1005.3;29.5;25.1;20.9;74.8;8.2;3.9;82.6;null;
1998-11-30;14;105.7;null;null;310.8;6;null;.7;1002.3;31.4;26.1;21.2;72.1;9.9;4.3;84;null;
1998-12-31;14;126.7;null;null;321.7;5.6;null;16.3;1002.8;31.9;26.6;21.9;69.9;10.7;4.3;84;null;
1999-01-31;14;116.1;null;null;303.3;6.2;null;21.3;1002.4;31.4;26.5;22;71.5;8.7;4.1;82.4;null;
1999-02-28;14;112.5;null;null;250.3;7;null;42.2;1003;31.2;26.2;21.8;74;7.5;3.4;79.9;null;
1999-03-31;14;116.4;null;null;269.2;6.6;null;49.4;1001.9;31.3;26.3;22;72.8;7.8;3.2;81.9;null;
1999-04-30;14;116.1;null;null;281.1;6.6;null;44.9;1003.5;31.2;26.4;22.5;73.1;7.3;2.8;83;null;
1999-05-31;14;99.6;null;null;212.2;7.4;null;216.6;1004.3;29;25.2;21.9;80.2;5.9;2.2;75.3;null;
1999-06-30;14;85.8;null;null;211.4;7.1;null;208.9;1005.3;28.8;24.5;20.9;80.1;6.2;2.1;79.9;null;
1999-07-31;14;81.5;null;null;205.1;7.3;null;232.6;1007.5;27.5;23.8;20.1;80.3;7.2;2.3;77.7;null;
1999-08-31;14;101.2;null;null;196.9;7.2;27;137.7;1007.8;27.3;23.6;20.3;81.5;11.1;2.8;79.2;null;
1999-09-30;14;98.2;null;null;173.7;7.5;22;89.2;1006.1;27.4;23.7;20.1;80.5;6.4;2.6;77.7;null;
1999-10-31;14;111.8;null;null;228.5;7.1;16;160.1;1005.3;28.5;24.4;20;78.3;7.5;3.1;78.5;null;
1999-11-30;9;100.4;null;null;274.6;6.4;null;21.6;1003.2;30;25.7;21.1;73.1;9.3;3.7;82.5;null;
1999-12-31;14;123.4;null;null;249.6;7.1;null;33;1002.9;30.8;25.8;20.5;73.1;9.3;3.7;80.9;null;
2000-01-31;14;104.6;null;null;243.7;6.9;13;90;1002.5;30.3;25.6;20.9;76.4;7.4;3;80.2;null;
2000-02-29;9;102.1;null;null;216.5;6.7;13;151;1003.6;30.8;25.7;20.6;74.6;7;2.7;79.3;null;
2000-03-31;14;88.8;null;null;196.5;7.2;16;136;1003;30.6;25.6;20.9;75.3;6.4;2.5;78.7;null;
2000-04-30;14;78.5;null;null;200.2;7.5;24;404.2;1003.9;29.7;25.3;20.9;75.6;6.5;2.1;76.7;null;
2000-05-31;14;77.4;null;null;236.6;7.2;23;300.3;1005.3;29;24.6;20.5;78.3;6.3;2.3;61.1;null;
2000-06-30;14;68;null;null;160.5;8.1;29;235.4;1006.3;27.9;23.7;19;80;6.1;1.8;43.6;null;
2000-07-31;14;66.4;null;null;162.8;8.3;30;393.5;1006.5;26.9;23.1;19.8;84.7;6.3;2;46;null;
2000-08-31;14;65.8;null;null;180.4;7.3;22;300.2;1007.4;27.6;23.4;19.5;81.8;7;2.2;42.5;null;
2000-09-30;14;52;null;null;136.7;8;25;426.9;1006.4;27.6;23.5;19.8;83.3;7.5;2.3;39.9;null;
2000-10-31;14;88.2;null;null;204.8;7;12;64.2;1006;29.1;24.2;19.8;80.5;7.1;2.8;43.7;null;
2000-11-30;14;106.2;null;null;233.2;6.7;9;55.7;1003;30.6;25.1;20.7;78.6;7.5;3.4;45.3;null;
2000-12-31;14;null;null;null;247;6.7;8;66;null;30.2;25;20.5;79.4;null;null;5.9;null;
2001-01-31;14;null;null;null;250.1;6.5;9;27.6;null;30.5;25.6;20.8;74.8;8.1;3.4;9.4;null;
2001-02-28;9;87.4;null;null;219.8;6.3;6;16.5;1003.2;31.4;26.1;20.8;73.3;8.4;3.3;45.9;null;
2001-03-31;14;93.6;null;null;209.7;6.9;12;64.4;1003.5;31.5;26;21.2;75.5;6.8;2.7;44.7;null;
2001-04-30;14;97.8;null;null;206.4;6.9;18;128.8;1004.4;29.9;25.1;19.8;77.6;5.9;2.2;47.2;null;
2001-05-31;14;104.1;null;null;277.9;6.2;9;49.9;1004.6;30.4;25.1;19.9;77.2;6.7;2.3;49.4;null;
2001-06-30;14;69.7;null;null;175.4;7.5;26;413.4;1006.8;27.9;23.4;19;84.2;6.3;1.8;48;null;
2001-07-31;14;71.1;null;null;159.1;7.7;29;271.2;1007.4;27.2;23.3;18.9;84.2;9;2;48.1;null;
2001-08-31;14;68;null;null;179.6;7.5;24;198.7;1009.6;27.3;23.3;19.5;82.6;6.7;2.4;45.1;null;
2001-09-30;14;86;null;null;236.7;6.5;17;52;1006.7;28.8;24.2;19.8;78.9;7.7;2.6;46.3;null;
2001-10-31;14;86.9;null;null;230.1;6.9;12;171.8;1005.3;29.8;24.7;20;80.5;8.5;3;45.2;null;
2001-11-30;14;87.1;null;null;288.1;6.5;11;94.5;1004;30.4;24.9;19.8;78.4;7.1;3.4;46.3;null;
2001-12-31;14;87.6;null;null;240.3;7;24;115.9;1003.5;30.2;24.8;19.8;79.4;6.5;3.1;44.5;null;
2002-01-31;14;71.5;null;null;142.4;7.8;24;356.5;1003.7;29.5;24.4;19.1;84;7.8;2.4;46.8;null;
2002-02-28;14;79.4;null;null;204.8;7;11;91.7;1004.5;30.9;25.4;20;77.4;6.3;2.7;46.4;null;
2002-03-31;14;88.2;null;null;184.3;7.1;20;201.7;1003.7;30.2;25.2;19.8;80.7;6.9;2.5;44.5;null;
2002-04-30;14;91.7;null;null;160.6;7.4;20;133.8;1003.3;29.9;25.1;19.8;78.3;7;2.4;45.7;null;
2002-05-31;14;81.4;null;null;159.5;7.7;23;360.2;1004.4;29;24.3;19.2;82.9;6.5;2.1;43.9;null;
2002-06-30;14;66.8;null;null;108.8;8.3;30;408.8;1007;27.5;23.3;18.3;86.1;7.4;2;45.5;null;
2002-07-31;14;80.9;null;null;181.8;7.6;19;109.9;1007.7;27.5;23.3;17.8;82;5.9;2.1;49.6;null;
2002-08-31;14;69.8;null;null;165.1;7.7;28;177.1;1007.7;27.3;23;17.8;83.6;6.2;2.5;48.7;null;
2002-09-30;14;84.4;null;null;198.1;6.6;11;44.8;1006.5;29.1;23.9;18;79.9;8.9;3.2;49.3;null;
2002-10-31;14;90.5;null;null;147.6;7.1;10;32.9;1005.2;29.7;24.5;18.5;76.9;7.9;3.5;49.7;null;
2002-11-30;14;86;null;null;185.6;6.8;9;91.9;1004.6;30.4;24.8;18.7;75.7;7.9;3.8;50.2;null;
2002-12-31;14;98.4;null;null;208.1;6.9;6;3;1003.7;31.8;25.7;19.4;74.3;6.7;3.6;49.9;null;
2003-01-31;14;101.5;144.4;144.4;223.3;6.5;6;37.2;1003.4;32.4;26.5;20.4;72.3;8.3;4.1;49.6;null;
2003-02-28;14;87.8;122;122;152.5;7.4;15;78.2;1003.6;31.1;26;20.3;73.7;9;3.2;50;null;
2003-03-31;14;88;140.6;140.6;174.6;7.6;17;135.7;1002.9;31.2;26.5;22.5;74.4;6.2;2.7;50;null;
2003-04-30;14;76.2;126.7;126.7;243.6;7.1;19;124.7;1003.5;30.9;26.1;22.4;75.1;7.2;2.3;50;null;
2003-05-31;14;69.2;113.3;113.3;231.3;7.4;23;179.4;1004.4;29.6;25.1;21.5;80.3;6.3;2.2;50;null;
2003-06-30;14;65;90.4;90.4;167.2;7.9;23;238.3;1005.9;27.9;23.7;19.5;82.8;6;1.8;49.6;null;
2003-07-31;14;66.2;87.6;87.6;192.4;7.9;29;229.1;1007.8;27.6;23.2;18.8;82.4;6.9;2.3;50;null;
2003-08-31;14;74.4;91.5;91.5;202.4;7.5;25;144.5;1007.5;27.6;23.6;19;80.5;6.8;2.6;49.7;null;
2003-09-30;14;75.8;101.1;101.1;148.7;7.4;21;139.3;1006.5;28.4;24;18.8;80.4;6.8;3.1;50;null;
2003-10-31;14;83.5;120.7;120.7;91.7;7.3;18;75.9;1004.8;29.3;24.7;19.3;77.2;8.9;3.5;50;null;
2003-11-30;14;88.8;126.8;126.8;119.3;6.7;12;72.2;1003;31.4;25.5;19.9;75.9;9;3.7;50.2;null;
2003-12-31;14;92.4;139.5;20.5;123.2;7.2;11;18.9;1003.4;31.3;25.7;20.2;75.5;7.5;3.8;50;null;
2004-01-31;14;75;142.6;142.6;56.9;8.1;20;222.8;1002.2;29.7;25.1;20.2;79.4;6.7;3;49.5;null;
2004-02-29;14;72.8;132.4;132.4;97.4;7.7;13;152;1003.1;30.2;25.3;20.2;78;6.8;2.8;50;null;
2004-03-31;14;85.2;138.2;138.2;120.9;7.8;16;166.6;1002.8;30.9;25.5;20.2;77.6;6.4;2.8;50;null;
2004-04-30;14;77.2;124.1;124.1;173.7;7.5;20;129.5;1003.6;29.9;25.1;20.2;79.3;6.8;2.6;50;null;
2004-05-31;14;76.5;113.2;113.2;191;7.8;24;157.4;1004.8;29.3;24.5;19.8;80.7;7.1;2.2;50;null;
2004-06-30;14;58.1;97.2;97.2;128.8;8.4;27;716.4;1007.6;27.8;23.3;19;84.8;6.9;2.4;49.3;null;
2004-07-31;14;52;91.7;91.7;133.1;8.6;26;318.4;1006.8;27.1;22.9;18.8;87.1;7.4;2.4;49.2;null;
2004-08-31;14;61;89.1;89.1;168.3;7.7;25;204.5;1008;27.9;23.1;18.7;85.1;7.1;2.4;47.7;null;
2004-09-30;14;86.2;95.7;95.7;132;7.8;19;163.3;1006.7;28;23.6;18.8;81.7;7.8;3;49.7;null;
2004-10-31;14;86.2;113.8;113.8;155.8;6.8;11;32.9;1004.7;29.7;24.6;19.1;77.8;9.2;3.7;50.5;null;
2004-11-30;14;76.6;158;38.4;243.3;6.5;5;18.9;1003.3;30.8;25.7;20.3;72.3;8.8;3.7;50;null;
2004-12-31;14;86.4;null;null;273.7;6.1;3;5.1;1002.9;31.2;26.1;20.4;70.1;9.8;3.8;50;null;
2005-01-31;14;92.6;null;null;287.6;6.2;3;5.9;1002.1;31.3;26.5;20.6;71.4;9.5;4;50;null;
2005-02-28;14;74.9;null;null;193.5;6.5;11;50.8;1001.8;31.6;26.7;21.5;73.9;7.3;3.5;50;null;
2005-03-31;14;88.2;null;null;183.8;6.4;10;56.4;1002.4;32;27.1;21.7;73.7;7.3;3.4;50;null;
2005-04-30;14;77.5;null;null;235.9;6.1;17;126.2;1003.1;30.9;26.4;21.7;77.8;6;2.6;50;null;
2005-05-31;14;68.3;null;null;147.5;7.5;26;394;1003.9;29;24.8;20.9;85.2;7.1;2.3;49.7;null;
2005-06-30;14;60.4;null;null;160.3;7.5;28;346.6;1005.6;28.1;24;19.2;83.8;5.8;2.2;50;null;
2005-07-31;14;60.6;null;null;198;6.8;25;162;1007.7;27.5;23.4;18.9;81.1;7;2.2;50;null;
2005-08-31;14;67.7;null;null;183.8;7.2;28;211.9;1007.4;27.5;23.2;18.9;82.2;6.4;2.5;50;null;
2005-09-30;14;74.8;null;null;209.4;6.5;13;44;1006.7;28.4;24.2;19.8;77.6;7.7;3.3;50;null;
2005-10-31;14;79.8;null;null;231.6;5.7;10;32.4;1005.2;29.9;25.4;21.5;74.2;7.3;3.5;50;null;
2005-11-30;14;86.2;null;null;282;5.4;5;12.1;1002.9;31.2;26.3;21.8;70.7;9.1;4.1;50;null;
2005-12-31;14;91;null;null;272.4;5.8;14;91.5;1002;30.5;25.9;21.8;74.3;8.2;3.4;50;null;
2006-01-31;14;129.2;null;null;255.2;5.8;11;57.8;1003;30.1;26;21.6;71.2;7.2;3.4;50;null;
2006-02-28;14;112.5;null;null;223.4;5.3;6;10.6;1001.9;31.8;27;22.9;70.2;8.6;3.6;50;null;
2006-03-31;14;112.8;null;null;254.2;5.6;11;114.2;1002.2;31.8;27.1;23.3;73.1;7.9;3;50;null;
2006-04-30;14;84;null;null;206.2;6.4;18;157.1;1001.9;30.4;26.2;22.7;78.7;7.1;2.3;49.4;null;
2006-05-31;14;66.5;null;null;155.2;7.6;23;590.1;1004.6;29.2;25.1;21.6;82.1;5.4;1.8;50.7;null;
2006-06-30;14;67.2;96.6;96.6;140.4;7.7;28;349.4;1006.3;27.8;24.3;21.1;82.8;11.1;2.5;50.5;null;
2006-07-31;14;64.9;92.5;92.5;170.1;7.2;26;234.4;1007.5;27.2;23.7;20.4;82.9;9.6;2.1;50.2;null;
2006-08-31;14;79.9;89.1;89.1;208.3;7.1;20;119;1007;28;24.1;20.1;79.6;6.3;2.4;50;null;
2006-09-30;14;97.6;103.5;103.5;240.3;6.4;13;135.5;1006.6;28.6;24.4;20.1;77.7;6.9;3.1;50;null;
2006-10-31;14;97.3;122.8;122.8;230;5.7;9;66.6;1004.4;29.8;25.4;20.8;74.8;7;3.4;50.5;null;
2006-11-30;14;104.1;128.9;82.4;278.7;5.6;6;38.4;1002.9;30.8;25.9;21.2;74.6;9.2;4;51;null;
2006-12-31;14;null;null;null;null;5.8;5;15.6;1003.7;30.9;26.1;21.2;73.6;9.6;4;50;null;
2007-01-31;14;null;null;null;null;6.4;null;null;1003.5;null;null;null;98;8.8;3.8;50;null;
2007-02-28;null;null;null;null;null;null;null;null;null;null;null;null;null;null;null;null;null;
2007-03-31;null;null;null;null;null;null;null;null;null;null;null;null;null;null;null;null;null;
2007-04-30;null;null;null;null;null;null;null;null;null;null;null;null;null;null;null;null;null;
2007-05-31;null;null;null;null;null;null;null;null;null;null;null;null;null;null;null;null;null;
2007-06-30;null;null;null;null;null;null;null;null;null;null;null;null;null;null;null;null;null;
2007-07-31;null;null;null;null;null;null;null;null;null;null;null;null;null;null;null;null;null;
2007-08-31;null;null;null;null;null;null;null;null;null;null;null;null;null;null;null;null;null;
2007-09-30;null;null;null;null;null;null;null;null;null;null;null;null;null;null;null;null;null;
2007-10-31;null;null;null;null;null;null;null;null;null;null;null;null;null;null;null;null;null;
2007-11-30;null;null;null;null;null;null;null;null;null;null;null;null;null;null;null;null;null;
2007-12-31;null;null;null;null;null;null;null;null;null;null;null;null;null;null;null;null;null;
2008-01-31;null;null;null;null;null;null;null;null;null;null;null;null;null;null;null;null;null;
2008-02-29;null;null;null;null;null;null;null;null;null;null;null;null;null;null;null;null;null;
2008-03-31;null;null;null;null;null;null;null;null;null;null;null;null;null;null;null;null;null;
2008-04-30;null;null;null;null;null;null;null;null;null;null;null;null;null;null;null;null;null;
2008-05-31;null;null;null;null;null;null;null;null;null;null;null;null;null;null;null;null;null;
2008-06-30;null;null;null;null;null;null;null;null;null;null;null;null;null;null;null;null;null;
2008-07-31;null;null;null;null;null;null;null;null;null;null;null;null;null;null;null;null;null;
2008-08-31;null;null;null;null;null;null;null;null;null;null;null;null;null;null;null;null;null;
2008-09-30;null;null;null;null;null;null;4;null;null;null;null;null;null;null;null;null;null;
2008-10-31;null;126.1;121.4;76.9;null;6.6;13;64.3;1005.7;29.8;25.3;21.6;78.6;null;null;78.6;null;
2008-11-30;11;117.2;135.4;27.7;null;6.1;6;13.2;1003.4;31.4;26.2;21.9;74;null;null;79.5;null;
2008-12-31;null;125.5;146.4;21.5;null;6.1;5;20.7;1002.7;31.7;26.6;22.4;72.8;null;null;80.4;null;
2009-01-31;null;123.2;151.1;36.2;null;6.5;6;35;1003.6;31.6;26.6;21.8;74;null;null;82;null;
2009-02-28;null;112.8;125;125;null;6.9;16;222.1;1003.6;30.9;26.3;22.4;76.8;null;null;80.9;null;
2009-03-31;null;125.4;144.1;144.1;null;6.2;4;205.8;1002.6;32;26.8;22.1;75.2;null;null;82.8;null;
2009-04-30;null;97;133;133;null;6.9;11;190.1;1003.1;31.8;26.8;22.7;77.6;null;null;82.4;null;
2009-05-31;null;70.5;116.2;116.2;null;8.2;27;788.5;1004.2;29.3;25.3;21.6;85.1;null;null;76.3;null;
2009-06-30;null;73.6;105.8;105.8;null;8.1;26;462.1;1006.3;29.5;25;21.8;85.5;null;null;81.3;null;
2009-07-31;null;89.2;92.5;92.5;null;7.5;27;273.3;1007.1;29.5;24.7;21.2;84;null;null;82.3;null;
2009-08-31;null;88.4;99.2;99.2;null;7.9;26;331.5;1006.7;28.8;24.5;22.1;84;null;null;80;null;
2009-09-30;null;86.9;111.9;111.1;null;7.3;13;103.7;1006.8;30.5;25;21;79.6;null;null;83;null;
2009-10-31;null;95.8;145.8;79.4;null;6.6;7;14.9;1004.1;32.5;26.4;21.2;74.2;null;null;84;null;
2009-11-30;null;109.8;142.1;33.8;null;6.6;10;16.8;1004;32.1;26.7;21.3;74.2;null;null;83.8;null;
2009-12-31;null;108.5;146.4;40.1;null;6.8;9;30.5;1003.6;31.4;26.6;21.6;76.7;null;null;83.3;null;
2010-01-31;null;110.6;142.3;142.3;null;7.3;15;212.3;1003.3;30.7;26.3;22;77.9;null;null;82.8;null;
2010-02-28;null;96.7;131.2;131.2;null;7.6;17;175;1003.5;31.6;26.6;22.8;79.9;null;null;82.7;null;
2010-03-31;null;98.2;151;151;null;6.9;8;151.1;1003.1;32.1;27.1;22.9;77.6;null;null;83.4;null;
2010-04-30;null;91.9;137.8;137.8;null;7.5;17;172.5;1003.3;31.3;26.8;23.1;81.6;null;null;82.4;null;
2010-05-31;null;86.4;129.9;129.9;null;7.5;19;152.1;1004;30.4;26.2;22.1;83.1;null;null;83.3;null;
2010-06-30;null;73;105.8;105.8;null;8.2;25;713;1006.6;28.6;24.8;21.2;87.5;null;null;80.5;null;
2010-07-31;null;68.6;100.2;100.2;null;7.7;25;257;1007.2;28;24.1;20.5;85.3;null;null;80.8;null;
2010-08-31;null;56.4;95.3;95.3;null;7.5;21;188;1008.2;27.4;23.8;20.3;84.4;null;null;83.3;null;
2010-09-30;null;77.2;104.9;104.9;null;7.5;18;146.8;1007.2;27.9;24.5;20.8;81.1;null;null;83.1;null;
2010-10-31;null;82;135.6;129;null;7;6;96.8;1004.6;30.1;25.8;22.4;79.9;null;null;84;null;
2010-11-30;null;81;140.4;55.9;null;7;7;5.7;1003.3;31.3;26.6;22.4;77;null;null;84;null;
2010-12-31;null;90;155.4;35.2;null;6.7;5;22.2;1002;31.5;27.1;23.1;76.6;null;null;84;null;
2011-01-31;null;93.4;147.5;140.1;null;7.5;21;142.1;1002;30.6;26.5;23.5;79.3;null;null;82.8;null;
2011-02-28;null;74.6;128;122.9;null;7.3;14;122.7;1003;30.7;26.4;23.1;80.8;null;null;80.1;null;
2011-03-31;null;89.6;158.3;20.6;null;6.5;6;17.5;1002.1;32.1;27.4;23.4;77.8;null;null;83.7;null;
2011-04-30;null;82.8;124.4;124.4;null;7.8;22;595.4;1003.2;30.2;26;22.6;84.1;null;null;81.3;null;
2011-05-31;null;null;115;115;null;7.9;27;397.3;1004.3;28.8;25.3;22.2;86.7;null;null;83.4;null;
2011-06-30;null;null;101.7;101.7;null;7.8;21;235;1005.9;28.1;24.9;21.3;84.9;null;null;84;null;
2011-07-31;null;null;95.8;95.8;null;7.7;27;366.2;1006.8;27.1;24;20.3;86.6;null;null;82.5;null;
2011-08-31;null;null;100.2;100.2;null;7.7;17;209.1;1007.5;27.4;24.5;21.3;84.5;null;null;83.6;null;
2011-09-30;null;null;101.9;99.9;null;7.7;19;111.1;1008.1;27.6;24.4;21.4;83;null;null;83.2;null;
2011-10-31;null;null;123.2;91.9;null;7.5;13;49.8;1004.3;29.2;25.4;21.6;81.4;null;null;82.9;null;
2011-11-30;null;null;139.9;121.7;null;7.5;13;112.3;1004;30;26.1;22.4;78.1;null;null;83.8;null;
2011-12-31;null;null;147.8;36;null;7.1;3;14.2;1003.7;30.8;26.5;22.3;76.3;null;null;83.8;null;
2012-01-31;null;null;149;149;null;7.6;12;189.9;1004.3;30;26.2;22.5;81.2;null;null;83.6;null;
2012-02-29;null;null;132.1;85.5;null;7.7;10;67.8;1003.8;29.8;26.4;22.8;80.1;null;null;83.2;null;
2012-03-31;null;null;136.6;136.6;null;7.5;6;139.9;1004.3;30.4;26.4;22.8;79.6;null;null;82.2;null;
2012-04-30;null;null;125.9;85.5;null;7.2;10;56.6;1004.4;30.1;26.2;22.2;80.5;null;null;84;null;
2012-05-31;null;null;127.6;110.6;null;7.4;12;85.3;1005.4;30;26.1;22.6;81.6;null;null;84;null;
2012-06-30;null;null;110.2;110.2;null;8;23;272.8;1007;28.2;24.9;22.3;84.7;null;null;83;null;
2012-07-31;null;null;109.9;109.9;null;7.9;22;271.3;1007.3;27.8;24.4;22;85.5;null;null;83.1;null;
2012-08-31;null;null;101.6;101.6;null;7.6;21;154.4;1009.1;27.6;24.1;21.2;85.1;null;null;83.4;null;
2012-09-30;null;null;106.2;81.7;null;7.1;9;27;1008.5;28.3;25.1;21;81.7;null;null;84;null;
2012-10-31;null;null;129.8;90.2;null;7.2;11;69.8;1005.9;29;25.6;21.8;81.5;null;null;84;null;
2012-11-30;null;null;147.2;19.1;null;7.2;null;0;1003.6;31.3;27;22.7;77.1;null;null;84;null;
2012-12-31;null;null;155.3;18.1;null;7;6;13.8;1003.5;31.1;26.9;22.9;78.3;null;null;84;null;
2013-01-31;null;null;149;64.2;null;7;8;63.6;1004;31.3;26.8;22.7;79.1;null;null;83.4;null;
2013-02-28;null;null;146.2;12.8;null;7.2;4;12.4;1003.8;31.9;27.5;23.2;76.9;null;null;84;null;
2013-03-31;null;null;156.8;30.2;null;6.8;1;25.6;1003.8;32.1;27.5;23.4;77;null;null;84;null;
2013-04-30;null;null;139.3;139.3;null;7.1;null;174.4;1004.2;31.1;26.8;23.3;80.5;null;null;84;null;
2013-05-31;null;null;119.7;119.7;null;7.7;null;266.3;1005.3;29.3;25.6;22.5;83.5;null;null;82.9;null;
2013-06-30;null;null;107.3;107.3;null;7.5;null;252.3;1006.3;28.8;25.2;22.2;85.1;null;null;83.3;null;
2013-07-31;null;null;118.9;118.9;null;8;null;388.8;1007.4;27.5;24.3;21.7;88.1;null;null;81.6;null;
2013-08-31;null;null;105.8;105.8;null;7.7;null;174.9;1007.4;27.7;24.4;21.6;85.9;null;null;83.8;null;
2013-09-30;null;null;109.1;107.5;null;7.5;null;97.4;1007.8;28.5;25;21.6;80.3;null;null;83.6;null;
2013-10-31;null;97.5;126.4;126.4;203.4;7.4;null;218.6;1006.4;29.6;25.5;21.8;80.7;null;null;74.5;null;
2013-11-30;null;95.3;123.1;122.3;217.5;7.5;null;111.7;1004.7;29.6;25.6;21.9;83;null;null;64.4;null;
2013-12-31;null;102.7;135.2;74.1;234;6.9;null;11.4;1003.7;31;26.3;22.4;82.2;null;null;65.7;null;
2014-01-31;null;115.6;143.5;67.5;249.9;7.7;null;52.1;1004.8;30.8;26.4;22.3;78.9;null;null;63.4;null;
2014-02-28;null;null;132.5;118.8;null;7.8;null;117.4;1003.5;30.7;null;null;null;null;null;82.5;null;
2014-03-31;null;96.2;149.2;58.9;null;7.5;null;53.5;1004.2;30.9;null;null;null;null;null;84;null;
2014-04-30;null;98.2;130.9;130.9;null;7.7;null;152.9;1004.2;30.8;null;22.9;null;null;null;83.2;null;
2014-05-31;null;87.6;115;115;162.1;8.4;null;396.4;1004.9;29;25.4;22.3;85.7;null;null;73.4;null;
2014-06-30;null;78.3;107.3;107.3;184.7;8.3;null;181.4;1006.7;29;25.1;22.2;86.2;null;null;70.1;null;
2014-07-31;null;82.3;105.5;105.5;198.7;8.2;null;223.3;1008.9;27.9;24.5;21.9;85.9;null;null;69.2;null;
2014-08-31;null;83.8;110.2;110.2;null;7.8;null;162.6;1008.7;28.4;24.9;21.7;83.9;null;null;75.6;null;
2014-09-30;null;89.6;112;112;221.2;7.6;null;142.6;1007.9;29;24.9;21.6;83.6;null;null;63.4;null;
2014-10-31;null;94.9;121.5;121.5;228.3;7.7;null;273.3;1007.2;29.3;25.4;22;83;null;null;62.2;null;
2014-11-30;null;98.7;138.2;108.2;211;7.2;null;50.5;1004.9;31.1;26.5;22.5;78.7;null;null;62.7;null;
2014-12-31;null;101.8;144.1;60.3;215.7;7.4;null;31.7;1005.3;31;26.5;22.3;77.2;null;null;66.1;null;
2015-01-31;null;105.8;176.7;39.4;244.8;7.3;null;29;1005.2;31.4;26.9;22.8;77.4;null;null;63.4;null;
2015-02-28;null;84.6;122.8;101.1;202.1;7.7;null;108.5;1005.2;31.2;26.4;23.1;82.3;null;null;59.3;null;
2015-03-31;null;94.5;145.6;67.2;247.1;7.6;null;58.6;1004.4;31.4;27;23.6;80;null;null;62.2;null;
2015-04-30;null;101.6;151.8;18.4;280.9;6.9;null;17.6;1004.6;32.4;27.6;23.6;77.3;null;null;63.4;null;
2015-05-31;null;95.1;134.3;134.3;234.8;7.8;null;223.8;1005.7;30.6;26.6;23;81.2;null;null;63.4;null;
2015-06-30;null;71.2;104.5;104.5;158.9;8.3;null;347.9;1007.6;28.4;25.1;22.1;85.7;null;null;61.4;null;
2015-07-31;null;76;105.5;105.5;149.6;8.4;null;312.8;1008.4;27.8;24.8;22.7;86;null;null;61.2;null;
2015-08-31;null;84.1;110.2;110.2;220.1;7.8;null;163.8;1008.7;28;24.9;22.2;83.6;null;null;62.7;null;
2015-09-30;null;89.9;121.2;94;235.1;7.5;null;42.8;1007.7;29.3;25.7;22.6;80.8;null;null;62.7;null;
2015-10-31;null;97.2;136.6;77.8;261.3;7.3;null;53.4;1007.1;30.2;26.2;22.9;78.8;null;null;62.4;null;
2015-11-30;null;97.9;150.8;16.2;290.5;6.7;null;1.6;1005.2;31.8;27.1;23.1;76.6;null;null;62.7;null;
2015-12-31;null;99.8;147.8;77.4;214.9;7.7;null;73.4;1005.9;31.1;26.6;23.2;78.8;null;null;62.7;null;
2016-01-31;null;95.4;152.8;152.8;185.7;7.8;null;160;1004.9;31.2;26.7;23.7;78.3;null;null;62.2;null;
2016-02-29;null;89.5;138.9;68.6;235.3;7.4;null;62.2;1005.9;31.5;26.8;23.3;75.9;null;null;62.7;null;
2016-03-31;null;100.5;143.7;143.7;225.5;7.5;null;152.8;1005.7;31;26.8;23.5;77.6;null;null;63.1;null;
2016-04-30;null;91.2;134.1;134.1;206.9;7.8;null;142.7;1005.6;30.7;26.4;23.2;80;null;null;63.4;null;
2016-05-31;null;82.5;119.6;119.6;185.2;8.1;22;149.4;1006.7;29.8;25.7;22.7;82.3;null;null;62.5;null;
2016-06-30;null;76.4;111.6;111.6;201.5;7.8;null;171.7;1007.8;29.3;25.4;22.5;84.4;null;null;63;null;
2016-07-31;null;79;118.9;118.9;198;8;null;136.6;1008.3;28.7;24.9;22;85.7;null;null;62.7;null;
2016-08-31;null;86.4;116.3;114;219;7.5;null;94.5;1008.3;29.5;25.3;22.1;82.5;null;null;63.4;null;
2016-09-30;null;81.4;115.1;96;244.5;7.7;null;63.6;1008.4;29.5;25.3;22.3;82.7;null;null;64.1;null;
2016-10-31;null;97.2;142;48;290.6;7.1;null;13.2;1006.5;31.8;26.5;23.1;78.6;null;null;62.7;null;
2016-11-30;null;95.8;140;31.7;259.8;7.4;null;22.5;1005.7;31.5;26.5;23.2;79.4;null;null;63.4;null;
2016-12-31;null;99.2;149.6;32.5;239.1;7.3;null;33.6;1004.9;31.9;26.8;23.4;77.3;null;null;62.7;null;
2017-01-31;null;100.3;150.9;53.9;239.7;7.5;null;53.1;1005;31.8;26.8;23.3;77.5;null;null;62.5;null;
2017-02-28;null;91;135.8;20.3;232.2;7.4;null;20;1004.6;31.6;26.9;23.9;79.4;null;null;64;null;
2017-03-31;null;90.2;142;60.4;243.3;7.3;null;62.4;1004.8;31.7;26.8;23.6;79;null;null;64;null;
2017-04-30;null;91.1;127.6;127.6;212.7;7.8;null;244.9;1005.1;30.8;26.3;23.3;80.6;null;null;64.1;null;
2017-05-31;null;84.2;113.5;113.5;144.4;8.3;null;813.2;1005.8;29.2;25.5;22.8;83.1;null;null;61.1;null;
2017-06-30;null;69.1;101.7;101.7;132.6;8.6;null;551.7;1006.9;28.2;24.7;22.3;85.9;null;null;61.3;null;
2017-07-31;null;66.4;95.8;95.8;101.3;8.8;null;645.8;1009.5;27;23.9;21.5;88.9;null;null;61.6;null;
2017-08-31;null;76.3;105.8;105.8;175.8;8;null;316.7;1008.4;28.1;24.5;21.6;85.6;null;null;62.6;null;
2017-09-30;null;64.2;110.5;110.5;194.7;8.1;null;186.3;1008.5;28.4;24.8;22.3;84.5;null;null;62.1;null;
2017-10-31;null;79.1;126.4;112;197.9;7.7;null;67.5;1006.6;29.4;25.7;22.6;80;null;null;64;null;
2017-11-30;null;89.8;139.9;54.1;232.4;7.1;null;14.5;1005.1;32;26.6;22.9;79;null;null;62.7;null;
2017-12-31;null;97;151.5;66.7;225.3;7.2;null;57;1004.8;32.3;26.7;23.1;78.6;null;null;62.7;null;
2018-01-31;null;84.1;143.5;143.5;216.5;7.5;11;175.8;1005;31.3;26.5;23;78.9;null;null;62.4;null;
2018-02-28;null;79.7;127.6;127.6;185.3;7.8;12;142.7;1004.4;31.5;26.4;23.1;79.3;null;null;62.4;null;
2018-03-31;null;90.6;143.8;143.8;217.6;7.4;14;172.9;1004.3;31.8;26.7;23.4;80.3;null;null;62.7;null;
2018-04-30;null;73.8;119.6;119.6;148.5;8.1;20;479;1005.4;29.7;25.7;22.8;82.7;null;null;62.1;null;
2018-05-31;null;84.2;118.1;118.1;189.2;8.1;22;205.3;1006.2;29.5;25.5;22.5;82.5;null;null;62.5;null;
2018-06-30;null;73.2;107.3;107.3;187.3;8;23;172.1;1007.7;29.3;25.1;21.9;84.8;null;null;null;null;
2018-07-31;null;66.3;98.5;98.5;160.4;8.3;24;226.9;1008.7;28.2;24.2;20.6;86.5;null;null;64.5;null;
2018-08-31;null;81.7;111.6;102.3;228.5;7.8;14;65.1;1008.5;29.4;25.2;21.7;82.5;null;null;62.7;null;
2018-09-30;null;83.2;119.6;84.1;241.9;7.5;15;65.2;1007.3;29.7;25.5;22.2;79.3;null;null;62.8;null;
2018-10-31;null;86.8;140.1;24.5;281.3;7.2;2;5;1006.1;31.3;26.4;22.9;76.7;null;null;63;null;
2018-11-30;null;80.5;139.9;64.8;221.8;7.7;15;61.1;1006.1;31;26.5;23.1;79.1;null;null;62.7;null;
2018-12-31;null;86.9;149.6;82;217.4;7.7;11;85.4;1005.6;31.5;26.7;23.2;77.6;null;null;62.7;null;
2019-01-31;null;85.7;138.1;138.1;169.6;8.3;20;223.6;1006.1;31.2;26.1;23.1;80.9;null;null;62.7;null;
2019-02-28;null;null;140.9;129.5;193.1;7.6;12;96;1004.9;32.5;27.1;23.4;78.3;null;null;96.7;null;
2019-03-31;null;89.3;151.1;151.1;226.1;7.7;11;175.2;1005.5;32.3;27.3;23.4;76.5;null;null;64.1;null;
2019-04-30;null;71.6;135.9;135.9;190;7.7;12;154.2;1004.7;30.6;26.7;23.2;78;null;null;64.8;null;
2019-05-31;null;82.2;144.8;144.8;218.7;7.5;14;158.9;1005.2;31.7;26.7;23;79.8;null;null;63.1;null;
2019-06-30;null;75.2;110.2;110.2;164;7.9;23;310.1;1007.4;29.5;25.5;22.5;84.5;null;null;63.4;null;
2019-07-31;null;65.4;107;107;170.7;8;23;305.4;1007.8;28.3;24.9;21.9;85.2;null;null;62.7;null;
2019-08-31;null;67.7;105.8;105.8;189.8;7.9;21;211.6;1009.4;28.8;24.8;21.6;85.6;null;null;62.7;null;
2019-09-30;null;74.3;119.6;118.1;222.2;7.5;14;101.5;1008.2;29.5;25.6;22.6;82.1;null;null;62.7;null;
2019-10-31;null;83.9;145.5;89.4;282.7;7.1;4;22.4;1006.4;31.4;26.6;23;76.2;null;null;67.4;null;
2019-11-30;null;80.7;147.1;26.8;278.9;6.7;3;6.3;1004.6;31.8;27;22.2;72;null;null;71.9;null;
2019-12-31;null;87.5;null;null;252.9;6.9;5;21;1004.5;32.2;27.2;22.7;73.2;null;null;68.2;null;
2020-01-31;null;78.4;null;null;null;6.9;2;5;1004.9;32.3;null;22.7;null;null;null;78.7;null;
2020-02-29;null;null;null;null;null;null;null;null;null;null;null;null;null;null;null;null;null;
2020-03-31;null;63.6;null;null;null;7.2;11;198.4;1004.8;30.8;null;22.7;null;null;null;84;null;
2020-04-30;null;64.8;null;null;null;7.4;12;136.7;1004.9;30.7;null;22.7;null;null;null;84;null;
2020-05-31;null;56.4;null;null;null;7.5;13;239.9;1005.8;30.2;null;22.3;null;null;null;84;null;
2020-06-30;null;54.9;null;null;null;7.7;18;150.6;1006.8;29.8;null;21.7;null;null;null;84;null;
2020-07-31;null;null;null;null;null;7;11;77.3;1006.8;null;null;21.7;null;null;null;99;null;
2020-08-31;null;null;null;null;null;7;6;47.4;1007;null;null;20.6;null;null;null;99;null;
2020-09-30;null;null;null;null;null;6.9;7;45;1006.9;null;null;21.9;null;null;null;98.9;null;
2020-10-31;null;null;null;null;null;6.9;2;3.7;1006.1;null;null;22.3;null;null;null;99;null;
2020-11-30;null;null;null;null;null;7.1;3;7.5;1006.7;null;null;22.2;null;null;null;99;null;
2020-12-31;null;null;null;null;null;7.4;5;32.3;1007;null;null;21.3;null;null;null;99;null;
2021-01-31;null;null;null;null;null;null;null;null;null;null;null;null;null;null;null;null;null;
2021-02-28;null;null;null;null;null;7;2;6.9;1006.5;null;null;22.3;null;null;null;99;null;
2021-03-31;null;null;null;null;null;null;2;null;1006.3;null;null;22.6;null;null;null;null;null;
2021-04-30;null;null;null;null;null;null;null;null;null;null;null;null;null;null;null;null;null;

