Nome: RECIFE (CURADO)
Codigo Estacao: 82900
Latitude: -8.05916666
Longitude: -34.95916666
Altitude: 11.3
Situacao: Fechada
Data Inicial: 1970-01-01
Data Final: 2020-08-31
Periodicidade da Medicao: Mensal

Data Medicao;DIRECAO PREDOMINANTE DO VENTO, MENSAL(° (gr));EVAPORACAO DO PICHE, MENSAL(mm);EVAPOTRANSPIRACAO POTENCIAL, BH MENSAL(mm);EVAPOTRANSPIRACAO REAL, BH MENSAL(mm);INSOLACAO TOTAL, MENSAL(h);NEBULOSIDADE, MEDIA MENSAL(décimos);NUMERO DE DIAS COM PRECIP. PLUV, MENSAL(número);PRECIPITACAO TOTAL, MENSAL(mm);PRESSAO ATMOSFERICA AO NIVEL DO MAR, MEDIA MENSAL(mB);PRESSAO ATMOSFERICA, MEDIA MENSAL(mB);TEMPERATURA MAXIMA MEDIA, MENSAL(°C);TEMPERATURA MEDIA COMPENSADA, MENSAL(°C);TEMPERATURA MINIMA MEDIA, MENSAL(°C);UMIDADE RELATIVA DO AR, MEDIA MENSAL(%);VENTO, VELOCIDADE MAXIMA MENSAL(m/s);VENTO, VELOCIDADE MEDIA MENSAL(m/s);VISIBILIDADE, MEDIA MENSAL(codigo);
1970-01-31;14;150.8;null;null;258.1;6;18;102.2;null;1010.3;29.9;26.7;23.1;76.7;7;2.8;40;
1970-02-28;14;146.2;null;null;241.8;5.9;null;113.3;null;1009.8;29.9;26.6;23;76.1;9;3.6;40;
1970-03-31;14;93.7;null;null;214.4;6.7;23;269.4;null;1009.6;29.3;26;23.1;83.4;8;2.4;39.5;
1970-04-30;14;77.2;null;null;191.2;7;21;591.3;null;1010.3;28.6;25.3;22.4;86;7;2.8;38.1;
1970-05-31;14;82.4;null;null;214.6;6.4;21;186.7;null;1011.3;28.4;24.6;21.6;85.1;7;3.1;40;
1970-06-30;14;76.1;null;null;207.2;6.9;24;367.8;null;1012.7;27.8;24.4;21.6;86.1;8;2.9;39.8;
1970-07-31;14;79.7;null;null;180.2;6.8;26;503.6;null;1013.9;26.8;23.4;20.8;84.7;9;3.9;38.8;
1970-08-31;14;90.7;null;null;182.4;6.7;26;626;null;1013.2;26.9;23.5;20.8;84;9;4;38.4;
1970-09-30;14;122.3;null;null;270.4;6;22;77.2;null;1012.2;28.1;24.7;21.4;79.1;9;3.9;39.3;
1970-10-31;14;145.7;null;null;297.1;4.7;11;11.9;null;1010.2;29.5;25.4;20.8;75.7;8;3;39.2;
1970-11-30;9;156.1;null;null;283.5;5.7;11;29;null;1009.1;30.1;26.1;21.4;73.6;7;3.2;40;
1970-12-31;14;182.4;null;null;305.7;5.6;9;33.6;null;1009.3;30.6;26.7;22.3;72.5;9;3.9;39.4;
1971-01-31;null;null;null;null;null;null;18;61.5;null;null;30.2;26.7;22.3;74.1;null;null;null;
1971-02-28;null;null;null;null;null;null;10;40.9;null;null;30.8;26.8;22.3;74.5;null;null;null;
1971-03-31;null;null;null;null;null;null;19;173.1;null;null;30.5;27;23.1;78.4;null;null;null;
1971-04-30;null;null;null;null;null;null;18;190.2;null;null;30.2;26.2;22.7;85.1;null;null;null;
1971-05-31;null;null;null;null;null;null;29;493.3;null;null;28.3;24.9;22.1;87.9;null;null;null;
1971-06-30;null;null;null;null;null;null;26;277.5;null;null;28.1;24.8;21.9;86.4;null;null;null;
1971-07-31;null;null;null;null;null;null;26;415.2;null;null;27.1;23.9;21.3;85;null;null;null;
1971-08-31;null;null;null;null;null;null;22;154.9;null;null;27.2;23.8;20.5;80.7;null;null;null;
1971-09-30;null;null;null;null;null;null;22;170.1;null;null;28.1;24.7;21.4;78.8;null;null;null;
1971-10-31;null;null;null;null;null;null;22;145.9;null;null;28.6;25.2;22.1;78.1;null;null;null;
1971-11-30;null;null;null;null;null;null;7;24.3;null;null;29.2;25.5;21.6;77.3;null;null;null;
1971-12-31;null;null;null;null;null;null;8;11.4;null;null;30.1;26.1;21.4;73.5;null;null;null;
1972-01-31;null;null;null;null;null;null;3;32.7;null;null;31.1;24;19.6;71.6;null;null;null;
1972-02-29;null;null;null;null;null;null;15;62.1;null;null;30.1;26.6;22.6;75.3;null;null;null;
1972-03-31;null;null;null;null;null;null;25;156.6;null;null;29.8;26.2;22.5;80.9;null;null;null;
1972-04-30;null;null;null;null;null;null;20;359.3;null;null;29.4;25.9;22.5;82.9;null;null;null;
1972-05-31;null;null;null;null;null;null;24;287.1;null;null;28.5;25.1;22.3;87.8;null;null;null;
1972-06-30;null;null;null;null;null;null;26;338.7;null;null;28;24.5;21.9;86.9;null;null;null;
1972-07-31;null;null;null;null;null;null;20;232;null;null;27.8;24.2;21;84.3;null;null;null;
1972-08-31;null;null;null;null;null;null;17;285.3;null;null;27.9;23.6;19.8;81.5;null;null;null;
1972-09-30;null;null;null;null;null;null;16;128;null;null;28.3;25.1;21.6;77.2;null;null;null;
1972-10-31;null;null;null;null;null;null;15;72.3;null;null;29.4;25.9;22.2;75.2;null;null;null;
1972-11-30;null;null;null;null;null;null;5;8.9;null;null;30.3;26.1;21.3;72.5;null;null;null;
1972-12-31;null;null;null;null;null;null;12;39.7;null;null;30.5;27.1;23.4;74.4;null;null;null;
1973-01-31;14;131.3;null;null;264.8;6.4;18;82.9;null;1012.2;30.2;27.1;23.5;75.7;7;2.9;38.4;
1973-02-28;14;129.1;null;null;218.2;6.5;13;108.3;null;1011.2;30.7;27.4;23.6;75.1;7;3.3;36.8;
1973-03-31;14;96.4;null;null;258.2;6.2;null;201.1;null;1010.5;30.9;27.3;23.6;79.1;6.3;2.9;37;
1973-04-30;14;71.1;null;null;170.8;7.5;null;770.4;null;1010.7;29.6;26.3;23.8;85.5;6.1;2.4;31.8;
1973-05-31;14;70.6;null;null;218.9;6.4;null;313;null;1011.9;29.5;25.7;22.7;85.7;6.5;2.2;36.7;
1973-06-30;14;51.6;null;null;153.1;7;null;501.2;null;1012.6;28.2;25;22.9;87.6;5;2.2;34.7;
1973-07-31;14;85.3;null;null;197.1;6.9;null;422.6;null;1013.7;28.2;24.6;22.1;84.9;6.6;2.8;36.2;
1973-08-31;14;145.3;null;null;282.9;5.1;null;100.7;null;1014.2;28.6;24.9;21.3;79;7.6;3.2;38.4;
1973-09-30;14;113.9;null;null;226.6;5.6;null;200.4;null;1014.3;28.2;24.8;21.3;82.3;6.3;3.2;36.4;
1973-10-31;14;153.4;null;null;285.8;4.7;null;118.6;null;1011.4;29.2;25.9;21.8;76.5;5.1;3.1;38.8;
1973-11-30;9;174.9;null;null;308;4.3;null;23.8;null;1011.4;30.5;26.5;21.8;71.9;6.7;4.1;39.9;
1973-12-31;9;173.8;null;null;283.7;5.3;null;65.6;null;1011.2;30.5;26.9;22.4;72.8;6;3.5;39.1;
1974-01-31;9;148.3;null;null;257.7;5.5;null;210.1;null;1010.2;30.2;26.4;22.5;75.9;7.1;2.9;37.6;
1974-02-28;9;110.6;null;null;209.3;5.5;null;174.5;null;1009.5;29.6;26.4;22.7;78.2;4.8;2.4;36.1;
1974-03-31;0;75.5;null;null;183.7;6.1;null;323.5;null;1009.8;29.6;26.1;23.1;84.2;6.6;2.1;34.8;
1974-04-30;18;64.5;null;null;158.4;6.1;null;285.3;null;1010.5;29.4;25.9;22.9;86.3;6.3;2;37.9;
1974-05-31;18;77.9;null;null;195.8;5.6;null;454.6;null;1012.2;28.8;25.2;22.3;85.6;5.5;2.2;35.2;
1974-06-30;14;83.4;null;null;168.9;6.5;null;299.6;null;1012.9;27.8;24.5;21.9;85.2;7.6;2.7;35.9;
1974-07-31;14;95.9;null;null;153.2;6.8;null;252.6;null;1015.4;27;23.6;21;83.2;9.6;3.9;35.9;
1974-08-31;14;117.3;null;null;240.5;5.4;null;76.1;null;1014.8;27.4;23.8;20.7;80.2;6.8;3.6;37.5;
1974-09-30;14;123.9;null;null;217.4;5.8;null;121.3;null;1014.4;27.6;24.3;21.1;78.8;7.6;3.5;37.2;
1974-10-31;9;156.6;null;null;284.3;4.1;null;14.8;null;1012.4;29.3;25.7;21.6;74.4;6.1;3.4;39.1;
1974-11-30;5;164.1;null;null;271.7;4.5;null;15.2;null;1011.1;30.3;26.2;21.5;72.7;6.6;3.8;38.7;
1974-12-31;9;145.3;null;null;268.5;5.4;null;86.3;null;1011;29.9;26.4;22.3;75.9;7.6;3.4;39.1;
1975-01-31;9;170.5;null;null;275.8;5;null;87.1;null;1011.2;30.1;26.8;23;74.1;6.6;3.4;38.9;
1975-02-28;5;148.6;null;null;231.3;5.1;null;53;null;1011;31;26.9;22.3;72.9;7;3.3;37.3;
1975-03-31;14;116.8;null;null;243.8;5.6;null;257.1;null;1011.1;30.4;26.5;22.5;79.4;6.6;2.6;36.6;
1975-04-30;9;118;null;null;236.2;5.3;null;110.6;null;1010.2;30.9;26.7;22.4;77.6;7.6;2.6;37;
1975-05-31;18;78.4;null;null;190;6.7;null;335.3;null;1011.5;28.7;24.9;22;86;6.3;2.8;35.6;
1975-06-30;14;70.8;null;null;163.4;6.5;null;408;null;1013.9;27.9;24.3;21.4;87.6;7.6;2.8;33.2;
1975-07-31;14;81.6;null;null;134.6;7.4;null;556.2;null;1014.1;26.9;23.6;21.1;87.2;8;3.5;33.3;
1975-08-31;14;128;null;null;207.4;5.8;null;171.3;null;1015.1;27.3;24;21.1;82.7;8.3;3.9;37.3;
1975-09-30;14;130.2;null;null;225.8;5.2;null;73.3;null;1014.7;27.7;24.3;21.1;81;7.5;4;37.8;
1975-10-31;5;169.7;null;null;280.2;4.4;null;17;null;1012.2;29.5;25.7;21.5;75.2;13.1;3.8;39.4;
1975-11-30;14;190.7;null;null;279.8;4.9;null;34.2;null;1011.7;29.9;26.3;21.9;73.4;6.6;3.8;39.2;
1975-12-31;14;141.6;null;null;226.2;6.2;null;134;null;1011;29.1;25.9;22.2;77.5;6.6;3.6;38;
1976-01-31;14;178.2;null;null;255.3;5.5;null;47.2;null;1010.9;29.6;26.2;21.9;73.7;6.6;3.8;38.5;
1976-02-29;14;114.2;null;null;219.8;6;null;255.4;null;1010.6;29.4;25.8;21.8;79.4;7;2.8;35.3;
1976-03-31;14;87.5;null;null;155.9;6.7;null;404.5;null;1010.4;29.1;25.5;21.9;84.1;6.5;2.7;35.1;
1976-04-30;14;94.1;null;null;204.7;5.8;null;236.9;null;1011.9;29.1;25.2;21.5;83.7;6.6;2.7;37.2;
1976-05-31;14;90.6;null;null;225.3;6;null;299.7;null;1012.9;28.5;24.7;20.9;84;6.5;2.9;37.6;
1976-06-30;14;100.4;null;null;206.1;5.9;null;293.8;null;1014.1;28;24.3;20.8;82.3;6.6;3.4;37.8;
1976-07-31;14;105.3;null;null;192.1;5.7;null;268.5;null;1016.6;27.2;23.4;20.3;82.2;8.3;3.6;34.3;
1976-08-31;14;127.7;null;null;263;4.8;null;61.1;null;1016;27.7;23.6;19.8;77.7;7.6;3.6;39.1;
1976-09-30;14;116.9;null;null;238.3;5.3;null;31.4;null;1014.5;28.5;24.6;20.8;77.6;6.6;3.6;39.4;
1976-10-31;9;106.3;null;null;209.4;5.8;null;149.2;null;1012.5;28.9;25.1;21.6;78.3;5.5;3;37.2;
1976-11-30;14;136.2;null;null;273.2;5;null;48.5;null;1011.6;29.6;25.8;21.8;74.9;5.8;3.4;39.2;
1976-12-31;14;141.1;null;null;271.1;5.2;null;129.4;null;1011.3;29.5;26.2;22.5;77;7.3;3.6;38.8;
1977-01-31;14;140.7;null;null;209.3;6.2;18;74.2;null;1011;30;26.4;23.1;77.5;6.6;3.4;36.6;
1977-02-28;14;111;null;null;212.9;6.1;23;136.5;null;1012.2;29.7;26.2;22.7;78.3;6.3;3.3;37.9;
1977-03-31;14;130.8;null;null;227;5.2;23;182.2;null;1011.4;30.3;26.8;23.2;77.5;5.3;3.1;38.2;
1977-04-30;14;81.4;null;null;199;5.9;18;223.1;null;1011.1;30.3;26.2;23.2;83.9;5.8;1.8;38.7;
1977-05-31;0;68;null;null;181.4;5.8;22;297;null;1012.6;29.3;25.3;22.4;86.1;6;2;35.9;
1977-06-30;14;57.2;null;null;114.6;7.1;27;412.5;null;1013.8;28.2;24.6;22.3;87.7;5.5;2.4;34.6;
1977-07-31;14;75.4;null;null;108.6;7.5;31;523.8;null;1014.8;27.1;23.9;21.6;85.8;8.3;3.2;29.5;
1977-08-31;14;101.8;null;null;206.1;5.5;20;133.5;null;1014.8;27.9;24.2;20.8;80.4;8;3;37.1;
1977-09-30;9;121.3;null;null;221.8;5.4;18;95.3;null;1014.8;28.3;25;22.1;77.9;6.8;3.6;38.2;
1977-10-31;14;135.4;null;null;222.4;5.6;19;109.4;null;1013.8;28.7;25.5;22.2;76.3;5.8;3;38.5;
1977-11-30;9;126.8;null;null;278.3;4.7;10;20.4;null;1012.1;29.9;26.3;22.6;74;5.8;3.6;39.4;
1977-12-31;5;167.4;null;null;238.4;5.7;9;52.5;null;1011.6;30.5;26.9;23.3;72.6;7;3.5;38.8;
1978-01-31;14;180.3;null;null;280.4;4.9;10;36;null;1012.7;30.3;26.9;23.1;72.1;5.1;3.5;39.5;
1978-02-28;9;122.4;null;null;145.8;6.8;18;232.7;null;1011.9;29.8;26.4;23.4;79.9;5.8;2.5;35.2;
1978-03-31;14;98.6;null;null;157.3;6.4;20;283.7;null;1012.1;29.4;25.9;23;82.1;5.5;2.4;36.1;
1978-04-30;18;84;null;null;189.3;6.3;20;446.5;null;1011.3;29.6;25.9;23;83.5;5.3;2.4;37.2;
1978-05-31;14;79.2;null;null;194.6;5.8;24;260.9;null;1011.8;29;25.5;22.7;85;5.8;2;35.7;
1978-06-30;18;82.4;null;null;171.5;6.5;24;300.7;null;1014.7;27.8;24.4;21.6;84.1;6.6;3.4;36;
1978-07-31;18;71.8;null;null;140.2;6.8;26;505.6;null;1013.9;27.5;24.1;21.6;87.5;6.6;2.6;35.1;
1978-08-31;18;100.7;null;null;184.4;6.2;25;210.6;null;1015.9;27.5;24;21.1;82.4;7.3;3.3;36.9;
1978-09-30;14;113.7;null;null;156.1;6.3;25;291.3;null;1015.2;27.6;24.2;21.5;81.5;7.3;3.4;36;
1978-10-31;14;139.4;null;null;232.1;5.2;21;46.6;null;1013.4;28.7;25.3;21.8;76.1;7.6;3.5;39.7;
1978-11-30;14;158.1;null;null;256.3;5.2;16;60.2;null;1012.8;29.1;25.7;22.4;74.7;6.6;3.4;38.9;
1978-12-31;14;131.6;null;null;225.6;6;null;69.2;null;1012.2;29.5;26;22;75.4;6;3.1;38.9;
1979-01-31;14;null;null;null;null;5.6;15;78.9;null;1003.3;30.2;26.8;23.4;74.5;7.5;3.4;null;
1979-02-28;14;null;null;null;170.8;6;14;136.7;null;1003.9;30.1;26.5;22.8;77.5;5;2.7;null;
1979-03-31;14;null;null;null;187.1;6.6;16;145.3;null;1004;30;26.4;22.7;79.3;5.8;3;null;
1979-04-30;18;89.3;null;null;178.8;6.3;14;115;null;1004.1;30;26.3;22.8;80.1;6.3;2.8;null;
1979-05-31;18;66.4;null;null;139.6;6.6;24;263;null;1005.4;28.8;25.3;22.8;84.9;5.3;2.4;56.8;
1979-06-30;18;null;null;null;117.8;6.6;29;418.4;null;1008;27.6;24.3;22;82.9;6.6;3.5;58.7;
1979-07-31;18;81.9;null;null;157.8;5.9;22;230.1;null;1016.2;27.3;23.7;20.9;83;6.6;3.7;57.4;
1979-08-31;14;103.7;null;null;157.2;6.1;23;128.5;null;1014.3;27.4;23.9;21;80.1;7.5;3.4;58.7;
1979-09-30;null;null;null;null;150.7;null;21;251.4;null;1014;27.8;24.9;22.1;80.6;6.6;null;null;
1979-10-31;14;157;null;null;247.1;5;16;39.9;null;1013;29;25.6;22.2;75.6;6.6;3.4;null;
1979-11-30;14;149;null;null;228.9;5.1;15;65.2;null;1010.9;29.7;26.2;22.5;74.8;5.8;3.2;null;
1979-12-31;null;158.8;null;null;250.9;null;10;25.6;null;1011.7;30.7;26.8;22.4;73.3;5.5;null;null;
1980-01-31;14;null;null;null;182.8;6.3;18;63.4;null;1011.3;30.5;27.1;23;74;8.3;3.2;null;
1980-02-29;18;null;null;null;120.7;7.6;21;369.8;null;1010.4;29.7;26.2;22.6;80.3;7.8;2.9;null;
1980-03-31;18;111.1;null;null;190.8;6.7;21;354.6;null;1011.3;29.3;25.8;22.6;81;5.6;2.8;null;
1980-04-30;18;null;null;null;null;6.6;20;152.4;null;1011.3;29.2;25.7;22.4;82.4;5.5;3;null;
1980-05-31;18;77.7;null;null;155.7;6.2;26;227;null;1013.5;28.4;25.1;22;83.7;7;2.7;null;
1980-06-30;18;null;null;null;128.9;6.5;23;456.3;null;1014.6;27.7;24.5;21.7;85.9;6;2.5;null;
1980-07-31;18;null;null;null;196.5;5.8;21;140.7;null;1015.1;27.9;24.1;20.8;79.6;8;3.1;59.6;
1980-08-31;18;120.8;null;null;192.5;5.7;21;99.7;null;1015.4;27.9;24.1;20.7;81.2;6.6;3.2;59.6;
1980-09-30;14;134.6;null;null;208.1;5.3;13;95.2;null;1014.3;28.4;25;21.2;78.2;6.6;3.5;60;
1980-10-31;18;139.5;null;null;227;5.8;20;130.4;null;1013.8;28.5;25.2;21.3;75.8;6.6;3.6;59.6;
1980-11-30;9;115.3;null;null;212.6;5.3;19;102.8;null;1012.2;29.3;25.9;22.1;75;5.3;3;null;
1980-12-31;14;124.7;null;null;213.4;5.3;18;67.2;null;1011;29.7;25.8;21.9;76.2;5.5;2.9;60;
1981-01-31;14;null;null;null;null;6.3;19;195.5;null;1011.9;29.6;26.2;22.6;76.7;5.8;3.3;null;
1981-02-28;14;null;null;null;null;5.8;24;134.2;null;1014.3;29.2;26.4;23.4;75.7;6.1;4;null;
1981-03-31;9;101.4;null;null;157.5;6.5;16;153.9;null;1013.3;29.5;26;22.9;82.2;5.3;2.6;45.3;
1981-04-30;14;null;null;null;204.6;5.3;19;108.3;null;1014.2;29.4;25.8;22.1;78.4;6.5;2.9;58.1;
1981-05-31;18;97.9;null;null;154.8;7.3;27;219.9;null;1014.9;28.4;25;22.1;82.8;6.3;3.4;58;
1981-06-30;18;111.4;null;null;209.7;6.4;25;231;null;1017.3;27.9;24.5;21.4;80.6;6.6;3.5;56.9;
1981-07-31;18;null;null;null;178;5.6;27;135;null;1016;27;23.6;20.6;78.9;8;4;55.5;
1981-08-31;18;124.1;null;null;188.9;6.1;21;107.8;null;1017.8;27.2;23.8;20.6;78.6;7.5;4;59;
1981-09-30;18;null;null;null;185.9;5.4;20;113.6;null;1017.9;27.7;24.4;21.4;76.4;8.8;4.3;58.1;
1981-10-31;14;154.6;null;null;244.8;4.9;13;27.5;null;1015.4;29.1;25.8;22.1;72.8;6.3;3.7;58.6;
1981-11-30;14;null;null;null;225.9;5.5;17;45.6;null;1014;29.7;26.5;23;73;6;3.8;59.6;
1981-12-31;14;null;null;null;169.1;6.3;22;181.9;null;1014.5;29.5;26.6;23.8;76.5;6.6;4;56.9;
1982-01-31;14;null;null;null;206.6;4.9;16;210.1;null;1011.1;29.5;26.3;22.4;76.8;6.6;3.5;59.2;
1982-02-28;14;null;null;null;null;5.7;17;151.1;null;1011.5;29.4;26;22.3;79.6;6.3;3.5;44.6;
1982-03-31;14;null;null;null;null;5.7;14;89.8;null;1010.4;29.8;26.4;22.2;78.8;5.5;2.9;58.9;
1982-04-30;18;null;null;null;160.5;6.1;20;101.6;null;1011.1;29.4;25.9;22.5;83.9;5.6;2.5;56;
1982-05-31;18;null;null;null;null;6.5;28;353.7;null;1012.4;28.7;25.2;22;85.6;6.7;3.2;null;
1982-06-30;14;73.4;null;null;134.6;7.2;28;412.9;null;1014.6;28;24.5;21.4;85.6;5.8;2.8;51.3;
1982-07-31;14;87.5;null;null;179.8;6.9;25;306.4;null;1014.8;27.5;24;21;83.2;7.5;3.4;57.7;
1982-08-31;14;null;null;null;null;7;27;176.5;null;1015.4;27.7;24.1;20.9;81.8;6.6;3.4;56.3;
1982-09-30;14;null;null;null;139.4;6.6;19;206.9;null;1014.6;28.1;24.6;21.1;80.3;6.1;3.3;59;
1982-10-31;9;149.9;null;null;221.5;5.6;10;18.9;null;1013.1;29.3;25.4;21.3;70.3;6.3;3.5;60;
1982-11-30;9;null;null;null;230.2;5.8;13;16.2;null;1012.3;29.7;26.1;22.1;72.4;6.6;4;60;
1982-12-31;9;null;null;null;201;6.5;12;41.3;null;1011.9;30;26.6;23;73.2;7.1;4;50.3;
1983-01-31;9;147.4;null;null;232.2;6.3;14;112.2;null;1011.4;30.8;27;22.9;75.6;6.3;3.4;46.5;
1983-02-28;14;109.9;null;null;198;7.2;null;338.5;null;1011.8;29.8;26.7;23.6;80.9;5;3.2;45.3;
1983-03-31;9;98.4;null;null;207.4;7.2;null;413.2;null;1011.4;30.1;26.8;23.7;82.3;6.6;2.7;45.5;
1983-04-30;9;111.2;null;null;234.8;6.2;null;88.2;null;1011.1;30.2;null;22.8;null;5.8;null;28.5;
1983-05-31;9;82.5;null;null;202.8;6.3;null;183.2;null;1011.7;29.5;25.4;22.1;84.9;5.8;2.6;46.3;
1983-06-30;9;93.6;null;null;182.3;6.4;21;141.3;null;1014.2;28.7;24.5;21.1;83.8;6.3;2.5;45.4;
1983-07-31;9;82.6;null;null;182.9;6.1;null;226.7;null;1014.8;28.2;24;20.5;83.4;5.5;2.4;46.9;
1983-08-31;9;116.9;null;null;219.5;6.4;null;165.6;null;1016.2;28.2;24.5;21.3;79.7;6.6;3.5;46.1;
1983-09-30;14;147.2;null;null;224.9;5.8;14;42.1;null;1014.8;28.8;25.2;21.3;76.3;7.3;3.9;47;
1983-10-31;14;147.9;null;null;223.8;6.7;16;112.2;null;1013.9;29.2;25.6;21.9;76.4;7.8;3.6;46.7;
1983-11-30;9;155.4;null;null;285.9;5.6;null;13.1;null;1013.7;30;25.9;20.9;73.4;5;3.2;46.6;
1983-12-31;9;203.8;null;null;259.3;6.2;null;24.5;null;1012.5;30.6;26.7;22.3;72;7.6;3.7;47.1;
1984-01-31;14;182.6;null;null;280.8;5.7;null;96.1;null;1011;30.6;26.8;22.5;72.4;5.6;3.4;49.5;
1984-02-29;14;202.7;null;null;270;5.7;null;70.3;null;1010.1;31.4;27.6;23.4;70.5;5.6;3.6;55.7;
1984-03-31;9;138.1;null;null;252.2;5.6;null;119.9;null;1009.8;31.4;27.4;23.1;76.5;6;2.7;55.1;
1984-04-30;18;82.6;null;null;151.6;7.3;25;620.8;null;1010.8;29.7;25.9;22.9;85.7;5;2.1;51.6;
1984-05-31;18;79.3;null;null;153.3;6.6;null;522.5;null;1011.3;29;25.3;22.4;86.7;5.6;2.6;54.3;
1984-06-30;18;110.7;null;null;201.3;6.4;24;265.4;null;1013.4;28.6;24.9;21.7;84.6;6.1;3.1;51.7;
1984-07-31;18;102.8;null;null;143;7.6;null;598.3;null;1014.1;27.3;24;21.2;85.8;6.3;3.2;53.4;
1984-08-31;18;125.3;null;null;165.1;7.5;null;375.8;null;1015;27.6;24.3;21.1;84.2;7.3;3.2;53.2;
1984-09-30;18;143.9;null;null;246.7;6;null;79.3;null;1013.7;28.6;24.9;20.7;80.5;7.5;3.4;50.6;
1984-10-31;14;189.6;null;null;260.3;6;null;84.5;null;1012.8;29.1;25.6;21.8;80.8;6.6;3.6;53.2;
1984-11-30;14;212.3;null;null;266;5.8;null;27.8;null;1012.4;29.9;26.4;22;77;6;3.8;53.8;
1984-12-31;14;224.3;null;null;319.6;5.4;null;10.3;null;1010.2;31.1;26.9;21.9;74.8;5.5;3.5;53.1;
1985-01-31;14;185.6;null;null;256.1;6.1;12;67.2;null;1010;31.7;27.5;23.3;74.4;5.3;3.2;47;
1985-02-28;null;null;null;null;null;null;17;102.5;null;null;30.7;26.4;21.9;78.1;null;null;null;
1985-03-31;null;null;null;null;null;null;25;268.4;null;null;30.4;26.7;22.5;80.1;null;null;null;
1985-04-30;null;null;null;null;null;null;24;385.5;null;null;29.5;25.7;22.5;null;null;null;null;
1985-05-31;14;87.1;null;null;183.4;7.2;28;444.3;null;1012.2;29.4;25.4;21.9;84.6;5;2.2;46.4;
1985-06-30;18;85;null;null;180.3;7;21;352;null;1014.3;28.7;24.9;21.9;85;6.1;2.8;45.8;
1985-07-31;null;null;null;null;null;null;28;573.3;null;null;27.3;23.9;21.4;86.7;null;null;null;
1985-08-31;null;null;null;null;null;null;23;137.2;null;null;28;24.4;21.1;81.4;null;null;null;
1985-09-30;14;136;null;null;202.8;6.4;21;92;null;1014;28.1;24.9;21.5;77.2;7.5;3.6;46.9;
1985-10-31;null;null;null;null;null;null;9;17.4;null;null;29.7;25.7;21;72.4;null;null;null;
1985-11-30;null;null;null;null;null;null;13;31.8;null;null;30.2;26.2;21.4;71.4;null;null;null;
1985-12-31;14;160;null;null;187.5;7.3;16;53;null;1010.9;30.1;26.3;21.8;74.9;5.5;3.2;46.6;
1986-01-31;14;196.1;null;null;249;7;11;47.5;null;1011.8;30.9;26.8;22.2;72.7;6.6;3.6;46.7;
1986-02-28;14;110.5;null;null;206.6;7;16;212.1;null;1011.1;30.2;26.5;22.5;76.9;5.6;2.8;46.5;
1986-03-31;null;null;null;null;null;null;23;521.4;null;1011.1;29.8;26;22.5;83.5;5.8;null;null;
1986-04-30;14;79.6;null;null;136.1;7.6;24;444;null;1010.8;29.5;26.1;22.9;83.8;5.5;2.5;46.7;
1986-05-31;14;75.7;null;null;158.8;7.5;26;574.8;null;1012.1;29.1;25.6;22.3;84.6;6.6;2.3;45.7;
1986-06-30;18;79.8;null;null;113.4;7.7;27;445.7;null;1014.2;27.5;24.3;21.8;84.3;7;3;46;
1986-07-31;14;74.5;null;null;158.2;7;25;472;null;1016.3;27.5;23.8;20.9;86.4;6.8;2.6;46;
1986-08-31;14;101.1;null;null;187.1;7;26;356.7;null;1014.6;27.7;24.2;20.9;81.8;7;3;46.7;
1986-09-30;18;123.8;null;null;164.8;7.3;24;217;null;1015.2;28;24.5;21.4;81.9;8.3;3.7;46;
1986-10-31;14;143;null;null;257.6;6.5;15;59.4;null;1013.5;29.2;25.5;21.5;76.2;6.3;3.1;46.8;
1986-11-30;14;163.5;null;null;201.2;7.3;16;42.2;null;1012.1;29.5;26.3;23.1;76.8;6;3.8;46.4;
1986-12-31;14;124.2;null;null;207.9;6.9;16;48.3;null;1012.4;29.6;26.2;22.4;78.6;6.6;3.1;46.7;
1987-01-31;null;null;null;null;null;null;13;50.5;null;null;30.3;26.6;22.3;77.7;null;null;null;
1987-02-28;null;null;null;null;null;null;19;196;null;null;30.2;26.7;23.2;78.6;null;null;null;
1987-03-31;null;null;null;null;null;null;26;476.5;null;null;30;26.5;23.1;82.5;null;null;null;
1987-04-30;null;null;null;null;null;null;26;323;null;null;30.1;26.5;23.5;84.3;null;null;null;
1987-05-31;null;null;null;null;null;null;15;137.1;null;null;30.2;26;22.4;82.1;null;null;null;
1987-06-30;null;null;null;null;null;null;26;443.8;null;null;28.9;25.2;22.1;85.9;null;null;null;
1987-07-31;null;null;null;null;null;null;26;421.4;null;null;28.2;24.8;21.8;84.6;null;null;null;
1987-08-31;null;null;null;null;null;null;22;130.5;null;null;28.7;25.1;21.6;80;null;null;null;
1987-09-30;null;null;null;null;null;null;18;82;null;null;29;25.2;20.8;78.2;null;null;null;
1987-10-31;null;null;null;null;null;null;14;161.3;null;null;29.1;25.3;21.2;78.2;null;null;null;
1987-11-30;null;null;null;null;null;null;8;12.2;null;null;30.4;26.5;22.4;76;null;null;null;
1987-12-31;null;null;null;null;null;null;3;12.4;null;null;31;27.2;23;75.4;null;null;null;
1988-01-31;null;null;null;null;null;null;15;65.4;null;null;31.2;27.3;23.3;73.5;null;null;null;
1988-02-29;null;null;null;null;null;null;14;81.9;null;null;31.1;27.6;23.2;70.9;null;null;null;
1988-03-31;null;null;null;null;null;null;15;156.2;null;null;31.8;27.5;23.1;76.8;null;null;null;
1988-04-30;null;null;null;null;null;null;25;598.1;null;null;30.2;26.3;23.2;85.4;null;null;null;
1988-05-31;null;null;null;null;null;null;18;210.8;null;null;29.5;25.6;22.3;83.3;null;null;null;
1988-06-30;null;null;null;null;null;null;21;305.2;null;null;28.5;25;21.9;82.6;null;null;null;
1988-07-31;null;null;null;null;null;null;26;657.3;null;null;27.5;24;21.1;85.1;null;null;null;
1988-08-31;null;null;null;null;null;null;27;202.7;null;null;27.2;23.7;20.6;82.3;null;null;null;
1988-09-30;14;172.4;null;null;216.4;6.8;16;78.2;null;1014.8;28.1;24.9;21.4;76;6.8;3.5;47.1;
1988-10-31;null;null;null;null;null;null;15;27.9;null;null;29.7;26.3;22.8;73;null;null;null;
1988-11-30;null;null;null;null;null;null;13;54;null;null;29.8;26.5;23.1;75.6;null;null;null;
1988-12-31;null;null;null;null;null;null;15;59.7;null;null;30.2;26.7;22.4;74;null;null;null;
1989-01-31;14;161.7;null;null;246.4;6.7;14;174.8;null;1010.9;30.3;26.3;22.2;75.5;5.6;2.8;47;
1989-02-28;14;143.7;null;null;235.2;6.2;8;36.9;null;1011.4;30.8;27;22.2;72.2;5;2.9;46.7;
1989-03-31;14;157;null;null;255.5;5.7;10;83.9;null;1010;31.5;27.3;21.9;71.4;5;2.5;46.8;
1989-04-30;14;71;null;null;123.4;8;29;474.4;null;1010.4;29.5;25.9;22.8;87.1;5;2;46.6;
1989-05-31;14;81.7;null;null;176.8;7.2;25;317.9;null;1012.3;29.4;25.7;22.4;84.9;6.1;1.8;46.7;
1989-06-30;18;90.6;null;null;155.6;7.8;26;418.4;null;1013.4;28.2;24.9;21.7;86.1;5.8;2.4;46.3;
1989-07-31;18;72;null;null;133.9;7.8;24;538.7;null;1014.7;27.1;23.8;21.1;88.7;5.8;2.6;46;
1989-08-31;14;111.1;null;null;195.7;6.9;22;323.8;null;1014.8;27.9;24.4;21;81.4;6.6;3;46.7;
1989-09-30;14;136.7;null;null;217.7;6.1;14;39.7;null;1013.1;28.9;25.2;21.2;77;6.3;2.7;46.7;
1989-10-31;14;135.6;null;null;234.7;6.7;14;66.1;null;1013.5;29.3;25.8;22;75.3;5.5;2.9;46.7;
1989-11-30;14;null;null;null;204.8;6.6;15;74.9;null;1011.5;29.6;26.4;22.8;79;6.8;3;46.3;
1989-12-31;14;128.6;null;null;143.9;7.3;18;89.4;null;1011.4;30.2;26.8;23.5;78.3;5.3;2.8;46.7;
1990-01-31;14;158.9;null;null;255.7;6.9;18;78.2;null;1011.6;29.7;26.4;22.6;77.4;5.8;3.2;46.6;
1990-02-28;14;null;null;null;157.8;7.1;12;57.1;null;1011.5;30.3;26.4;22.2;78.6;5.8;2.8;47.2;
1990-03-31;14;144.2;null;null;242.3;6.6;11;26.8;null;1011.9;31.5;27.2;22.3;73.5;7;3.1;47.1;
1990-04-30;14;114.2;null;null;182.5;7.2;22;390.4;null;1010.9;30.3;26.6;22.7;79;5;2.8;47.1;
1990-05-31;14;89.9;null;null;207.1;6;19;274.7;null;1012.5;29.4;25.3;21.4;83.3;6.6;2.2;46.7;
1990-06-30;14;81.4;null;null;168.8;7.1;25;453.2;null;1014.6;28.2;24.7;21.5;85.2;6.3;2.8;46.9;
1990-07-31;18;68.8;null;null;170.4;6.9;29;543.8;null;1014.9;27.8;24.2;21.2;85.8;8.3;2.4;45.8;
1990-08-31;18;82.3;null;null;165.4;7.1;27;382.8;null;1015.9;27.7;24;20.7;84;6;3.1;47;
1990-09-30;14;111;null;null;190.2;6.5;17;115.6;null;1014.4;28.7;24.8;20.8;78.8;5.8;3;46.7;
1990-10-31;14;138.9;null;null;235.5;6.6;21;89.2;null;1013.3;29.5;25.7;21.9;76.6;7.3;3.2;46.7;
1990-11-30;14;152.6;null;null;234.3;6.8;16;36.3;null;1012.3;30.6;26.6;22.3;74.2;7;3.4;46.5;
1990-12-31;9;174.7;null;null;252.9;6.4;6;30.3;null;1011.3;30.8;26.3;20.1;72.3;5.8;3.2;46.7;
1991-01-31;9;146;null;null;238.8;6.8;13;60;null;1011.5;30.9;27.1;23.1;72.9;5.6;3;47.1;
1991-02-28;14;112.2;null;null;203.5;6.9;12;32.8;null;1011.8;31.2;27.4;23.2;72.7;5;3.1;46.5;
1991-03-31;14;143.4;null;null;215.1;6.9;19;143.9;null;1010.7;30.8;26.9;22.9;75.8;5.3;2.8;46.1;
1991-04-30;14;109.1;null;null;231.7;6.2;18;273.3;null;1011.5;30.3;26.5;22.2;78.1;5;2.5;46.4;
1991-05-31;18;74.3;null;null;134.3;7.7;22;536.3;null;1012.1;29;25.6;22.9;85.1;6.6;2.9;46.5;
1991-06-30;18;95.8;null;null;182.1;6.6;23;208.1;null;1014.1;28.4;24.9;22;84.2;6.5;2.9;46.7;
1991-07-31;18;109.8;null;null;129.2;7.6;29;355.5;null;1015.9;27.2;23.9;21.3;84.5;7;3.2;47.1;
1991-08-31;18;115.3;null;null;164.7;7.1;23;261.5;null;1017.1;27.1;23.6;20.7;81.3;7;3.6;46.5;
1991-09-30;14;114.6;null;null;193.4;7.2;20;59.2;null;1015.2;27.9;24.5;21.1;78;6.5;3.6;47.3;
1991-10-31;14;150.3;null;null;184.1;7.3;20;170.5;null;1013.9;28.2;25;21.4;76.8;6;3.3;46.6;
1991-11-30;14;149;null;null;235.6;6.9;13;61.2;null;1011.8;29.3;25.9;21.3;74.1;6;3.1;46.7;
1991-12-31;9;194.8;null;null;273.6;6.3;7;20.1;null;1011.5;30.4;26.3;21.6;73;5;3;46.7;
1992-01-31;9;163;null;null;194.9;7.3;14;156.5;null;1011.1;30.7;26.6;22.6;74.2;6.6;2.8;46.7;
1992-02-29;14;105.2;null;null;144;8.1;22;348.9;null;1012.3;29.7;26.7;23.6;81;6.6;2.8;46.3;
1992-03-31;14;99.8;null;null;151.3;7.5;25;421.8;null;1011.9;29.2;26.5;23.6;82.1;6;2.8;46.2;
1992-04-30;14;102.9;null;null;217.1;6.9;18;135.4;null;1011.4;30.1;26.9;23.3;77.1;6;2.5;46.8;
1992-05-31;14;116.6;null;null;195.3;6.6;25;141.3;null;1012.1;29.6;25.8;21.7;78;5.8;2.4;46.6;
1992-06-30;14;80.3;null;null;147;7.7;28;481.2;null;1014.4;28;24.3;21.5;85.2;6.5;2.6;46.6;
1992-07-31;14;105.9;null;null;200.3;7.1;29;367.2;null;1016.5;27.3;23.8;21;82.9;6.3;3.1;46.6;
1992-08-31;18;109.9;null;null;170.4;7.5;24;159.8;null;1016.6;27.3;23.8;21.1;83;5.8;3;47;
1992-09-30;14;118.5;null;null;212.8;6.9;21;146.1;null;1014.3;27.8;24.8;21.8;78.4;6.3;3.3;47.3;
1992-10-31;14;165.7;null;null;246;6.4;11;42.6;null;1014.1;28.9;25.3;21.7;74.1;6;3.4;46.7;
1992-11-30;9;147.3;null;null;226.1;7.1;18;75;null;1011.9;28.6;25.6;22.3;75.8;5.6;3.2;46.5;
1992-12-31;9;175.1;null;null;245.6;6.1;9;15.5;null;1011.9;29.6;26.3;22.8;73.1;6;3.3;47;
1993-01-31;14;194.7;null;null;206.6;6.4;12;49.6;null;1012.5;29.9;26.6;23;73.1;6.6;3.6;46.7;
1993-02-28;14;187.9;null;null;250.6;6.1;6;93.1;null;1011.9;30.3;26.9;23;70;6.5;3.3;46.7;
1993-03-31;14;187.1;null;null;280.4;6.4;10;63.5;null;1012.4;30.3;26.9;22.7;71.6;6.3;3.2;46.8;
1993-04-30;14;150.1;null;null;230.4;7.4;18;135.3;null;1011.4;30;26.6;22.8;77.2;6.6;3.1;47.1;
1993-05-31;14;101.5;null;null;187.6;7.4;21;214.7;null;1012.1;29;25.6;22.4;83.3;6;2.9;46.6;
1993-06-30;14;97.3;null;null;195.2;7.4;25;277.9;null;1014.5;28.1;24.7;21.5;83.3;6.5;2.9;46.4;
1993-07-31;14;104.6;null;null;176.5;7.6;24;183.6;null;1015.4;27.5;23.8;20.6;83.8;8.1;2.8;46.7;
1993-08-31;14;122.4;null;null;230.9;6.5;16;161.3;null;1015.6;28;24.4;20.5;82;6.6;3.3;46.7;
1993-09-30;14;177.7;null;null;240.1;6.1;10;49.4;null;1014;28.8;25.5;21.6;80.3;5.3;3.2;46.7;
1993-10-31;14;219.2;null;null;262.1;5.5;14;34.2;null;1013.2;29.8;26.4;23;73.8;7;3.7;47.1;
1993-11-30;14;209.7;null;null;232.1;6.2;15;29.1;null;1011.6;30.2;27;24;71.9;6.6;3.8;46.7;
1993-12-31;14;212.8;null;null;293.7;5.4;11;34.6;null;1011.3;30.7;27.2;23.5;71;5.6;3.7;46.7;
1994-01-31;14;147.9;null;null;251.2;5.8;14;143.4;null;1010.5;30.3;27;22.9;74;6.5;2.9;46.6;
1994-02-28;14;146.3;null;null;216.1;6.1;17;96.5;null;1011.2;30.8;27.4;23.4;72.2;5.5;3;46.7;
1994-03-31;14;132.4;null;null;231;6.1;17;293.5;null;1011.1;31.2;27.5;23.5;76.3;6.8;2.8;46.7;
1994-04-30;18;93.7;null;null;211.9;6.5;22;232.8;null;1011.5;29.9;26.2;22.8;82.4;5.1;2.5;46.2;
1994-05-31;18;80.7;null;null;152;7;28;575;null;1012.5;28.8;25.3;22.5;90.2;5.3;2.1;47.4;
1994-06-30;14;70.3;null;null;158.8;7.2;29;671.1;null;1013.7;28.3;25;22.4;90.7;6;2.3;46.4;
1994-07-31;14;105.8;null;null;188.1;7.1;30;287.1;null;1015.3;27.8;24.4;21.4;88.7;6;2.9;46.8;
1994-08-31;18;121.5;null;null;214.3;6.3;19;153.8;null;1015.5;27.8;24.2;20.9;84.9;9.8;3.4;47.5;
1994-09-30;18;130.3;null;null;188.8;7.2;26;163.7;null;1015.1;28.1;24.7;21.4;81.7;7.1;3.5;46.4;
1994-10-31;14;176.3;null;null;238.5;6.3;14;23.4;null;1013.2;29.2;25.9;22.4;74.1;5.6;3.4;47.5;
1994-11-30;9;248.1;null;null;253;5.9;11;15.8;null;1012.3;30.1;26.2;22;71.5;6.6;3.3;46.7;
1994-12-31;14;255.4;null;null;234.7;6.6;13;32.7;null;1012;30.5;26.9;23.3;72.8;6.5;3.6;46.7;
1995-01-31;14;223.7;null;null;241.4;6.3;7;29.8;null;1012.2;30.5;26.8;22.4;72.6;8.2;3.2;46.7;
1995-02-28;14;129.5;null;null;223.9;6.2;15;124;null;1011.8;30.8;27.2;22.5;73.9;5.5;2.7;46.7;
1995-03-31;14;147.4;null;null;273.6;6.3;17;214.5;null;1010.6;31;27.4;22.9;74.9;5.3;2.9;46.6;
1995-04-30;14;99.6;null;null;185.2;6.8;21;186.2;null;1010.2;30.1;26.4;22.6;82;5;2.3;46.7;
1995-05-31;14;95.7;null;null;191.9;6.5;24;351.3;null;1011.6;29.6;25.8;22;83.4;5;2.3;46.6;
1995-06-30;18;81.8;null;null;129.5;7.9;29;525.2;null;1013.7;27.8;24.3;20.9;86.5;6.5;2.8;46;
1995-07-31;18;119.5;null;null;178.9;6.9;26;319.6;null;1014.2;27.8;24.3;21.1;83.3;6.6;3.1;46.7;
1995-08-31;18;154;null;null;210.4;6;19;46.8;null;1015.3;27.9;24.3;19.9;75.6;7.3;3.4;47.5;
1995-09-30;18;183.9;null;null;233.8;6.1;12;26.2;null;1015.8;28.7;25.3;21.3;72.4;6.6;3.8;48;
1995-10-31;14;196.2;null;null;274.5;6.2;10;27.4;null;1012.6;29.7;26.2;22.6;69.8;8.3;3.4;46.7;
1995-11-30;14;152.9;null;null;214.7;7.1;16;53.8;null;1011.9;29.7;26.2;22.9;75.4;6.1;3.3;46.5;
1995-12-31;9;174.8;null;null;279.4;5.8;5;6.5;null;1011.6;30.9;26.9;22.4;71.4;5;3;46.7;
1996-01-31;14;173.3;null;null;253.6;6.9;19;159.4;null;1010.5;30.4;27.2;24;73.4;6.3;3;46.6;
1996-02-29;14;149.2;null;null;252.7;6.3;17;155;null;1010.5;30.3;27.1;23.1;73.3;5;2.8;46.7;
1996-03-31;14;111.4;null;null;212.5;6.7;20;159.2;null;1010.2;30.6;27.2;23.6;77.6;8.3;2.4;46.7;
1996-04-30;18;76;null;null;152.4;7.5;27;462.7;null;1010.5;29.8;26.2;23.4;85.6;5;2;46.7;
1996-05-31;18;113.2;null;null;217.6;6.1;12;232;null;1012.2;29.8;25.7;22.4;82;6.6;2.7;46.7;
1996-06-30;18;104;null;null;167.5;7;26;236.5;null;1013.9;28.2;24.9;21.9;82.2;6.8;3.1;46.7;
1996-07-31;18;99.3;null;null;165.9;6.9;31;380.4;null;1015.6;27.4;24;21.6;85.3;7;3;46.7;
1996-08-31;18;105.5;null;null;196.3;7;19;253.8;null;1015.2;27.7;24.5;21.8;81.5;6.6;3.3;46.5;
1996-09-30;14;140.3;null;null;203.1;6.7;20;191;null;1014.3;28.2;25.1;22;78.2;6.2;3.4;46.7;
1996-10-31;14;169.2;null;null;284.5;6.1;12;33.4;null;1012.7;29.6;26.4;23;73.9;5;3.3;46.7;
1996-11-30;9;166.2;null;null;239.2;6.7;17;63.7;null;1010.6;30;26.7;23.1;73.5;5.8;3.3;46.7;
1996-12-31;9;188.9;null;null;275;6.1;12;38.2;null;1011.2;30.6;27.2;23.2;72.2;5;3;47.1;
1997-01-31;9;209.5;null;null;248.4;6.8;12;30.6;null;1010.9;31.2;27.7;23.8;71.2;5.1;2.9;47.1;
1997-02-28;14;151.8;null;null;205.6;6.7;21;158.6;null;1011.7;30.1;27;23.3;74.9;6.5;3;46.7;
1997-03-31;14;128.4;null;null;200.1;7;26;224.4;null;1010.9;29.9;26.8;23.5;79.1;5.6;2.5;46.7;
1997-04-30;14;84.9;null;null;192.4;7.3;22;362.7;null;1012;29.6;26.2;22.7;82.3;5.6;2.3;46.6;
1997-05-31;18;92.9;null;null;174.5;7.2;25;466.3;null;1013.1;28.7;25.5;22.6;84.1;11.1;2.7;46.5;
1997-06-30;14;87.2;null;null;191.4;6.5;22;182.2;null;1013.5;28.3;24.2;20.7;84.6;5;1.9;46.7;
1997-07-31;14;100.9;null;null;198.8;6.5;27;205.4;null;1016.3;27.6;23.9;20.5;82.6;6.6;null;46.7;
1997-08-31;14;123.1;null;null;174.5;6.9;28;130.1;null;1016.6;27.3;24.3;21.3;80.7;6.6;3;46.7;
1997-09-30;14;181.7;null;null;261.9;5.6;8;20.5;null;1013.7;28.9;25.2;20.8;74.3;5;2.7;46.7;
1997-10-31;9;232.8;null;null;284.8;5.7;5;15.5;null;1012.4;30.2;26.5;22.2;71.6;5.6;2.9;46.7;
1997-11-30;9;217.5;null;null;273;6.2;7;43;null;1012.1;30.4;26.9;22.8;70.4;6.5;3.1;46.1;
1997-12-31;14;179.3;null;null;270.9;6.2;11;71.8;null;1011.8;30.8;27.2;23;73.4;5;2.6;47.1;
1998-01-31;14;160.6;null;null;256.8;6.1;14;67.4;null;1010.9;31.4;27.8;23.7;74.6;5;2.6;47.1;
1998-02-28;14;170.8;null;null;248.9;6.2;10;42.2;null;1012.3;32.1;28.6;24.7;71.2;5;2.9;46.7;
1998-03-31;14;162.8;null;null;277.6;6.1;17;83.6;null;1010.9;32.3;28.5;24.2;73;6.6;3;46.7;
1998-04-30;14;144.2;null;null;233.3;6.8;23;115.9;null;1011.1;31.5;27.9;23.8;75.7;7.6;3.1;47;
1998-05-31;14;121.1;null;null;182.3;6.6;20;187.6;null;1013.2;29.9;26.4;22.7;79.9;5.6;2.7;47;
1998-06-30;18;106;null;null;199.5;6.5;24;166.6;null;1015.1;28.8;25.3;21.7;80.5;7.3;3;46.7;
1998-07-31;18;97.8;null;null;196.2;6.9;29;169.1;null;1014.9;28.3;24.8;21.1;81.1;6.5;2.8;46.7;
1998-08-31;14;111.1;null;null;175.4;7.1;29;277.8;null;1014.7;28;24.4;21.1;81.7;6.5;2.9;46.7;
1998-09-30;14;159.3;null;null;243.4;6.6;22;52.3;null;1014.5;28.7;25.4;21.5;74.7;9.1;3.6;46.7;
1998-10-31;14;178.1;null;null;250.1;6.6;12;55.4;null;1013.6;29.5;26.3;22.6;73.3;6.6;3.4;46.7;
1998-11-30;9;186.3;null;null;251.4;6.1;8;15.8;null;1011;30.5;27.1;22.9;72.4;5.6;3.2;46.7;
1998-12-31;9;196.5;null;null;269.5;6.2;11;16;null;1011.5;31;27.4;23.2;69.6;5;3.3;46.7;
1999-01-31;14;186;null;null;257.8;6.1;10;44.7;null;1010.3;31;27.4;23;70.8;5;3;46.7;
1999-02-28;14;201.5;null;null;211.6;6.3;12;18.8;null;1011.1;31.1;27.8;24.1;70.4;6.1;3.6;47.1;
1999-03-31;14;179.2;null;null;249.8;6.2;13;196.9;null;1010.1;30.6;27.4;23.7;73.4;6.6;3.1;46.7;
1999-04-30;14;159.2;null;null;242.7;6;13;103.4;null;1011.6;30.4;27;22.8;73.8;5.3;3.1;46.7;
1999-05-31;14;96.5;null;null;220.2;6.5;27;306.1;null;1012.4;29.3;25.8;22.5;81.4;6.6;2.4;46.7;
1999-06-30;18;107.3;null;null;223.2;6.1;17;125.3;null;1013.3;28.7;25.1;21.6;80.4;5;2.7;46.7;
1999-07-31;18;124.8;null;null;205;6.6;22;259.6;null;1015.1;27.9;24.3;21;79.3;9.2;3.3;46.7;
1999-08-31;18;118.4;null;null;214;6.6;25;142.2;null;1015.6;27.5;23.8;20.2;79.2;6.1;3.2;46.7;
1999-09-30;14;135.7;null;null;203.7;7;19;72.8;null;1013.9;28.2;25.3;22.2;75.8;6.5;3.5;47.1;
1999-10-31;14;159.2;null;null;257.3;6.4;13;90.3;null;1013.4;29.1;25.9;22.3;73.3;6.1;3.2;46.7;
1999-11-30;9;182.3;null;null;257.5;6.3;11;18.9;null;1011.6;30.2;26.8;22.8;71.5;5;3.2;46.7;
1999-12-31;14;171.1;null;null;210.6;6.9;25;104.9;null;1011;30.2;27.2;23.8;73.3;6.3;3.5;46.7;
2000-01-31;9;121;null;null;228.8;6.8;17;276.4;null;1010;29.9;26.7;22.9;76.5;5;2.7;46.7;
2000-02-29;14;136.4;null;null;204.5;6.6;13;87.9;null;1011;30.3;27;23.2;76.9;5.8;2.9;47.1;
2000-03-31;14;160.1;null;null;221.9;6.5;23;174.1;null;1010.1;30.3;27.2;23.2;74.9;5.6;2.9;46.7;
2000-04-30;18;95.9;null;null;189.8;7;27;435.4;null;1011.2;29.6;26.4;23.2;82.9;6.3;2.4;46.7;
2000-05-31;18;108.7;null;null;205.5;7.1;22;265.4;null;1012.2;29.2;25.7;22.3;82.8;6.6;2.7;46.6;
2000-06-30;18;89.7;null;null;133.2;7.8;26;562.9;null;1013.7;27.9;24.8;22;86;5.8;2.6;46;
2000-07-31;18;84.9;null;null;121.5;7.8;29;575;null;1013.7;27;24;21.6;86.8;5.6;2.1;46.2;
2000-08-31;18;118.6;null;null;198;7.1;21;443.4;null;1015;27.6;24.4;21.2;81.1;5.8;2.4;46.7;
2000-09-30;14;125.6;null;null;163;7.3;27;336.1;null;1013.9;28.2;25.1;21.6;80.4;6;2.6;46.7;
2000-10-31;14;193.7;null;null;219.5;6.8;18;58.2;null;1013.8;29.1;26.1;22.9;73;6.3;3.3;46.5;
2000-11-30;14;183.9;null;null;244.8;6.3;10;45.1;null;1011.2;29.7;26.4;22.4;73;5.3;3;46.7;
2000-12-31;14;165.5;null;null;224.3;6.6;9;176;null;1011.8;29.3;26.1;22.1;76.5;4.5;2.3;46.7;
2001-01-31;14;229.6;null;null;244.5;6.4;13;58.8;null;1012.3;29.8;26.6;22.4;72.4;6.3;3.2;47.1;
2001-02-28;14;193.3;null;null;237.9;6.2;12;56.5;null;1010.9;30.9;27.3;23.2;72;5;3.2;46.7;
2001-03-31;14;160.9;null;null;211.8;6.2;19;133.7;null;1011.4;30.4;27;23.2;76.8;6.6;2.8;47.1;
2001-04-30;14;98.9;null;null;173.3;7.3;23;327.8;null;1012;29.6;26;22.6;81.9;6;2.6;46.7;
2001-05-31;14;110.8;null;null;249.9;5.8;10;59.5;null;1012.3;30;26.2;21.8;78.3;5;2.4;46.7;
2001-06-30;14;85.4;null;null;155.9;7.3;26;432.4;null;1014.1;28.4;24.6;21.5;85.4;5.8;2.5;46.4;
2001-07-31;18;89.6;null;null;197;6.9;31;355.5;null;1014.8;27.8;24.4;21.4;84;6.3;2.7;46.7;
2001-08-31;18;140;null;null;217.2;6.4;25;211;null;1016.9;27.7;24.5;21.4;78;6.3;3.5;46.6;
2001-09-30;14;143.4;null;null;217.4;6.7;16;106.3;null;1014.4;28.4;25.3;22.1;77;6.6;3.4;46.7;
2001-10-31;14;169.1;null;null;184.7;6.7;11;103.7;1014.3;1013.5;29.2;26.1;23.3;78.3;5.8;2.9;46.6;
2001-11-30;9;199.5;null;null;237;6.1;9;32.1;1013.2;1012.3;30;26.8;23.3;74.3;5;3.2;46;
2001-12-31;14;188.2;null;null;213.5;6.8;22;109;1012.4;1011.6;30.2;27.3;24.4;77.7;5.6;3.7;46.7;
2002-01-31;14;123.3;null;null;157;7.4;23;231.6;1012.8;1011.8;29.6;26.5;23.3;80.9;5;2.4;46.7;
2002-02-28;14;121.5;null;null;195.2;6.8;16;199.5;1013.2;1012.3;30.1;26.9;23.5;77.8;6.6;2.9;46.7;
2002-03-31;14;93.9;null;null;206;6.8;25;409.8;1012.8;1012;29.8;26.6;23.4;80.9;5;2.6;46.7;
2002-04-30;14;97.2;null;null;194.9;7;23;140.2;1012.2;1011.3;29.8;26.5;23;80;6.6;2.9;48.3;
2002-05-31;14;101.3;null;null;170.5;6.9;21;304.2;1013.7;1012.8;29.1;26;23.1;81.9;5.8;2.9;46.7;
2002-06-30;18;82.3;null;null;155.4;7.5;25;583.5;1015.9;1015;27.8;24.8;22.2;84.7;5.6;2.7;46.2;
2002-07-31;18;93.1;null;null;163.5;7.1;24;282.3;1016.9;1016;27.7;24.5;21.8;83.3;5.8;2.6;46.7;
2002-08-31;18;130.3;null;null;200.7;6.9;25;124.2;1017.1;1016.2;27.8;24.7;21.2;77.7;6.6;3.6;46.7;
2002-09-30;14;139.3;null;null;243.5;5.8;12;42.5;1016.2;1015;28.7;25.5;21.4;72.5;5.3;3;47.1;
2002-10-31;9;165.4;null;null;189.1;6.5;12;49;1014.7;1013.8;29;26;22.8;74.1;5;3;46.7;
2002-11-30;9;152.6;null;null;199;6.5;13;87.7;1014;1013.2;29.7;26.2;22.5;75.2;5;2.9;47.1;
2002-12-31;9;156.9;null;null;242.3;6.3;10;33.1;1013.5;1012.6;30.7;27.2;23.5;74;5.3;2.8;46.7;
2003-01-31;9;168.4;160.2;160.2;228.6;6;12;53.3;1013.1;1012.3;31.4;27.3;22.6;73;4.5;2.5;46.7;
2003-02-28;14;119.4;136.9;136.9;175.1;6.8;21;158.5;1012.8;1011.9;30.5;26.9;23;77.3;5;2.6;46.5;
2003-03-31;9;83.8;143.5;143.5;197.9;6.7;25;397.9;1012.4;1011.5;30.4;26.6;22.9;81.5;4.8;2;46.7;
2003-04-30;14;99.4;129.4;129.4;232.7;5.8;18;116.1;1012.9;1012;30.5;26.7;22.7;79.2;4.5;2.4;47.3;
2003-05-31;14;87.5;128.2;128.2;220.2;6;19;225.9;1013.9;1013;30;26;22.6;82;5;2.1;47.3;
2003-06-30;14;66.8;98;98;148.1;6.8;24;474.5;1015;1014.1;28;24.3;21.4;86;4.3;1.7;45.7;
2003-07-31;14;90.7;97.4;97.4;205.9;6.5;26;282.2;1017;1016.1;27.4;24;21.1;83.6;5;1.9;45.8;
2003-08-31;14;85.5;100.1;100.1;234.8;6;24;194.8;1017;1016.1;27.8;24.1;20.7;81.3;7.5;2;47.6;
2003-09-30;14;101.5;null;null;241;5.9;18;136;1016.2;1015.3;28.5;25.1;21.7;77.4;5;2.5;46.8;
2003-10-31;14;143.2;null;null;248.9;6.2;18;52.3;1014.4;1013.5;29.5;26;22.5;74.3;5.1;2.6;46.3;
2003-11-30;9;142.6;null;null;265.8;5.2;11;26.8;1012.9;1012;30.7;26.9;23.3;72.3;4.3;2.4;48;
2003-12-31;9;173.8;null;null;266.7;5.5;16;51.5;1013;1012.1;31.3;27.3;23.5;71.9;7.3;2.7;46.7;
2004-01-31;5;105.3;null;null;148.2;7.4;22;249.9;1011.6;1010.7;30.7;26.9;23.7;79.2;4.6;1.9;45.3;
2004-02-29;9;86.4;null;null;185.4;6.8;17;226;1012.7;1011.7;30.7;26.7;22.9;79.2;4.8;1.9;45.1;
2004-03-31;9;121.8;null;null;228.6;6.3;19;168.8;1012.2;1011.3;30.7;26.9;23.2;77.2;6;2.2;47;
2004-04-30;9;79.4;null;null;178.2;6.8;26;378.2;1012.8;1011.9;30.1;26.3;23;82;4.3;1.9;48.6;
2004-05-31;14;63.3;null;null;166.6;7;28;327.7;1014.2;1013.3;29.3;25.3;22.2;86.1;4.6;1.5;46.5;
2004-06-30;14;50.9;null;null;92.6;8;27;537.3;1016.8;1015.9;28.3;24.4;21.7;88;4.5;1.6;45.8;
2004-07-31;14;57.6;null;null;149.3;6.8;24;359.8;1015.9;1014.9;27.9;23.8;20.6;86.1;3.8;1.7;46;
2004-08-31;14;82.5;null;null;225.6;6.2;23;138.9;1017.3;1016.4;28.4;23.9;20;82.5;5;1.9;46.6;
2004-09-30;14;111.2;null;null;222.8;6.6;18;81.1;1016;1015.1;28.6;24.9;21.2;78.2;4.8;2.5;46.6;
2004-10-31;9;140.6;null;null;262.3;5.8;9;33.6;1014.3;1013.4;29.6;26;22.2;73.8;5;2.7;48.6;
2004-11-30;9;152.1;null;null;255.9;5.7;6;18.2;1013.2;1012.3;30.6;26.7;22.9;71.1;5;2.8;48.4;
2004-12-31;9;185.8;null;null;285.5;5.6;9;13.2;1012.8;1011.9;31;27.1;22.7;69.4;5;2.8;48.4;
2005-01-31;9;170.8;null;null;262.9;6;6;14.3;1011.8;1010.9;31.5;27.6;23.3;70.6;4.6;2.7;47;
2005-02-28;9;134.8;null;null;214.7;6.1;16;80.4;1011.6;1010.9;31.7;27.7;23.9;74.6;4.8;2.5;47.1;
2005-03-31;9;153;null;null;239.3;6.4;13;75.9;1012.3;1011.4;31.9;28.1;23.7;72.6;4;2.4;47.8;
2005-04-30;14;108.7;null;null;239.1;6.4;21;168.1;1012.7;1011.8;30.6;27.2;23.2;78.3;4.6;2.1;46.7;
2005-05-31;14;62.6;null;null;161.8;7.4;25;507.1;1013.5;1012.5;29.5;25.8;22.3;86.1;6.5;1.7;46.5;
2005-06-30;14;56.3;null;null;117;7.9;30;709;1015;1014;28.4;24.8;21.9;87.5;4;1.7;46.9;
2005-07-31;14;85.6;null;null;212.8;6.2;27;182.7;1017.1;1016.2;28.1;24.2;20.6;81.7;5.1;2.2;46.7;
2005-08-31;14;78.5;null;null;181.1;7.4;27;290.8;1016.7;1015.9;27.7;24.1;20.9;83.4;4.6;2;46.2;
2005-09-30;14;118.7;null;null;234.3;6.3;16;45.3;1016.1;1015.3;28.7;25.2;21.4;76.1;5.6;2.7;47.4;
2005-10-31;14;83.9;null;null;277.4;6.2;12;59.7;1015;1014.1;29.7;25.9;21.8;74;5;2.7;46.5;
2005-11-30;9;156.2;null;null;262.1;6.2;9;8.7;1013;1012.1;30.6;26.9;23.3;70.6;4.6;2.8;48.3;
2005-12-31;9;142.9;null;null;232.7;6.5;15;174.2;1011.8;1010.9;30.1;26.7;22.9;73.1;5;2.7;46.6;
2006-01-31;9;167.3;null;null;251.1;6.6;11;12.3;1012.4;1011.5;30.6;27.1;23.3;70.5;4.3;2.8;49;
2006-02-28;9;129.9;null;null;221.9;6.1;8;32.4;1011.8;1010.9;31.8;27.7;23.2;70.5;4.6;2.3;47.9;
2006-03-31;5;87;null;null;255.9;5.9;17;158.2;1012;1011.1;31.6;27.6;23;74.7;5.1;2.1;47.1;
2006-04-30;9;69.6;null;null;193.4;6.5;22;322.2;1011.5;1010.5;30.6;26.7;22.9;80.5;5.3;1.6;45.3;
2006-05-31;14;68;null;null;191.9;6.7;25;338;1014;1013.1;29.7;25.8;22.6;85;5.6;1.8;46.3;
2006-06-30;14;71.7;106.4;106.4;147.4;7.8;26;432.1;1015.5;1014.5;28.5;25;22;83.5;8;2.3;52;
2006-07-31;14;71;103;103;190.2;6.7;26;222.5;1016.6;1015.8;28.4;24.5;21.1;82.5;5;2.2;47.2;
2006-08-31;14;96.5;105.8;105.8;199.2;6.6;21;185.8;1016.3;1015.4;28.4;24.6;21.2;79.7;5;2.3;46.1;
2006-09-30;14;107.7;114.8;114.8;245.5;6.2;15;79;1016.1;1015.2;29;25.4;21.8;75;4.6;2.4;48.4;
2006-10-31;14;151.9;143.1;108.5;284.8;6;10;8.7;1013.9;1013;30.3;26.7;22.8;70;4.5;2.7;46.7;
2006-11-30;14;133.7;148;84.7;274.7;5.7;10;84.7;1012.6;1011.7;30.8;27;23;71;5.5;2.9;47.9;
2006-12-31;14;117.9;154.1;106.4;237.9;5.9;9;106.4;1013.5;1012.6;30.9;27;22.8;73.2;4.6;2.4;47.4;
2007-01-31;14;109;155.5;83.7;256.7;6.3;16;83.5;1013;1012.1;30.9;27.1;23.1;75;4.1;2.2;49.9;
2007-02-28;14;79.1;142.1;142.1;196.2;6.4;15;226.7;1012.5;1011.6;31.6;27.4;23.2;75.6;4.3;2.2;46.4;
2007-03-31;14;88.7;147.2;147.2;228.5;6.9;19;138.7;1012.5;1011.6;30.4;26.9;23.3;78;4.3;2.1;47.4;
2007-04-30;14;80.1;131.1;131.1;212.4;6.6;19;347.3;1012.8;1011.9;30.3;26.3;22.7;80.5;4.1;1.7;46.6;
2007-05-31;14;65.1;117;117;205.1;6.6;20;208.2;1013.7;1012.7;29.7;25.6;22.5;83.9;4.3;1.6;46.2;
2007-06-30;18;56.1;103.5;103.5;129.8;7.5;25;390.8;1015.8;1014.8;28.4;24.8;21.7;84.2;3.6;1.6;45.6;
2007-07-31;18;61.3;94.7;94.7;191.7;6.5;26;331;1016.5;1015.6;28.3;24.1;21;83.6;4;1.7;46.9;
2007-08-31;18;81.6;101.5;101.5;196.4;7.4;26;223.7;1016.6;1015.8;27.7;24.3;21.6;81.2;5.5;2.2;46.7;
2007-09-30;18;101.9;105.8;105.8;207.2;6.8;19;127.1;1017.1;1016.2;27.7;24.7;21.7;79.5;5.3;2.4;46.5;
2007-10-31;14;126.7;125.7;125.6;231.8;6.5;16;25.6;1014.6;1013.8;28.9;25.6;22.2;74.1;5;2.8;46.5;
2007-11-30;14;120.6;138.9;40;263.9;5.8;10;40;1012.8;1011.8;30.2;26.5;23.1;71.8;4.5;2.7;47.1;
2007-12-31;14;149.9;156;30.6;264.6;6.3;12;30.6;1012.3;1011.4;30.7;27;23.5;70.6;5;2.6;46.7;
2008-01-31;9;112.1;153.6;85.7;213.5;6.3;13;85.7;1011.5;1010.6;30.4;27;23.4;72.6;4.3;2.4;47.6;
2008-02-29;9;128.4;156.5;32.3;256.7;5.4;8;32.3;1012;1011.1;31.8;27.7;23;69.2;4.3;2.4;46.7;
2008-03-31;14;106.3;149;149;207.8;6.1;15;395.4;1011.2;1010.2;31;27;23.2;77.5;3.8;1.5;47;
2008-04-30;14;70.2;126.1;126.1;211.9;6.4;21;314.2;1011;1010;30.4;26.1;21.9;82.2;3.7;1.3;47;
2008-05-31;14;65.5;118.5;118.5;186.8;6.8;26;415.7;1012.8;1011.7;29.3;25.5;21.7;84.2;5.3;1.5;47.3;
2008-06-30;18;67.3;96.6;96.6;148.9;7.4;24;391.8;1014.8;1013.8;28.1;24.3;21.1;86;4.7;1.7;46.3;
2008-07-31;14;62;101.6;101.6;155;7.6;29;374.3;1016.4;1015.6;27.2;23.8;20.8;85.2;5;2;46.7;
2008-08-31;14;72.8;96.1;96.1;173.8;7.1;27;294.4;1015.4;1014.5;27.4;23.8;20.5;84.9;4.3;1.8;47.1;
2008-09-30;14;120.8;114.8;96.3;195.2;6.9;16;47.6;1015.7;1014.8;28.5;25.3;22.4;78;4.2;2.2;47.1;
2008-10-31;14;147.9;134.3;78.3;222.4;6.8;17;53.6;1015.1;1014.2;29.3;26.2;23.1;74.9;5;2.8;46.7;
2008-11-30;9;142.4;144.4;37;248.2;6;7;16;1012.9;1012.1;30.5;26.9;23.1;69.3;5.2;2.7;47.1;
2008-12-31;14;142.7;156;23.1;241.5;6;6;18.3;1011.9;1011;31.1;27.2;23;68.8;5;2.8;47.5;
2009-01-31;14;138.9;159.4;86;240;6.2;7;85.2;1012.5;1011.6;31.1;27.3;23;70;4.8;2.7;46.6;
2009-02-28;14;86.8;128.5;128.5;156.9;7;20;376.1;1011.8;1010.9;30;26.5;23.1;78.8;5;2;46.4;
2009-03-31;14;91.1;154.7;154.1;250.4;5.6;15;142.8;1011.3;1010.4;31.2;27.2;22.9;75.8;3.3;1.9;47.1;
2009-04-30;0;59.5;131.1;131.1;189.8;6.5;19;351.8;1012.1;1011.2;30.4;26.4;23.1;83.4;3.3;1.1;46.7;
2009-05-31;0;46.6;null;null;154.2;7.3;27;410.1;1012.9;1011.8;29.4;25.8;23.1;87.7;3.6;1.1;46.7;
2009-06-30;18;60.8;106.4;106.4;161;7.4;22;333;1014.8;1013.9;28.5;25;22.4;86.4;4.2;1.7;46.3;
2009-07-31;14;54.7;103;103;183.1;7.1;28;386.8;1015.8;1014.9;28.3;24.6;22;85.7;4.8;1.7;46.5;
2009-08-31;14;78.1;107.3;107.3;219.2;6.8;26;290.2;1015.8;1014.9;28.4;24.6;21.7;82.3;5;2.2;46.7;
2009-09-30;14;98.6;119.4;113.6;213.5;6.5;15;83.5;1016.1;1015.1;29;25.6;22.4;77.6;4.7;2.3;46.6;
2009-10-31;14;116.4;137.7;65.3;258.7;5.3;7;16.3;1013.4;1012.6;30.4;26.3;21.8;71.4;4.3;2.3;46.8;
2009-11-30;14;166.3;146.2;62.7;254.3;6;10;49.9;1013.2;1012.2;30.8;27;23.2;70;4.5;2.7;46.5;
2009-12-31;14;131;161.9;53.2;244.1;6.5;14;47.8;1012.8;1011.9;31;27.4;23.7;73;7;2.4;48.1;
2010-01-31;14;85.9;146;146;157.5;7.1;22;193.4;1012.7;1011.8;30.1;26.6;23.3;79.4;4.7;1.8;47.5;
2010-02-28;14;92.1;151.1;77.8;193.3;6.7;14;45.2;1012.2;1011.2;31.3;27.8;24.3;76;5;2.1;47.6;
2010-03-31;14;111.4;166.5;101.7;235;5.7;10;92.7;1012;1011.1;32.3;27.9;23.4;75.3;4.3;1.9;46.6;
2010-04-30;14;62.4;143.2;143.2;210.7;6.1;21;273.3;1012;1011.1;31;27;23.4;82.4;4.5;1.8;47.1;
2010-05-31;14;62.6;131.6;130.2;224.3;6;17;114.3;1012.8;1011.9;30.3;26.3;22.7;83;4.2;1.6;47.4;
2010-06-30;14;51.4;112.2;112.2;180.3;6.6;23;543.9;1015.3;1014.2;29.1;25.3;22.6;85.3;5;1.7;47.4;
2010-07-31;14;72.3;101.6;101.6;178.4;6.9;29;259.4;1015.9;1015;28.2;24.5;21.5;84.1;4.7;1.9;46.7;
2010-08-31;18;77.8;93.3;93.3;156.9;7.1;23;191.2;1016.7;1016;27.5;23.7;20.6;83;5;2.1;46.7;
2010-09-30;14;112.4;104.4;100.3;206.4;6.8;22;74.3;1015.6;1014.8;28.2;25;21.6;75.6;5;2.7;46.7;
2010-10-31;14;121.5;139.5;84.8;209.6;6.4;9;37.4;1013.5;1012.7;30;26.3;22.8;72.7;5;2.5;46.7;
2010-11-30;14;174.6;149.9;42.6;272.7;5.6;8;23.5;1012.3;1011.3;30.7;27.1;23;67.8;4.2;2.6;47;
2010-12-31;14;154.8;158;88.7;219.9;6.7;10;84.8;1010.7;1009.8;31;27.1;22.9;70.3;4.7;2.4;46.7;
2011-01-31;14;115;147.9;139.6;192.3;6.8;19;139.3;1011;1010;30.4;26.7;23;74.6;4.5;2.1;47.1;
2011-02-28;14;91.1;135.2;135.2;208.8;6;18;336.6;1011.8;1010.8;30.6;26.9;22.9;74.2;4.5;2.1;46.7;
2011-03-31;14;89.2;152.8;150.3;255;5.2;16;129.5;1011.1;1010.2;31.5;27.3;22.7;74.3;4;1.6;46.7;
2011-04-30;0;52.9;126.1;126.1;123.8;6.9;24;647.4;1011.7;1010.7;29.7;26;22.4;82.6;3.7;1.5;45.8;
2011-05-31;18;50.7;118.6;118.6;131.4;7.8;25;755.7;1012.9;1012;28.9;25.5;22.3;86.7;4.1;1.6;46.8;
2011-06-30;18;54.2;106.4;106.4;149.2;7.4;21;303.9;1014.7;1013.8;28.4;24.8;21.4;84.5;5;1.8;46.6;
2011-07-31;14;57.6;96.1;96.1;126.2;8.1;29;544.4;1015.4;1014.5;27.4;24;20.9;86;5;1.6;46.7;
2011-08-31;14;66.8;100.2;100.2;174.8;6.5;23;201.8;1016.3;1015.4;28.1;24.2;20.2;79.7;4.7;1.9;46.5;
2011-09-30;14;113.8;111.7;89;159.1;6.8;19;35.7;1016.8;1015.9;28.4;24.9;20.9;74.6;4.7;2.4;46.7;
2011-10-31;14;114.9;139.5;65;192.6;6.3;16;34.6;1013.1;1012.2;29.7;26.1;22;71.8;5;2.5;46.7;
2011-11-30;14;113.3;138.9;83.6;218.7;6.2;17;75;1012.9;1012;30.1;26.5;22.3;71.1;4.5;2.5;47.1;
2011-12-31;9;131;154.1;47.1;237.3;5.9;11;41.8;1012.9;1012;30.9;27;22.8;69.8;4.3;2.4;47.5;
2012-01-31;14;91.1;144.2;144.2;171.6;7;20;198.6;1013.1;1012.1;30.2;26.3;22.3;74.4;5;2.1;45.2;
2012-02-29;14;103.3;133.1;133.1;194;6.6;13;189.8;1012.5;1011.6;29.9;26.5;22.6;73.6;7.5;2.5;46.7;
2012-03-31;14;104.7;143.4;143.4;225.4;5.8;14;138.8;1013.1;1012.2;30.6;26.8;22.4;73.1;4;2.2;47.5;
2012-04-30;14;90.7;129.4;106.3;237.2;5.7;13;55.8;1013;1012.1;30.5;26.3;21.7;74.1;4;2.1;46.7;
2012-05-31;14;71;121.7;121.7;220.9;6.2;20;190.2;1014.5;1013.6;29.8;25.6;21;75.6;4.2;1.7;48;
2012-06-30;14;57.2;100.7;100.7;165;6.8;23;296.5;1015.8;1014.9;28.7;24.6;20.7;82.4;5;1.5;46.7;
2012-07-31;18;74.2;100.2;100.2;192.9;6.5;24;261.7;1016.3;1015.3;28;24.3;20.7;80;5;1.9;47;
2012-08-31;14;73.2;94.7;94.7;203.6;6.6;24;163.5;1017.7;1016.8;27.5;23.7;20.3;80.2;5;2.3;46.5;
2012-09-30;14;106.2;111.8;79.9;163.6;6.5;8;19.7;1017.2;1016.4;28.6;25.1;21.1;71.6;4.7;2.6;46.7;
2012-10-31;14;128.7;129.2;75.4;187.2;6.6;13;54.4;1014.8;1013.9;29.2;25.8;22.1;71.4;5;2.7;47.5;
2012-11-30;14;126;146.2;23.9;230.6;6;5;9.9;1012.7;1011.8;31;27;22.7;66.1;4;2.6;46.7;
2012-12-31;9;144.2;162;28.7;219.5;6.1;11;25.1;1012.4;1011.5;31.1;27.3;23.7;67.6;4.3;2.5;46.7;
2013-01-31;9;131.1;157.4;96.3;227.5;6.2;13;95.7;1013.1;1012.1;31.2;27.2;22.9;70.4;5.3;2.3;46.5;
2013-02-28;14;137.2;151.1;48.1;205.2;6.2;13;47.7;1012.5;1011.5;31.7;27.8;23.5;68.7;4.5;2.6;47.6;
2013-03-31;14;122.6;162.5;98.9;201.4;6.3;3;98.8;1012.7;1011.8;31.6;27.7;23.8;71.4;4;2.2;46.6;
2013-04-30;14;96.4;141.5;141.5;212;5.8;null;229;1012.8;1011.8;31.6;27.2;22.7;74.4;3.7;1.8;46.8;
2013-05-31;14;65;125;125;202.8;6.3;null;316.9;1013.8;1012.9;29.8;25.8;22.3;80.8;4.7;1.4;46.8;
2013-06-30;14;36.4;105;105;183.3;7;null;491.4;1014.8;1013.9;28.8;24.9;21.7;86.3;3.3;1.3;46;
2013-07-31;14;43.8;98.8;98.8;151.2;7.4;null;416.4;1016.3;1015.3;28;24.3;21.3;84.6;3.3;1.3;46.2;
2013-08-31;14;58.6;105.9;105.9;179.4;7;null;225.3;1016;1015;28.1;24.6;21.6;80.5;5;1.9;46.2;
2013-09-30;14;62.3;111.7;111.7;142.2;7.2;null;146;1016.1;1015.2;28.5;25.1;22;78.9;4.2;2.3;46.4;
2013-10-31;14;81.8;132.5;132.4;164.7;6.1;null;129.2;1014.9;1013.9;29.5;26;22.8;75.5;4.2;2.2;46.7;
2013-11-30;9;107.6;138.9;121.2;139.1;6;null;76.5;1012.9;1011.9;30;26.5;23.2;77;5;2.2;47.5;
2013-12-31;9;112.2;154.1;154.1;156.4;6.5;null;177.3;1012.7;1011.8;30.7;27;23.2;74.5;5;2.4;46.7;
2014-01-31;14;99.4;144.2;130.5;182.8;6.5;null;108.9;1013.4;1012.5;30.4;26.5;22.6;73.9;4.7;2.2;47;
2014-02-28;14;69.3;130.1;130.1;116.4;7.1;null;148.2;1012.4;1011.4;30.5;26.5;22.6;77.6;3.3;1.8;46.5;
2014-03-31;14;73.6;145.4;145.4;164.3;6;null;252.4;1012.7;1011.8;30.9;26.9;23.2;79.4;3.3;1.8;46.7;
2014-04-30;14;76.7;141.5;141.5;209.8;6.1;null;268.5;1012.8;1011.9;31.3;27;23.2;77.1;3.5;1.5;47.1;
2014-05-31;0;48.1;117;117;194.5;7.1;null;315.1;1013.4;1012.5;29.6;25.5;22.3;83.3;4;1.3;47.3;
2014-06-30;14;58.5;104.9;104.9;193.4;7;null;322.8;1015.3;1014.4;28.6;24.9;21.6;82.1;5;1.7;46.9;
2014-07-31;14;67.6;100.2;100.2;182.8;7.6;null;278.9;1017.7;1016.7;28.2;24.4;21.2;82.3;4.5;1.8;46.5;
2014-08-31;18;71.6;97.4;97.4;179.3;7.2;null;162.2;1017.3;1016.4;28;24;20.7;80.7;4.7;1.9;46.7;
2014-09-30;14;74.9;107.3;107.3;133.2;6.7;null;248.9;1016.3;1015.3;28.5;24.8;21.4;80.3;5;1.9;46.3;
2014-10-31;14;96.9;125.8;125.8;193.6;7.6;null;146.5;1015.3;1014.4;29.1;25.7;22.6;78.3;6.7;2.1;47.1;
2014-11-30;14;95.3;135.4;110.8;233.9;6.1;null;56;1013.5;1012.6;30.5;26.3;22.5;73.3;3.8;1.9;47.3;
2014-12-31;9;108.6;148.4;95.6;224.4;6.9;null;71.3;1014;1013;30.8;26.7;22.8;73.4;4.2;2;46.7;
2015-01-31;14;109.5;155.5;77.8;254.1;6.5;null;65.4;1014.5;1013.6;30.9;26.9;22.7;71.4;4.3;2.2;46.4;
2015-02-28;14;93.7;143.9;61.2;229.2;6.4;null;56.2;1013.3;1012.4;31.6;27.4;23.3;71.4;5;2;46.7;
2015-03-31;14;77.4;145.4;145.4;205.9;6.6;null;341.2;1012.9;1012;30.6;26.8;22.8;76.6;5;1.6;46.5;
2015-04-30;14;77.7;145;109.9;258.7;5.4;null;74.6;1012.9;1012;31.6;27.2;22.4;73.6;3.8;1.6;46.3;
2015-05-31;14;78;135;135;241.6;6.4;null;178.9;1014.2;1013.3;30.8;26.4;22.2;77.3;4.5;1.4;46.7;
2015-06-30;14;48;106.4;106.4;170.5;7.1;null;460.5;1016;1015;29;25;21.6;83.5;3;1.1;47;
2015-07-31;14;42.4;100.2;100.2;141.4;7.8;null;446.3;1016.7;1015.8;28.1;24.2;21.3;86;6;1.5;45.3;
2015-08-31;14;74.9;104.4;104.4;214.9;6.8;null;116;1016.9;1016;28.5;24.5;20.9;79.8;3.5;1.9;46.5;
2015-09-30;14;99.5;119.4;92.1;239;5.8;null;35.1;1016.2;1015.3;29.8;25.7;21.6;73.7;5;2;48.4;
2015-10-31;14;126.5;139.5;47;246.7;6.6;null;16.6;1015.7;1014.8;30.1;26.4;22.6;70.4;4;2.3;46.7;
2015-11-30;14;133.7;149.9;39.4;278.4;5.5;null;30.6;1013.5;1012.6;31.4;27.1;22.8;68.7;4.3;2.3;47.1;
2015-12-31;14;125.6;158;93.5;220.7;6.5;null;91.8;1014.7;1013.8;31.2;27.2;23.6;69.7;3.7;2.1;46.6;
2016-01-31;14;91.7;159.4;126.6;185.6;6.8;null;124;1013;1012.1;31.3;27.2;23.8;73.2;5;1.6;46.7;
2016-02-29;14;null;143.5;69.9;205.9;6.5;null;70;1013.4;1012.6;31.4;27.4;23.9;74.4;3.8;1.7;46.8;
2016-03-31;14;88.8;156.5;156.5;201.6;6.6;null;265.1;1013.7;1012.8;31.4;27.4;23.8;75.8;3.3;1.7;47;
2016-04-30;14;67.3;137.9;137.9;191.1;6.9;null;293.6;1013;1012.1;30.7;26.8;23.7;79.2;5;1.6;46.7;
2016-05-31;0;59;121.7;121.7;188;6.8;null;478.3;1015;1014.1;29.6;25.7;22.5;82.1;3.7;1.2;46.5;
2016-06-30;null;60.5;106.4;106.4;224.3;6;null;148.5;1016.8;1015.9;29.1;25;21.3;80.9;2.5;null;47.2;
2016-07-31;null;69.5;103;103;201.2;6.8;null;111.3;1016.8;1015.9;28.4;24.4;20.8;81.3;null;null;46.7;
2016-08-31;null;87.7;107.4;96.8;211.2;6.3;null;58.3;1016.8;1015.9;28.9;24.7;20.6;77.3;null;null;46.7;
2016-09-30;null;109.6;121.1;86;236.2;6;null;58.2;1016.4;1015.5;29.8;25.7;21.7;73.7;null;null;47.1;
2016-10-31;null;149.9;145;37.5;251.9;5.8;null;14.1;1014.2;1013.3;31.2;26.8;22.5;70.3;null;null;46.7;
2016-11-30;null;153.7;153.7;24.2;237.8;6.1;null;17.3;1013.3;1012.4;32;27.4;23;70.2;null;null;46.6;
2016-12-31;null;136.5;162;69.4;228.5;6.1;null;68;1012.8;1011.9;31.9;27.4;22.7;70.8;null;null;46.7;
2017-01-31;null;137.2;163.4;29.3;236.7;5.5;null;28.7;1013.1;1012.2;31.9;27.5;23.4;69.1;null;null;46.4;
2017-02-28;null;138.5;152.9;21.3;216.1;5.8;null;21.1;1012.5;1011.6;32.6;28;23.6;67.8;null;null;47.1;
2017-03-31;14;82;158.6;156.2;206.4;6.8;null;156.2;1012.2;1011.4;31.5;27.5;23.4;74.3;3.7;1.8;47.5;
2017-04-30;14;62.3;143.2;143.2;208.4;6.4;null;289.9;1012.7;1011.8;30.8;26.7;22.8;80.4;3.3;1.4;47;
2017-05-31;14;58.7;123.3;123.3;154.7;7.3;null;399.4;1013.8;1012.9;29.9;25.8;22.1;83.6;4.2;1.3;45.7;
2017-06-30;14;47.6;106.4;106.4;127.6;7.6;null;489.8;1015.3;1014.4;29;25;21.9;86.5;3.7;1.5;46.3;
2017-07-31;18;53.5;93.4;93.4;96;8.5;null;490.5;1017.6;1016.9;27.7;23.8;20.9;86.8;6.8;2;46.5;
2017-08-31;14;70.4;98.8;98.8;174.6;6.3;null;112.1;1016.6;1015.7;28.4;24.1;20.2;82.4;5;1.6;46.4;
2017-09-30;14;93.4;108.8;106;182.8;7;null;84.1;1016.9;1016.1;28.7;24.9;21.3;78.7;5;2.5;47.1;
2017-10-31;14;103.1;125.8;99.2;163.6;6.8;null;63.1;1014.8;1013.9;29.9;25.8;22.2;76.2;5;2.3;47.2;
2017-11-30;9;137.6;148;45.4;248.9;5.8;null;14.8;1013;1012;31.7;27;22.3;71.1;3.7;2.3;46.7;
2017-12-31;14;136.4;164;38.4;256.8;5.8;null;30.3;1012.5;1011.6;32.2;27.5;22.9;72.1;5;2.3;46.7;
2018-01-31;14;119.5;159.4;153.8;236.7;6.4;20;153.6;1012.8;1011.9;31.4;27.3;22.8;72.7;3.7;2.2;46.7;
2018-02-28;14;80.1;136.9;136.9;185.4;6.6;19;146.2;1012;1011.1;31.4;27.1;23;77.2;4;1.8;47.1;
2018-03-31;14;81.4;147.2;123.4;194.7;6.1;16;120.6;1012.3;1011.4;31.6;27;22.7;76.7;3.3;1.6;45.3;
2018-04-30;0;40.7;121.3;121.3;135.8;7.9;27;484;1013.3;1012.3;29.7;25.8;22.6;85.6;5;1.1;45.7;
2018-05-31;14;58;121.7;121.7;203.5;6.8;27;231.6;1014.2;1013.4;29.9;25.7;21.8;82.6;3.5;1.4;46.3;
2018-06-30;14;67.8;99.4;99.4;203.7;6.1;25;143;1016.4;1015.5;29;24.5;20.6;83;5;1.5;46.9;
2018-07-31;18;75.2;96.1;96.1;173.7;6.6;21;135.3;1016.6;1015.8;28.1;24;20.2;82.3;4.3;1.7;46.4;
2018-08-31;14;85.2;103;102.9;207.6;6.7;21;98.4;1017.2;1016.4;28.5;24.4;20.3;80;5;2;46.7;
2018-09-30;14;86;119.4;101.7;206.7;6.8;17;58.5;1015.2;1014.3;28.9;25.2;21.1;78.1;5;2.2;47;
2018-10-31;14;108.4;145;60;243.1;5.7;8;23.8;1013.9;1013;30.6;26.6;22.3;72.4;5;2.3;46.7;
2018-11-30;14;133.7;153.6;48.3;226.4;6.2;13;37.8;1013.1;1012.1;31.4;27.2;23.1;71.9;3.7;2.4;47.4;
2018-12-31;14;123.6;161.9;77.3;247.7;6.2;13;74.5;1013.5;1012.6;31.7;27.3;22.7;72;5;2.1;47.1;
2019-01-31;14;107.3;153.6;141.5;210.8;6.2;19;141.3;1014;1013.1;31;26.9;22.7;77.2;3.8;2;46.3;
2019-02-28;14;72;143.9;116.5;177.1;6.5;17;117.1;1012.4;1011.5;31.3;27.3;23.2;80.7;3.6;1.3;46.9;
2019-03-31;14;79.3;156.6;156.6;189.4;6.3;19;158.9;1012.7;1011.8;31.9;27.3;22.8;81.6;3.6;1.3;46.5;
2019-04-30;0;75.8;136.2;136.2;210.2;6.1;21;290.8;1012.4;1011.7;31;26.6;22.1;85.3;3.3;1;47.4;
2019-05-31;14;60.4;129.9;129.9;194.7;6.8;20;213.5;1013.2;1012.3;30.5;26.1;21.6;87.2;3.3;1;46.6;
2019-06-30;14;69.2;106.4;106.4;189.2;6.3;26;463.4;1015.9;1015;29.2;25;20.3;84;4.3;1.3;46.4;
2019-07-31;14;50.9;96.1;96.1;168;7.4;27;432;1016.1;1015.2;28.4;24;19.6;88.6;3;1.3;46.7;
2019-08-31;14;74.6;98.8;98.8;170.6;7.2;23;183;1018.1;1017.1;28.2;24.1;19.3;84.9;3.7;1.7;47.1;
2019-09-30;14;null;110.2;110.2;203;6.6;16;109.5;1016.2;1015.4;29;25.1;20.3;82;3.7;1.7;46.2;
2019-10-31;14;104.1;129.1;109.7;247.5;6.6;15;59.2;1014.4;1013.5;29.9;25.8;20.9;78.7;3.5;1.8;46.6;
2019-11-30;14;121.8;148;42;276.6;4.9;3;4.5;1012.7;1011.8;31.5;27;22;69;3.3;2.2;47.4;
2019-12-31;9;128.6;null;null;275.2;5.2;11;22.2;1012.9;1011.9;31.8;27.3;22;67.9;4.2;1.9;46.7;
2020-01-31;9;131.6;null;null;239.8;6;13;56.6;1012.7;1011.8;32.1;27.8;22.6;70.8;4;1.8;46.7;
2020-02-29;9;105.5;null;null;212.3;6.1;18;84.5;1012.6;1011.7;32.1;27.8;22.6;73.7;3.3;1.3;47.1;
2020-03-31;0;89.9;null;null;204.4;5.9;15;155;1012;1011.2;32.3;27.7;22.5;76.6;3.3;1;46.8;
2020-04-30;0;67.4;null;null;192.7;5.8;20;256;1012.9;1012;31.2;26.8;21.9;82.8;3;.8;46.6;
2020-05-31;0;59.7;null;null;171.3;6.4;24;247.1;1014.4;1013.5;30;25.9;21.4;86.1;3.3;.8;47;
2020-06-30;0;62.2;null;null;148.6;6;26;330.2;1015;1014.1;29.3;25;20.4;83.3;5;1;48.7;
2020-07-31;14;63.5;null;null;182.7;5.6;23;186.6;1015.5;1014.6;28.7;24.1;19.1;81.4;5;1.2;46.3;
2020-08-31;14;81.2;null;null;null;5.1;16;109;1016.1;1015.2;28.2;null;18.8;null;5;1.9;60;

